Time (h),S,DO2,O2,P,V,Wt,pH,T,Q,CO2outgas,Fg,RPM,Fpaa,Fs,Fa,Fb,Fc,Foil,Fh,Fw,pressure,Fremoved,Control_ref,PAT_ref,Batch_ref,OUR,CER,NH3_offline,Viscosity_offline,PAA_offline,P_offline,X_offline,Fault flag,Batch ID
0.2,1.0039590665034768,14.71500408406626,0.19858561194861993,8.114538086906066e-28,57975.60167490407,62659.38645926306,6.462760584066233,297.767794337846,124.50303435144235,0.0804771297691919,30.0,100.0,5.0,8.0,0.0,18.367771141971545,0.0001,22.0,139.81526996911953,0.0,0.6,0.0,0.0,1.0,1.0,0.3427037412839646,0.029614730358007678,,,,,,0.0,1
0.4,1.0615292371706775,14.692486242360529,0.2050885116151185,8.109832027659528e-28,57979.52503099168,62667.7887798101,6.492150163560451,297.89925118563855,159.56122155957848,0.09036683320242182,30.0,100.0,5.0,8.0,0.0,32.75860201791545,0.0001,22.0,46.441232430800284,0.0,0.6,0.0,0.0,1.0,1.0,-0.004498691972845296,0.03325831468705069,,,,,,0.0,1
0.6000000000000001,1.1183963046221026,14.685232262644208,0.20662182671513032,1.8776246592043697e-22,57983.9345783803,62676.68215339052,6.524840035885239,297.86726430225787,151.0299579984841,0.09354746459514093,30.0,100.0,5.0,8.0,0.0,35.26150519252608,0.0001,22.0,0.0001,0.0,0.6,0.0,0.0,1.0,1.0,-0.08730276743736903,0.034430328517276974,,,,,,0.0,1
0.8,1.1741907093516273,14.6753132484676,0.20695365205406238,1.8765883691107867e-22,57986.21169845032,62683.44419757736,6.544669065028218,298.0802440957579,207.8379517590998,0.09538667533187507,30.0,100.0,5.0,8.0,0.0,24.729594694631885,0.0001,22.0,69.00751651076885,0.0,0.6,0.0,0.0,1.0,1.0,-0.10539406171863253,0.035108093691508524,,,,,,0.0,1
1.0,1.2290026789099178,14.654781163288547,0.20692288170956924,1.8756690814382722e-22,57984.78329247155,62686.50565650612,6.5360919605375365,297.9944243635625,184.94689083852998,0.09699851796468603,30.0,100.0,5.0,8.0,0.0,6.291728214457642,68.74044171753877,22.0,6.900751651076885,0.0,0.6,0.0,0.0,1.0,1.0,-0.10391483814059245,0.03570209840698124,,,,,,0.0,1
1.2,1.28274929169432,14.633931385535815,0.20680233997009068,1.8747933836423929e-22,57982.11866528028,62688.3346041363,6.51710619943327,297.9255652577911,166.58025377613347,0.09862079956053711,30.0,100.0,5.0,8.0,0.0,0.0,40.544439249785825,22.0,0.6900751651076886,0.0,0.6,0.0,0.0,1.0,1.0,-0.09759693169589723,0.0362999752988116,,,,,,0.0,1
1.4000000000000001,1.3349523921738327,14.608210255773729,0.2066217838270317,1.8739127760130464e-22,57979.442107375005,62690.1461509815,6.498877651707344,298.07965490551305,207.67882626728777,0.10030609864820093,30.0,100.0,5.0,8.0,0.0,0.0,12.163331774935747,22.0,54.63418637411647,0.0,0.6,0.0,0.0,1.0,1.0,-0.08805363278931642,0.03692110343213167,,,,,,0.0,1
1.6,1.385154668539287,14.597962959290767,0.2065562782765286,1.8730274780818687e-22,57976.754621472704,62691.937432161285,6.481273600459709,298.0049423004302,187.7522657166179,0.1020704659305765,30.0,100.0,5.0,8.0,0.0,0.0,63.049400699458936,22.0,5.463418637411647,0.0,0.6,0.0,0.0,1.0,1.0,-0.08472074597011073,0.037571401856932585,,,,,,0.0,1
1.8,1.4337176136022063,14.582317528500504,0.2064715619876773,1.2272355995758901e-22,57975.479859407686,62695.13455624363,6.475030708530692,297.9390594833062,170.18107244281506,0.10391225878121349,30.0,100.0,5.0,8.0,0.0,6.963001754071664,39.10493854469032,22.0,0.5463418637411647,0.0,0.6,0.0,0.0,1.0,1.0,-0.08036203537780594,0.038250269118001966,,,,,,0.0,1
2.0,1.4807806339799818,14.565327776474945,0.20637155831123416,1.226586253734395e-22,57976.079339574084,62700.198815272684,6.481665948608461,298.09067486114634,210.61775818381489,0.10582588553777117,30.0,100.0,5.0,8.0,0.0,16.395322622117106,11.731481563407096,22.0,52.379735749917494,0.0,0.6,0.0,0.0,1.0,1.0,-0.07518873098703385,0.03895564813519148,,,,,,0.0,1
2.2,1.5265695970162616,14.548133889032867,0.20627159542372764,0.001,57978.020730829965,62706.60927638394,6.496801058720056,298.01605919598796,190.7166326131732,0.10781233024161133,30.0,100.0,5.0,8.0,0.0,23.15964088146142,62.24763867066465,22.0,5.2379735749917495,0.0,0.6,0.0,0.0,1.0,1.0,-0.0700267744387215,0.03968790562033376,,,,,,0.0,1
2.4000000000000004,1.5713750075367467,14.53020002475824,0.20616683112955814,0.0009994482714010418,57980.12189316211,62713.19039441543,6.512848708446879,297.9569468765528,174.9496976167845,0.10987207498257343,30.0,100.0,5.0,8.0,0.0,23.86454738191112,38.76842615021169,22.0,0.523797357499175,0.0,0.6,0.0,0.0,1.0,1.0,-0.0646155420720222,0.04044722346441386,,,,,,0.0,1
2.6000000000000005,1.614749984542386,14.493745421005068,0.20591248840386522,0.0009989189758111262,57981.09442501066,62718.641963434195,6.520324866921093,297.9200558221846,165.10940072907746,0.11200390498275388,30.0,100.0,5.0,8.0,0.0,18.154078366298936,19.536513283323494,22.0,0.0523797357499175,0.0,0.6,0.0,0.0,1.0,1.0,-0.051164984877143306,0.04123315815515335,,,,,,0.0,1
2.8000000000000003,1.6564287327396574,14.46398893818299,0.20568842127476222,0.0009984190237793823,57980.32284797294,62722.34632627496,6.514502727209054,298.014259482821,190.23765613452287,0.1142117862927635,30.0,100.0,5.0,8.0,0.0,9.474426130428697,5.860953984997048,22.0,31.81458529807238,0.0,0.6,0.0,0.0,1.0,1.0,-0.03935857583396787,0.04204717639428807,,,,,,0.0,1
3.0000000000000004,1.6966210077606685,14.443980032762251,0.2055450098319126,0.000997939463679922,57978.27911659335,62724.78138322437,6.498785527049717,297.96919274149184,178.21647876937476,0.11649978840427774,30.0,100.0,5.0,8.0,0.0,3.1475685963030866,35.63999314422855,22.0,3.181458529807238,0.0,0.6,0.0,0.0,1.0,1.0,-0.031901953472743674,0.04289078352202064,,,,,,0.0,1
3.2,1.7347489567955958,14.41837695397594,0.20539782148170313,0.0009974601252652243,57976.24042638184,62727.220109506205,6.483266551324594,297.9378459252584,169.85513440439556,0.11887883121127923,30.0,100.0,5.0,8.0,0.0,3.117708489614309,19.920170536685724,22.0,0.31814585298072384,0.0,0.6,0.0,0.0,1.0,1.0,-0.02425470964117295,0.04376801145230896,,,,,,0.0,1
3.4000000000000004,1.785578530732592,14.38371614268677,0.20515894049260527,0.0009969338302108356,57976.825564798426,62732.74212519783,6.477357467696198,298.0333611403274,195.33265456288441,0.12135211167382641,30.0,100.0,5.0,15.0,0.0,9.282305346002323,5.976051161005717,22.0,30.48834502275607,0.0,0.6,0.0,0.0,1.0,1.0,-0.011695497757512647,0.04468004535756322,,,,,,0.0,1
3.6000000000000005,1.8350599904793548,14.374914322695204,0.2051154858459799,0.0009963777866275158,57979.10395806162,62739.9662911945,6.483821603376764,297.9911419735552,184.07073550325484,0.12391309624811785,30.0,100.0,5.0,15.0,0.0,17.786722714693333,36.833123678746105,22.0,3.048834502275607,0.0,0.6,0.0,0.0,1.0,1.0,-0.009644397946232636,0.04562448244033573,,,,,,0.0,1
3.8000000000000003,1.8831350029699279,14.34673756861148,0.20496048618970383,0.0009958037488169737,57982.572483509175,62748.39346263644,6.49717589043631,297.96157437235775,176.18307658346043,0.12656050675824435,30.0,100.0,5.0,15.0,0.0,23.68778429022407,22.80218979161124,22.0,0.30488345022756075,0.0,0.6,0.0,0.0,1.0,1.0,-0.0016142849778982046,0.046600857761723125,,,,,,0.0,1
4.0,1.9294123715079707,14.325099326815973,0.2048355383442203,0.0009952299427344205,57986.15883448991,62756.92744422141,6.511218334573893,297.9474499572803,172.4148532258501,0.12929082682933798,30.0,100.0,5.0,15.0,0.0,24.24759568603115,12.585835137595652,22.0,0.030488345022756075,0.0,0.6,0.0,0.0,1.0,1.0,0.004791409772538542,0.04760788092776559,,,,,,0.0,1
4.2,1.9742471600174523,14.293469965300496,0.20464169175011995,0.000994673810682527,57988.72587338507,62764.44752031736,6.518360940379057,298.01753188128237,191.11324938452444,0.13210523644666103,30.0,100.0,5.0,15.0,0.0,19.192285862491296,3.775750541278695,22.0,19.9412679054024,0.0,0.6,0.0,0.0,1.0,1.0,0.014882463599920152,0.04864599372632987,,,,,,0.0,1
4.4,2.0433547246093475,14.246299194809206,0.2044051039846402,0.0009941443940684645,57989.70680696781,62771.786318807965,6.51233563691467,297.9941524367298,184.87512352590323,0.13501382756905847,30.0,100.0,5.0,15.0,0.0,11.295470723155274,26.08932083308413,30.0,1.99412679054024,0.0,0.6,0.0,0.0,1.0,1.0,0.02725054598680467,0.04971892588277436,,,,,,0.0,1
4.6000000000000005,2.110959919808292,14.202749094277541,0.2041099174115786,0.0009936337139976282,57989.60167870877,62778.05829074425,6.497605220519415,297.9788074577023,180.78064566732016,0.13802708830675778,30.0,100.0,5.0,15.0,0.0,5.837882826679765,18.155243580519127,30.0,0.19941267905402402,0.0,0.6,0.0,0.0,1.0,1.0,0.042740361285265836,0.05083055464055656,,,,,,0.0,1
4.800000000000001,2.176003640038814,14.165805663440057,0.20385832986273283,0.0009931209354329673,57989.58746668612,62784.4160457001,6.483954391106964,297.97342348786015,179.34402093710838,0.14114921171977374,30.0,100.0,5.0,15.0,0.0,6.277737173953624,12.817288027551783,30.0,0.019941267905402404,0.0,0.6,0.0,0.0,1.0,1.0,0.05587362966801132,0.05198243615354853,,,,,,0.0,1
5.000000000000001,2.238914434005053,14.131154954594654,0.20363862942059888,0.0009925875388126237,57990.75078125987,62791.96055640581,6.478915630363515,297.97564086836815,179.9357156598613,0.1443824580392056,30.0,100.0,5.0,15.0,0.0,12.163379551018725,10.280185438545672,30.0,0.0019941267905402406,0.0,0.6,0.0,0.0,1.0,1.0,0.06728107059234704,0.05317541422339826,,,,,,0.0,1
5.2,2.298948457472087,14.101073685971446,0.20346563900080236,0.0009920274256292282,57993.48941176515,62801.06120581077,6.485528350569869,297.9803472973301,181.19166818860904,0.1477276004379029,30.0,100.0,5.0,15.0,0.0,20.045785568417738,10.08894228237746,30.0,0.00019941267905402408,0.0,0.6,0.0,0.0,1.0,1.0,0.07617228788680543,0.05440978453192997,,,,,,0.0,1
5.4,2.3572889355667175,14.056336680524867,0.20318368507978,0.0009914675398233182,57996.26979256948,62810.21802249176,6.497565566956622,297.9871114450794,182.9968721974529,0.15118681020122723,30.0,100.0,0.0,15.0,0.0,25.264362117748316,10.782562484256417,30.0,0.0001,0.0,0.6,0.0,0.0,1.0,1.0,0.09087405140179941,0.05568635919992913,,,,,,0.0,1
5.6000000000000005,2.41314394048537,14.013148862052368,0.20290401359862548,0.000990907355601489,57999.12938795098,62819.454017944896,6.509950888705367,297.9955705884343,185.25459812056758,0.15476208124794533,30.0,100.0,0.0,15.0,0.0,25.672621687853436,12.343918890417982,30.0,0.0001,0.0,0.6,0.0,0.0,1.0,1.0,0.10543212989869077,0.05700588554620859,,,,,,0.0,1
5.800000000000001,2.467677455861929,13.97532014355714,0.2026655531926321,0.0009903633562149392,58001.0774687131,62827.80606325981,6.513147391678238,298.00343032269194,187.35247650265356,0.15844681200983715,30.0,100.0,0.0,15.0,0.0,21.127163800587805,14.728271430220403,30.0,0.0001,0.0,0.6,0.0,0.0,1.0,1.0,0.11776898225131188,0.05836593875925429,,,,,,0.0,1
6.000000000000001,2.5209324690619233,13.944923512048664,0.2025038961911025,0.0009898391016298167,58001.86378185501,62835.01982726277,6.507792867276703,298.0109387472597,189.35668624048265,0.16224533812444958,30.0,100.0,0.0,15.0,0.0,15.33029502500576,17.21033324022936,30.0,0.0001,0.0,0.6,0.0,0.0,1.0,1.0,0.12598801235283097,0.05976813102709879,,,,,,0.0,1
6.2,2.5716128662927473,13.91165221924396,0.20234627455864002,0.0009893266642253202,58001.91819661025,62841.48903646438,6.4966304643010035,298.01740533540016,191.08285805625775,0.16615569626431795,30.0,100.0,0.0,15.0,0.0,11.680837756793286,19.8704288101123,30.0,0.0001,0.0,0.6,0.0,0.0,1.0,1.0,0.13397706545871246,0.061211749979365966,,,,,,0.0,1
6.4,2.620215239125561,13.874542615204195,0.2021511873532948,0.0009888106084448625,58002.134955093505,62848.12935499532,6.486610899290137,298.02440912814143,192.95248617149878,0.17017699854617807,30.0,100.0,0.0,15.0,0.0,12.50223606611083,22.455291556558834,30.0,0.0001,0.0,0.6,0.0,0.0,1.0,1.0,0.14395017393743612,0.0626964804113564,,,,,,0.0,1
6.6000000000000005,2.6669946115068592,13.828774896845283,0.201884751918625,0.0009882776121569127,58003.31349345197,62855.74412491742,6.482532697395732,298.03152336480724,194.8516767996814,0.17431248246808273,30.0,100.0,0.0,15.0,0.0,17.321524595797023,25.475800718750136,30.0,0.0001,0.0,0.6,0.0,0.0,1.0,1.0,0.1577106674138938,0.06422353074361513,,,,,,0.0,1
6.800000000000001,2.711263322972114,13.77965742981003,0.20158455407137096,0.0009877227590047181,58005.7779474366,62864.64739437613,6.4856013596366395,298.03753228967145,196.45589947077775,0.17857215086437941,30.0,100.0,0.0,15.0,0.0,23.761209897890694,28.793026228199878,30.0,0.0001,0.0,0.6,0.0,0.0,1.0,1.0,0.17324857400205668,0.06579660883420678,,,,,,0.0,1
7.000000000000001,2.7524664460274986,13.732741948122154,0.20130694572115196,0.0009871508988053568,58009.281610760336,62874.58827317777,6.494602434179301,298.041035074711,197.39113207188245,0.18296716118562245,30.0,100.0,0.0,15.0,0.0,28.965235830118957,31.994874711628356,30.0,0.0001,0.0,0.6,0.0,0.0,1.0,1.0,0.1875593894261634,0.06741985107454439,,,,,,0.0,1
7.2,2.7899038156721963,13.685783746315922,0.20106972854834293,0.0009865745262126208,58013.10255492714,62884.83278375352,6.503511357135232,298.0481729202172,199.29708522116363,0.18751792925062383,30.0,100.0,0.0,15.0,0.0,30.561089097026482,34.565729476463744,30.0,0.0001,0.0,0.6,0.0,0.0,1.0,1.0,0.19969614243201858,0.06910081631243331,,,,,,0.0,1
7.4,2.8250997594087357,13.646273955643283,0.20086025113571826,0.0009860055983128594,58016.52938271526,62894.685900678254,6.510387236514188,298.0542188897552,200.9116378683144,0.19220965135535906,30.0,100.0,0.0,15.0,0.0,28.60143714224941,38.540830589980246,30.0,0.0001,0.0,0.6,0.0,0.0,1.0,1.0,0.21033674988614234,0.07083405584667705,,,,,,0.0,1
7.6000000000000005,2.8568692291591065,13.584952801846631,0.20052524431147004,0.0009854530770822257,58019.01198732204,62903.589227314325,6.509646004307121,298.0586146206242,202.0856004309685,0.1970431467611917,30.0,100.0,0.0,15.0,0.0,23.88896141435691,42.37964074743171,30.0,0.0001,0.0,0.6,0.0,0.0,1.0,1.0,0.2276297958965378,0.0726198915178508,,,,,,0.0,1
7.800000000000001,2.8851092829260607,13.524921474268135,0.20016848684303096,0.0009849153264192998,58020.61404436918,62911.605838597396,6.502294364510477,298.0618583674285,202.95196469486146,0.20202999755541645,30.0,100.0,0.0,15.0,0.0,19.492480823483998,45.88403149152877,30.0,0.0001,0.0,0.6,0.0,0.0,1.0,1.0,0.24604903533760328,0.07446262322096886,,,,,,0.0,1
8.0,2.910089751053598,13.475854983283206,0.19989790949584654,0.0009843819848702397,58021.92535769614,62919.325773705656,6.492413692967406,298.0643153802299,203.60824330824127,0.20717187182016797,30.0,100.0,0.0,15.0,0.0,18.04341289060926,49.16820443089814,30.0,0.0001,0.0,0.6,0.0,0.0,1.0,1.0,0.25986485504772444,0.07636288959534601,,,,,,0.0,1
8.2,2.9324716949375453,13.410316092486877,0.1995296800463961,0.0009838396207201934,58023.73580039258,62927.57315042892,6.485471149153277,298.0705275555919,205.26763672909945,0.21247574756102033,30.0,100.0,0.0,15.0,0.0,20.546173851154073,52.311234524922796,30.0,0.0001,0.0,0.6,0.0,0.0,1.0,1.0,0.2788342265182042,0.07832329308269702,,,,,,0.0,1
8.4,2.9522429837459914,13.525316469169347,0.2018575876541308,0.000983279080440464,58026.59826508758,62936.89115364847,6.482265889185853,298.0780847330598,207.28645701380748,0.17155877861672336,42.0,100.0,0.0,15.0,0.0,25.816754078681598,56.84783418742707,30.0,0.0001,0.0,0.6,0.0,0.0,1.0,1.0,0.22323756718188373,0.08848936888018505,,,,,,0.0,1
8.6,2.969220154348158,13.472670092163343,0.201996252062965,0.0009826965057381416,58030.7697764841,62947.52391991427,6.485096602970082,298.0804010844119,207.90531637560468,0.17045975650738152,42.0,100.0,0.0,15.0,0.0,32.37049320247574,62.05325243333529,30.0,0.0001,0.0,0.6,0.0,0.0,1.0,1.0,0.21305472656131588,0.08792123916257005,,,,,,0.0,1
8.799999999999999,2.982294759692926,13.422382384046534,0.20183541619951162,0.0009820964552330323,58036.02253088262,62959.223735754844,6.493390348159199,298.08030818698825,207.88051275874852,0.1740454951473082,42.0,100.0,0.0,15.0,0.0,37.78062588621913,65.72389230853655,30.0,0.0001,0.0,0.6,0.0,0.0,1.0,1.0,0.22451678419024793,0.08977491492378735,,,,,,0.0,1
9.0,2.9925494914669035,13.375465662383967,0.2016869833931134,0.000981490468619851,58041.69108185223,62971.3708509109,6.503655251388949,298.0833400402109,208.69074726150544,0.17824592427313954,42.0,100.0,0.0,15.0,0.0,39.86439403824194,68.68951072768108,30.0,0.0001,0.0,0.6,0.0,0.0,1.0,1.0,0.23495742099622466,0.09194657992730391,,,,,,0.0,1
9.2,2.999118067442163,13.305351700884458,0.201346138146347,0.0009808924145389515,58046.954202305955,62983.11087948736,6.511075091628037,298.08151874731243,208.2039892107799,0.18262235055403822,42.0,100.0,0.0,15.0,0.0,37.840268074911,72.7477538322277,30.0,0.0001,0.0,0.6,0.0,0.0,1.0,1.0,0.25971387239442595,0.09420948999245035,,,,,,0.0,1
9.4,3.001072508312154,13.227672876686055,0.20094518008556034,0.000980311970930608,58051.22044149113,62993.83323207569,6.511985810961939,298.07834330461066,207.35519844905318,0.18714081185054454,42.0,100.0,0.0,15.0,0.0,32.854318284587386,75.22192039099902,30.0,0.0001,0.0,0.6,0.0,0.0,1.0,1.0,0.28890726871346867,0.09654611246827549,,,,,,0.0,1
9.6,2.998420406515513,13.164420789194825,0.2006637750105447,0.0009797496843079057,58054.41862938121,63003.47141144823,6.5060177348075525,298.08025539558713,207.86637880853314,0.19179738613893238,42.0,100.0,0.0,15.0,0.0,27.515181210952235,77.19700537984134,30.0,0.0001,0.0,0.6,0.0,0.0,1.0,1.0,0.3091583277142585,0.09895444478088673,,,,,,0.0,1
9.8,2.991572684965153,13.089411820449659,0.20029212233435412,0.0009791967520742973,58057.02639783396,63012.50579812594,6.494791349368353,298.0894488595941,210.32433919105821,0.1965885747137502,42.0,100.0,0.0,15.0,0.0,24.572746092820395,80.81836650988815,30.0,0.0001,0.0,0.6,0.0,0.0,1.0,1.0,0.33608845927911474,0.10143270314333586,,,,,,0.0,1
10.0,2.9791348358608505,13.014439402491771,0.19999892751374737,0.000978637550159832,58059.94187336001,63021.83617226895,6.483043244775808,298.1047313890512,214.41064870229116,0.20154263029564293,42.0,100.0,0.0,15.0,0.0,26.13034157351723,86.98534824448156,30.0,0.0001,0.0,0.6,0.0,0.0,1.0,1.0,0.35714321349621275,0.10399553028932072,,,,,,0.0,1
10.2,2.9613120245344344,12.943070907752686,0.1997138039518091,0.0009780564539806445,58064.10387562741,63032.39838404803,6.478168227732494,298.1202171948263,218.5517731016447,0.20666641025683563,42.0,100.0,0.0,15.0,0.0,32.38654468157976,95.54320216191552,30.0,0.0001,0.0,0.6,0.0,0.0,1.0,1.0,0.37756054066561745,0.10664650705220907,,,,,,0.0,1
10.4,2.9391170748149196,12.867664053245438,0.19938007655727405,0.0009774477364641251,58069.89980292075,63044.60407865128,6.480661823104646,298.1277538025556,220.56746217916606,0.21194999830650849,42.0,100.0,0.0,15.0,0.0,40.574383616163104,104.69861327281204,30.0,0.0001,0.0,0.6,0.0,0.0,1.0,1.0,0.4015489334664946,0.10938053705684264,,,,,,0.0,1
10.6,2.9108343690435166,12.769007770931172,0.19891608991559748,0.0009768153318147036,58077.12892403309,63058.24289229848,6.486684214811539,298.14078414950717,224.05306452540864,0.21742505331917023,42.0,100.0,0.0,15.0,0.0,47.75958765234042,111.69074420210076,30.0,0.0001,0.0,0.6,0.0,0.0,1.0,1.0,0.435148797704863,0.11221404009484733,,,,,,0.0,1
10.8,2.878277172958296,12.69460021195634,0.19859075519503794,0.00097616748292654,58085.3103633401,63072.83757457754,6.494535933315155,298.15180463232565,227.00156145749884,0.22306483905420704,42.0,100.0,0.0,15.0,0.0,52.540516774742954,120.92045693825209,30.0,0.0001,0.0,0.6,0.0,0.0,1.0,1.0,0.45842210545811785,0.1151332188349195,,,,,,0.0,1
11.0,2.8410752470563367,12.616835627177604,0.19827270895926577,0.0009755148701771866,58093.814597906225,63087.76461626008,6.502492873464908,298.16575108057975,230.73362599475303,0.22886867608209494,42.0,100.0,0.0,15.0,0.0,54.17631598556715,129.90420151501007,30.0,0.0001,0.0,0.6,0.0,0.0,1.0,1.0,0.481116169709962,0.11813775920413223,,,,,,0.0,1
11.2,2.7992640624096565,12.544868602671444,0.1980063000043011,0.0009748683816274978,58102.00668260992,63102.37422459178,6.508520434236078,298.16108969959765,229.48604432367657,0.23482865510756581,42.0,100.0,0.0,15.0,0.0,52.62480210997219,140.32574625374886,30.0,0.0001,0.0,0.6,0.0,0.0,1.0,1.0,0.49995305173591026,0.12122360439113895,,,,,,0.0,1
11.4,2.7519908185264716,12.457970516513852,0.19767209555045648,0.0009742360090902294,58109.40549566423,63116.184349092015,6.511417188970685,298.1639634394973,230.25538800082683,0.2409573203642421,42.0,100.0,0.0,15.0,0.0,48.66120400239543,144.82863697475943,30.0,0.0001,0.0,0.6,0.0,0.0,1.0,1.0,0.5237671945322521,0.12439728863080085,,,,,,0.0,1
11.6,2.6977951413136454,12.37191791289787,0.19743406841026268,0.0009736213033304934,58115.78073425866,63128.95153339952,6.507091215823797,298.152330934062,227.14083183752788,0.24728762539833435,42.0,100.0,0.0,15.0,0.0,43.539251787655935,151.8959013324183,30.0,0.0001,0.0,0.6,0.0,0.0,1.0,1.0,0.5404308198385794,0.12767592282151358,,,,,,0.0,1
11.8,2.6373104800155014,12.272468463764708,0.1970672592380561,0.0009730179570598946,58121.482334266024,63141.03232179704,6.499725412575422,298.1533442137137,227.4122190881482,0.25383031909045733,42.0,100.0,0.0,15.0,0.0,40.16701370942115,154.00976288913122,30.0,0.0001,0.0,0.6,0.0,0.0,1.0,1.0,0.5665644332199106,0.13106512732668055,,,,,,0.0,1
12.0,2.5683340308467604,12.154869468749387,0.19658127716910775,0.0009724156342964885,58127.098388558166,63152.994344328676,6.4868589048985905,298.14734342244986,225.80501028419934,0.2606192304132913,42.0,100.0,0.0,15.0,0.0,39.73733178567417,160.15899818706225,30.0,0.0001,0.0,0.6,0.0,0.0,1.0,1.0,0.6014314738419309,0.13458248703601577,1783.7967482620472,8.063928611195989,1519.2999187465223,0.0009843819848702397,1.3323362755682515,0.0,1
12.2,2.493352665281208,12.045589175763581,0.19607811512141776,0.0009717968389232317,58133.661537740205,63165.87958273261,6.4756863629631916,298.1556557339599,228.03178100039352,0.26761018954502536,42.0,100.0,0.0,15.0,0.0,44.478668056863285,163.83153361791665,30.0,0.0001,0.0,0.6,0.0,0.0,1.0,1.0,0.6374982563716415,0.13820517908167895,,,,,,0.0,1
12.4,2.440637037665966,11.929049841585647,0.19550329990548246,0.0009710965582213225,58145.06145854037,63184.517851408535,6.467822120166749,298.1632550284575,230.06808282441924,0.2748339253417509,42.0,100.0,0.0,30.0,0.0,53.679366226490345,172.26966536523372,30.0,0.0001,0.0,0.6,0.0,0.0,1.0,1.0,0.6787634476800432,0.14194918892174122,,,,,,0.0,1
12.6,2.3804224944002885,11.830782383178404,0.19510012417782494,0.0009703548203910644,58158.927099226166,63205.58528873259,6.46368405976022,298.17633388639877,233.5736697274537,0.28227342155687707,42.0,100.0,0.0,30.0,0.0,66.02966531924949,180.66616965407556,30.0,0.0001,0.0,0.6,0.0,0.0,1.0,1.0,0.7073348638379291,0.1458057629759181,,,,,,0.0,1
12.8,2.314414480235881,12.564623603949947,0.1947099985714899,0.0009695666113290445,58175.5903691661,63229.47394769105,6.4659903789245705,298.1869398877532,236.41728630028408,0.2899200891928954,42.0,100.0,0.0,30.0,0.0,80.03840177486259,191.24344450223242,30.0,0.0001,0.0,0.7,0.0,0.0,1.0,1.0,0.7348949488228685,0.1497705127581389,,,,,,0.0,1
13.0,2.2411503763738456,12.451139219065267,0.19433947708891605,0.0009687360038924529,58194.86490639286,63255.98889188139,6.475556617750725,298.18891953113507,236.94836305053582,0.2978241462932564,42.0,100.0,0.0,30.0,0.0,93.11267258341965,201.41694427491566,30.0,0.0001,0.0,0.7,0.0,0.0,1.0,1.0,0.7609584156806116,0.15386954844633197,,,,,,0.0,1
13.2,2.160794739356201,12.35341097506544,0.19401154360735623,0.0009678769052504349,58215.986321711316,63284.35286692487,6.488040614317496,298.17495244956234,233.20059605110237,0.3059804607190616,42.0,100.0,0.0,30.0,0.0,102.34590012458835,209.03062202223944,30.0,0.0001,0.0,0.7,0.0,0.0,1.0,1.0,0.7838447300920893,0.15810029047560822,,,,,,0.0,1
13.4,2.074812173720912,12.240577247273716,0.19353208323391233,0.0009670058285328609,58237.95530036331,63313.56295408862,6.4992490614933605,298.1725330008922,232.55121407397152,0.3143410456010854,42.0,100.0,0.0,30.0,0.0,106.58403861246464,211.2816139718489,30.0,0.0001,0.0,0.7,0.0,0.0,1.0,1.0,0.8177876086049736,0.1624379233851716,,,,,,0.0,1
13.6,1.9832276487810276,12.131653063781856,0.19311266073552846,0.000966137159861126,58259.87302000779,63342.754901299835,6.505332682623165,298.174593881523,233.10487381070647,0.32290816975127196,42.0,100.0,0.0,30.0,0.0,106.33834342268672,217.1123741510342,30.0,0.0001,0.0,0.7,0.0,0.0,1.0,1.0,0.847275064264449,0.1668836943053482,,,,,,0.0,1
13.8,1.8849555683614319,12.003150453264954,0.19262720579951648,0.0009652783517349735,58281.2519259759,63371.41319467288,6.5093920673607775,298.18705822044706,236.45408967612698,0.3316909336964606,42.0,100.0,0.0,30.0,0.0,103.66420868022696,224.3115113671366,30.0,0.0001,0.0,0.7,0.0,0.0,1.0,1.0,0.8815344339941107,0.1714423996006485,,,,,,0.0,1
14.0,1.7803631527934398,11.894919480126472,0.1922659388322798,0.0009644346042549809,58301.76274554755,63399.209943556496,6.5114794265106175,298.19944901664684,239.78504834822724,0.3407065395072053,42.0,100.0,0.0,30.0,0.0,99.35129130732622,235.14352224832373,30.0,0.0001,0.0,0.7,0.0,0.0,1.0,1.0,0.9066582872064789,0.17612304843903298,,,,,,0.0,1
14.2,1.667391057149215,11.759189053835913,0.19176991673035249,0.0009636084394932388,58321.238034116795,63425.94701942872,6.511293382590938,298.21219108008364,243.21187286923583,0.3499668768712315,42.0,100.0,0.0,30.0,0.0,94.20070817734715,246.33954766208242,30.0,0.0001,0.0,0.7,0.0,0.0,1.0,1.0,0.9415637433585445,0.1809319015150099,,,,,,0.0,1
14.4,1.543998918642685,11.603125875671255,0.19120604450929934,0.0009627989593422566,58339.68907334546,63451.6504462293,6.507717347825596,298.24421715913974,251.828575298386,0.3595446658227082,42.0,100.0,0.0,30.0,0.0,89.12593529069137,258.12196670053777,30.0,0.0001,0.0,0.7,0.0,0.0,1.0,1.0,0.9813341147145306,0.18590682853591992,,,,,,0.0,1
14.6,1.4119583074623658,11.445356989329575,0.19055370982115089,0.0009620011880297593,58357.40643004322,63476.60814981249,6.4987278633359535,298.25213932956297,253.96102491636435,0.36941646265262285,42.0,100.0,0.0,30.0,0.0,85.49007145847918,277.0325640022511,30.0,0.0001,0.0,0.7,0.0,0.0,1.0,1.0,1.0274543503717561,0.19103577172921965,,,,,,0.0,1
14.8,1.2726232203150645,11.30640056388517,0.189979938461467,0.0009612032479818321,58375.11605131683,63501.56708373924,6.487942352373257,298.25728064561014,255.34554553256407,0.37955406248398016,42.0,100.0,0.0,30.0,0.0,85.4684230073365,288.6836606730842,30.0,0.0001,0.0,0.7,0.0,0.0,1.0,1.0,1.0677662007512763,0.19630418990386625,,,,,,0.0,1
15.0,1.1250014355628144,11.152953405903148,0.18946216126725723,0.0009603910242370092,58393.683411754624,63527.39827915716,6.475264907098019,298.25142198507723,253.76757306943279,0.38996814134671165,42.0,100.0,0.0,30.0,0.0,89.76298557440165,299.85322328979566,30.0,0.0001,0.0,0.7,0.0,0.0,1.0,1.0,1.1039287535616495,0.20171774373837395,,,,,,0.0,1
15.2,0.9685736971264541,11.010498848364977,0.18886838123579447,0.0009595483092492563,58414.12873580167,63555.09337446677,6.466647454061326,298.23547646270123,249.4705587031295,0.4006841905930826,42.0,100.0,0.0,30.0,0.0,99.14440259257148,307.44144974596867,30.0,0.0001,0.0,0.7,0.0,0.0,1.0,1.0,1.1455224819051049,0.20728980772359748,,,,,,0.0,1
15.4,0.803929279949371,10.868333526339086,0.1883298238376474,0.000958664117211047,58437.13767748247,63585.35248670533,6.462254901294157,298.2348993364394,249.3151401603535,0.411674451138015,42.0,100.0,0.0,30.0,0.0,111.96359735454757,311.41250892064136,30.0,0.0001,0.0,0.7,0.0,0.0,1.0,1.0,1.1830305688432432,0.21300607412997158,,,,,,0.0,1
15.6,0.630717228841174,10.712629500973629,0.18774889399919314,0.0009577326949263321,58463.06027491332,63618.51601419865,6.457959883633807,298.2374410913106,250.00095986410065,0.4229416919504014,42.0,100.0,0.0,30.0,0.0,126.54408180794015,320.16335912943066,30.0,0.0001,0.0,0.7,0.0,0.0,1.0,1.0,1.2235252164944361,0.2188681072679543,,,,,,0.0,1
15.8,0.44888551556204187,10.567913995828292,0.18722178491027183,0.0009567488394205233,58492.24409304984,63654.937833895085,6.456494580889244,298.2324292894838,248.64839927469896,0.4345212350675699,42.0,100.0,0.0,30.0,0.0,142.8607828447619,329.85331812342736,30.0,0.0001,0.0,0.7,0.0,0.0,1.0,1.0,1.2600434221622172,0.22489442042415736,,,,,,0.0,1
16.0,0.26348962382375896,10.456406714747937,0.1867213848719938,0.0009557115273085052,58524.807928591435,63694.765913722535,6.458351698012357,298.21210891107813,243.1603304642868,0.4463690327055233,42.0,100.0,0.0,30.0,0.0,159.75629445698198,337.0092242557908,30.0,0.0001,0.0,0.7,0.0,0.0,1.0,1.0,1.2945611510202433,0.23106222762143033,,,,,,0.0,1
16.2,0.08946425407879646,10.592138385553458,0.1868971459796827,0.0009546243105749331,58560.60937123707,63737.877833147424,6.461865245462066,298.1523702369463,227.01494006662367,0.4582935817041328,42.0,100.0,0.0,30.0,0.0,175.90497588665474,338.75238057518675,30.0,0.0001,0.0,0.7,0.0,0.0,1.0,1.0,1.2802607459809492,0.2372719186194015,,,,,,0.0,1
16.4,0.05205438113727274,10.756915383795773,0.1877493872239415,0.0009533464009514207,58608.37000215548,63796.71581544743,6.471381315589519,298.1131560566748,216.4076383472412,0.46984624427290583,42.0,100.0,0.0,75.0,0.0,190.64938569777905,326.24902500317563,35.0,0.0001,0.0,0.7,0.0,0.0,1.0,1.0,1.2170908994703868,0.2432897958752328,,,,,,0.0,1
16.6,0.03718893223109105,10.919358068153667,0.18856655924523266,0.0009520372277076717,58658.31601637093,63857.749307279555,6.484839325345469,298.10088190666875,213.08416853818946,0.4808544736537998,42.0,100.0,0.0,75.0,0.0,201.5617573475915,318.8820567509928,35.0,0.0001,0.0,0.7,0.0,0.0,1.0,1.0,1.1563875909764567,0.24902576407401905,,,,,,0.0,1
16.8,0.03283239232452992,10.96242821765027,0.1890946921398793,0.000950714517636943,58709.367055552895,63919.87194452432,6.4995869333189775,298.07500612566696,206.07180195620734,0.49143304039549296,42.0,100.0,0.0,75.0,0.0,207.08098314610478,319.1849334762377,35.0,0.0001,0.0,0.7,0.0,0.0,1.0,1.0,1.1166030954440256,0.25453940666630925,,,,,,0.0,1
17.0,0.030812077410021784,10.96100717085663,0.18932935174626306,0.0009493980420935028,58760.345706199936,63981.90342062034,6.513725424663417,298.03224486298564,194.47214319474944,0.5018233748433389,42.0,100.0,0.0,75.0,0.0,206.69119203988404,314.1329166557448,35.0,0.0001,0.0,0.7,0.0,0.0,1.0,1.0,1.0981191300647022,0.2599564253216919,,,,,,0.0,1
17.2,0.030209480980957094,10.903964414418793,0.18924107847943744,0.0009481056903788647,58810.11911684787,64042.79993160341,6.525557759226955,297.99865377240474,185.35172484379157,0.5121677165207031,42.0,100.0,0.0,75.0,0.0,200.63392803999494,302.3870791007123,35.0,0.0001,0.0,0.7,0.0,0.0,1.0,1.0,1.10310423738363,0.26535092746804967,,,,,,0.0,1
17.4,0.027362475982145102,10.901432713248672,0.18917927545382612,0.000946852229175333,58857.73624977614,64101.423929630386,6.535100722784378,297.97413499250223,178.6882665901764,0.5224926168084023,42.0,100.0,0.0,75.0,0.0,189.83365274602636,292.3280446823735,35.0,0.0001,0.0,0.7,0.0,0.0,1.0,1.0,1.1061685849468441,0.27073674618471294,,,,,,0.0,1
17.6,0.025994213870425387,10.873282781246743,0.18921427824775006,0.0009456491865418764,58902.4266095413,64157.110293640355,6.542161434984055,297.97370209794957,178.57048058731039,0.5327449721610467,42.0,100.0,0.0,75.0,0.0,175.20333530807662,284.0705152605428,35.0,0.0001,0.0,0.7,0.0,0.0,1.0,1.0,1.1022071784482574,0.2760861620268146,,,,,,0.0,1
17.8,0.025266767365076024,10.808872100262604,0.18906792662749453,0.0009445049743359493,58943.62410072044,64209.35903361388,6.54618067875325,297.95033988882494,172.21052693501062,0.5429850497305128,42.0,100.0,0.0,75.0,0.0,157.73975719333507,283.13511970797765,35.0,0.0001,0.0,0.7,0.0,0.0,1.0,1.0,1.1114291746261102,0.28143060357452293,,,,,,0.0,1
18.0,0.024533476944303387,10.728969680855752,0.1887812182635874,0.0009434242958176036,58981.00685760868,64257.85578204485,6.548353531662063,297.9458926288606,170.99892083158056,0.5532596781187992,42.0,100.0,0.0,75.0,0.0,138.66487478706304,274.092232942235,35.0,0.0001,0.0,0.7,0.0,0.0,1.0,1.0,1.130842008404769,0.28679451657464244,,,,,,0.0,1
18.2,0.023066501989625475,10.681031024635734,0.18857106420018074,0.0009423905565352671,59014.21615456255,64302.16156920812,6.546609174940752,299.0838733121531,481.2456474197131,0.5635698133672457,42.0,100.0,0.0,75.0,0.0,118.71408726250205,82.2276698826705,35.0,280.4073328782724,0.0,0.7,0.0,0.0,1.0,1.0,1.1446831396180348,0.292178415439503,,,,,,0.0,1
18.4,0.021913257457665442,10.633758074689638,0.1884734939619422,0.0009414066970682978,59043.45267679892,64342.463615985864,6.537074646822272,298.88839030580596,427.91852485518706,0.5738475828796858,42.0,100.0,0.0,75.0,0.0,99.47047739752516,472.83533365060106,35.0,28.040733287827244,0.0,0.7,0.0,0.0,1.0,1.0,1.1503523994977012,0.29754685867967884,,,,,,0.0,1
18.6,0.02083159897728777,10.570627429864091,0.18835357648985646,0.0009404784970772768,59069.66633238887,64379.77559855994,6.522076746436052,298.68112145473884,371.34402430510386,0.58414005238452,42.0,100.0,0.0,75.0,0.0,84.06706690019014,437.50409054187855,35.0,2.8040733287827244,0.0,0.7,0.0,0.0,1.0,1.0,1.1576419682247103,0.302924427231391,,,,,,0.0,1
18.8,0.02000172250287912,10.526830579895066,0.18822044827777137,0.0009395856504046961,59094.05372925632,64415.24738379861,6.505263716115803,298.51333777261044,325.52332627754913,0.594428416566055,42.0,100.0,0.0,75.0,0.0,74.67615679085442,400.7770959390517,35.0,0.28040733287827246,0.0,0.7,0.0,0.0,1.0,1.0,1.1658906217836191,0.30830129856773153,,,,,,0.0,1
19.0,0.020072304941773676,10.445475091499937,0.1879990376890468,0.0009387049357965269,59117.94682901537,64450.334719133,6.4879249646606025,298.40167337031784,295.01381093901836,0.6047412189794215,42.0,100.0,0.0,75.0,0.0,72.02090700066233,369.98829654046307,35.0,0.028040733287827246,0.0,0.7,0.0,0.0,1.0,1.0,1.1805408369091077,0.31369239489128076,,,,,,0.0,1
19.2,0.01969964835889712,10.38721279801877,0.1878516555783627,0.0009378130744559718,59142.7238709989,64486.35948312387,6.4741481256909275,298.3347600864098,276.72183169429877,0.6151267531307103,42.0,100.0,0.0,75.0,0.0,76.31888966659062,351.97262183836926,35.0,0.002804073328782725,0.0,0.7,0.0,0.0,1.0,1.0,1.1898076982564467,0.31912298317299315,,,,,,0.0,1
19.400000000000002,0.01932283197464713,10.340023759934144,0.1877041336783926,0.0009368924084446969,59169.481976223775,64524.406402346416,6.464703790274177,298.2594816661232,256.1320232677128,0.6255500602877909,42.0,100.0,0.0,75.0,0.0,86.13093554266321,344.7877732942102,35.0,0.0002804073328782725,0.0,0.7,0.0,0.0,1.0,1.0,1.1990785220483182,0.3245748076339842,,,,,,0.0,1
19.6,0.018795999795341287,10.325873980985033,0.18769052844411366,0.0009359314175079746,59198.9766390969,64565.16985131824,6.461895917133506,298.20012432059576,239.88746190568483,0.6359694224881226,42.0,100.0,0.0,75.0,0.0,99.72906552339673,331.87207116500326,35.0,0.0001,0.0,0.7,0.0,0.0,1.0,1.0,1.1986378892470735,0.3300260558586249,,,,,,0.0,1
19.8,0.018213787006617892,10.303144479953081,0.18766839638227167,0.0009349267413266535,59231.42536261243,64608.8847170875,6.467717250862427,298.1618804474031,229.41478361875102,0.6463761862735221,42.0,100.0,0.0,75.0,0.0,114.4456943957234,321.68893758981335,35.0,0.0001,0.0,0.7,0.0,0.0,1.0,1.0,1.1988173789153003,0.33547219753946017,,,,,,0.0,1
20.0,0.01758953469992262,10.283069519496125,0.18762958657172019,0.0009338861847698269,59266.35678597347,64655.05073456247,6.475972833769292,298.1246775412306,219.22039105795815,0.6567627633160699,42.0,100.0,0.0,75.0,0.0,126.81989290992745,316.4446434521488,35.0,0.0001,0.0,0.7,0.0,0.0,1.0,1.0,1.2002094763665423,0.3409092550733815,,,,,,0.0,1
20.2,0.01694616268457079,10.295508938889956,0.18779058369665788,0.0009328205922200279,59303.11359557305,64702.98387410135,6.4857257149649765,298.07823446034587,206.48505372620815,0.6670961511565973,42.0,100.0,0.0,75.0,0.0,135.90172709124795,309.9669866491897,35.0,0.0001,0.0,0.7,0.0,0.0,1.0,1.0,1.18711096501604,0.3463199376016154,,,,,,0.0,1
20.400000000000002,0.06359791393787706,9.293883272804521,0.18897647957222033,0.0009315050142646858,59355.90215072544,64771.84049760088,6.473600029380463,298.12670956256915,219.7907541981255,0.536331072510594,55.0,100.0,0.0,150.0,0.0,141.07345427318666,298.8985533363998,35.0,0.0001,0.0,0.7,0.0,0.0,1.0,1.0,1.4653479473343294,0.36399214204549174,,,,,,0.0,1
20.6,0.06475127185659774,9.058161481702816,0.18815572714211273,0.0009301575572859694,59410.692560904296,64842.61723749077,6.458038392799192,298.1740273779009,232.7904742248704,0.5385636443903121,55.0,100.0,0.0,150.0,0.0,151.18692342051995,318.90457897303645,35.0,0.0001,0.0,0.7,0.0,0.0,1.0,1.0,1.5429537130645297,0.36551799677695995,,,,,,0.0,1
20.8,0.06152452799909708,8.909827477831332,0.18763090521011738,0.0009287599274509016,59468.727368600215,64916.76661541076,6.445309992369527,298.1909310248529,237.43983073690944,0.5493284455171723,55.0,100.0,0.0,150.0,0.0,167.48437137302173,339.6172705921691,35.0,0.0001,0.0,0.7,0.0,0.0,1.0,1.0,1.590826899629461,0.37287646756496906,,,,,,0.0,1
21.0,0.05645238456712654,8.816639725260957,0.18730290795065538,0.0009272973386857599,59531.02841999803,64995.211274870504,6.4355549195263615,298.20625928169164,241.66068878870078,0.5606824783188217,55.0,100.0,0.0,150.0,0.0,188.8672779377007,351.6201718468916,35.0,0.0001,0.0,0.7,0.0,0.0,1.0,1.0,1.619895131579658,0.380639963703974,,,,,,0.0,1
21.2,0.050387465765246435,8.765556933869698,0.18709844710002732,0.0009257588066234342,59598.38132466364,65078.62746674349,6.429398748000944,298.2005308102951,240.08151084471103,0.5721462480893307,55.0,100.0,0.0,150.0,0.0,214.16231565754975,363.9415565361062,35.0,0.0001,0.0,0.7,0.0,0.0,1.0,1.0,1.6372253692083087,0.3884808341299876,,,,,,0.0,1
21.400000000000002,0.04655988984802154,8.696877266103693,0.186969780032177,0.0009241906666322158,59667.90104182037,65164.248969991204,6.424835135405664,298.171040392389,231.94102644345472,0.5836696411556417,55.0,100.0,0.0,150.0,0.0,225.0,369.58499504144675,35.0,0.0001,0.0,0.7,0.0,0.0,1.0,1.0,1.6473615897177483,0.39636485566917184,,,,,,0.0,1
21.6,0.041077466893455046,8.658376081122379,0.1867685102914758,0.0009226268461246643,59737.423090924894,65249.69858726994,6.421958933747125,298.13955027257083,223.23763337841768,0.5952218486689544,55.0,100.0,0.0,150.0,0.0,225.0,366.9736697853766,35.0,0.0001,0.0,0.7,0.0,0.0,1.0,1.0,1.6643686141823841,0.404270978045917,,,,,,0.0,1
21.8,0.037983318638332035,8.597938221712328,0.1866439607634428,0.0009210674516553738,59806.943446634454,65335.12553551847,6.41963951135618,298.13761421174536,222.7018660853297,0.606770034796864,55.0,100.0,0.0,150.0,0.0,225.0,362.7447712969948,35.0,0.0001,0.0,0.7,0.0,0.0,1.0,1.0,1.6741088442405874,0.41217673774162,,,,,,0.0,1
22.0,0.035052131115457213,8.52652916839583,0.1865009620138624,0.0009195120360979928,59876.45930359757,65420.54926741267,6.417971138398805,298.127491730638,219.89680546052878,0.6183652586609213,55.0,100.0,0.0,150.0,0.0,225.0,367.54614143224944,35.0,0.0001,0.0,0.7,0.0,0.0,1.0,1.0,1.6855871612533693,0.4201171036869146,,,,,,0.0,1
22.2,0.034220039528343196,8.402845103011199,0.1861525273500196,0.0009179609104250941,59945.97504583076,65506.12687441983,6.416803841447545,298.09702011988804,211.4423880683097,0.6300350889649449,55.0,100.0,0.0,150.0,0.0,225.0,369.22893884684754,35.0,0.0001,0.0,0.7,0.0,0.0,1.0,1.0,1.7164919878016272,0.42811099384835605,,,,,,0.0,1
22.400000000000002,0.03072041978343159,8.3981429738207,0.18617267296826062,0.0009164147406996916,60015.49538778723,65591.53121129127,6.416447111270165,298.05159899406016,198.82350695548442,0.6417524693351113,55.0,100.0,0.0,150.0,0.0,225.0,363.5730916453474,35.0,0.0001,0.0,0.7,0.0,0.0,1.0,1.0,1.7125087436745832,0.4361399138782175,,,,,,0.0,1
22.6,0.02947652921024525,8.316455585259256,0.18608585495781194,0.000914873880096773,60085.02197682736,65677.01824891883,6.41627230000118,298.01337964377524,188.1914751070889,0.6534805845686081,55.0,100.0,0.0,150.0,0.0,225.0,351.7695948111529,35.0,0.0001,0.0,0.7,0.0,0.0,1.0,1.0,1.718644855571389,0.4441786569160878,,,,,,0.0,1
22.8,0.028335547523026135,8.249181631642248,0.18594370847638697,0.0009133378201079661,60154.550954537786,65762.54431858173,6.415456955361266,297.99113479855595,181.99521684155854,0.6652569414214174,55.0,100.0,0.0,150.0,0.0,225.0,340.85953968382086,35.0,0.0001,0.0,0.7,0.0,0.0,1.0,1.0,1.7300076798200732,0.4522529507766375,,,,,,0.0,1
23.0,0.026841945289075183,8.206191711617977,0.18594548984922527,0.0009118056415526072,60224.07501538051,65848.06293272492,6.414653461891602,298.0011747954561,184.79543260197934,0.6770684331664425,55.0,100.0,0.0,150.0,0.0,225.0,333.97344985187385,35.0,0.0001,0.0,0.7,0.0,0.0,1.0,1.0,1.7277470807080215,0.4603538365685012,,,,,,0.0,1
23.2,0.024863402452197123,8.185945749018591,0.1857808052550153,0.0009102772592954506,60293.591826937845,65933.4344527351,6.415594872498924,297.997953721745,183.8957976405685,0.6888451646077586,55.0,100.0,0.0,150.0,0.0,225.0,337.27164006742225,35.0,0.0001,0.0,0.7,0.0,0.0,1.0,1.0,1.7412431005208102,0.46843337806141677,,,,,,0.0,1
23.400000000000002,0.023890455280299608,8.10878119255888,0.1855766660516213,0.0009087534581013699,60363.10860028809,66018.84432688309,6.416852099894269,297.96148933159475,173.69954273666715,0.7006104507998371,55.0,100.0,0.0,150.0,0.0,225.0,336.12912448993484,35.0,0.0001,0.0,0.7,0.0,0.0,1.0,1.0,1.758470969995466,0.47650755721373383,,,,,,0.0,1
23.6,0.02347188980242529,8.017010994027759,0.18533883902379555,0.0009072343691183499,60432.62677469194,66104.34249865501,6.417823249612462,297.9445568649626,168.95883947423567,0.7124255566036769,55.0,100.0,0.0,150.0,0.0,225.0,323.49633250637595,35.0,0.0001,0.0,0.7,0.0,0.0,1.0,1.0,1.7788710144428217,0.48461843166487334,,,,,,0.0,1
23.8,0.022898919770151262,7.956256812393415,0.18517215703076795,0.0009056968378136618,60501.91142834324,66189.65660033232,6.418399679442916,299.30868413452265,551.3906066277208,0.7243056787739255,55.0,100.0,0.0,150.0,0.0,225.0,97.04889975191278,35.0,330.548601965954,0.0,0.7,0.0,0.0,1.0,1.0,1.7925303794389806,0.4927764714945943,,,,,,0.0,1
24.0,0.02230543097604305,7.845571472190925,0.18485598373463213,0.0009041508235024504,60571.065308508376,66274.90344658529,6.418617077751209,298.9656556952441,455.10304183074135,0.7362333022688257,55.0,100.0,0.0,150.0,0.0,225.0,565.7206836859756,35.0,33.0548601965954,0.0,0.7,0.0,0.0,1.0,1.0,1.82030190696391,0.5009696863992695,1800.8884621163108,18.188675427171244,1259.2530931442345,0.0009338861847698269,6.467106348576977,0.0,1
24.2,0.021347797066387487,7.766301996357734,0.18459874770637438,0.0009026179170493981,60640.30468605568,66360.27112693131,6.418491201275426,298.69436056086465,378.85381731580827,0.7482294523518912,55.0,100.0,0.0,150.0,0.0,225.0,486.2205726577729,35.0,3.30548601965954,0.0,0.7,0.0,0.0,1.0,1.0,1.8424841857014262,0.5092125574284594,,,,,,0.0,1
24.400000000000002,0.0031439596639813864,11.521284242881862,0.1941616523664388,0.017263545512976233,60685.64711362313,66413.8533441102,6.458222901835778,298.23225096610923,248.8379613919395,0.7558123830083974,55.0,100.0,0.0,30.0,0.0,225.0,431.4085531631078,35.0,0.33054860196595404,0.0,0.7,0.0,0.0,1.0,1.0,0.9274303901311285,0.5144243265484397,,,,,,0.0,1
24.6,0.0030786926332529926,11.51646800284196,0.19554630508527945,0.03780442475761691,60731.10055713555,66467.51132872753,6.4971170272673735,297.95259256473423,170.09087092793615,0.7604348245988993,55.0,100.0,0.0,30.0,0.0,225.0,300.0539775127588,35.0,0.033054860196595405,0.0,0.7,0.0,0.0,1.0,1.0,0.7924274450545027,0.5176018518077659,,,,,,0.0,1
24.8,0.0029958334673200306,11.520531321520936,0.1957326373580198,0.05928190442671849,60776.61096228265,66521.19705653457,6.532281069499114,297.8050379929939,128.508073943369,0.7647746795373778,55.0,100.0,0.0,30.0,0.0,225.0,215.747062228145,35.0,0.0033054860196595408,0.0,0.7,0.0,0.0,1.0,1.0,0.773511201944091,0.5205854739843098,,,,,,0.0,1
25.0,0.0031132876643195397,11.438342813928028,0.1955115342341219,0.07981287352266983,60819.318042090425,66572.13146497702,6.563557888073953,298.5978164155692,352.0887506584037,0.7691156857694633,55.0,100.0,0.0,30.0,0.0,211.5039492920671,64.7241186684435,35.0,229.09123480771274,0.0,0.7,0.0,0.0,1.0,1.0,0.794141768101935,0.5235702273892969,,,,,,0.0,1
25.2,0.0030846652538744058,11.291812292128883,0.19521651742974422,0.10056086589903337,60840.797477092936,66601.83802812312,6.5832031812392,298.34447797073494,280.59752100463095,0.7734659310576312,55.0,100.0,0.0,30.0,0.0,105.75197464603355,332.0282584822395,35.0,22.909123480771274,0.0,0.7,0.0,0.0,1.0,1.0,0.821929812609096,0.5265616742169812,,,,,,0.0,1
25.400000000000002,0.0030755259439761615,12.008191949158393,0.19483320463105167,0.12147453924984182,60851.766581965334,66621.07572110092,6.577246864465898,298.1223565848017,217.89636741744573,0.7778294820866047,55.0,100.0,0.0,30.0,0.0,52.87598732301677,261.0987724289559,35.0,2.2909123480771276,0.0,0.8,0.0,0.0,1.0,1.0,0.8582535710547083,0.5295626136342468,,,,,,0.0,1
25.6,0.003091552124662082,11.92863123406194,0.19464357123487194,0.142283862482666,60857.50441116123,66635.11137334642,6.547209261631535,297.9797297547576,177.62650233377965,0.7822137464125244,55.0,100.0,0.0,30.0,0.0016622545717719184,26.437993661508386,199.28485652080693,35.0,0.22909123480771276,0.0,0.8,0.0,0.0,1.0,1.0,0.8757894788822872,0.5325781441060662,,,,,,0.0,1
25.8,0.0029973779804731964,11.90791647270448,0.19466652938190607,0.1642789889780911,60859.389259653864,66645.2713429736,6.499448100049712,297.9079565625162,157.3590770264754,0.7865630994950241,55.0,100.0,0.0,30.0,0.0,7.0205323082636255,156.33288248015785,35.0,0.022909123480771277,0.0,0.8,0.0,0.0,1.0,1.0,0.8727394078717968,0.5355700050286715,,,,,,0.0,1
26.0,0.0029427558560396957,11.908689349804298,0.194698821055198,0.18707715203955658,60861.12264556223,66655.2296786723,6.457580131417964,298.5125752019573,328.1094876589432,0.7908419486409096,55.0,100.0,0.0,30.0,0.0,6.752486726743845,46.899864744047356,35.0,160.61682013833033,0.0,0.8,0.0,0.0,1.0,1.0,0.8687980627058882,0.5385137003524411,,,,,,0.0,1
26.2,0.0029513694629113014,11.902048866684192,0.19465571843773238,0.209890092986897,60866.09844248027,66668.41558703886,6.43820153350963,298.3618991325893,285.5515827623191,0.7950831871048388,55.0,100.0,0.0,30.0,0.0,23.205888562703144,252.5799653874039,35.0,16.061682013833032,0.0,0.8,0.0,0.0,1.0,1.0,0.872167267886041,0.5414318469607502,,,,,,0.0,1
26.400000000000002,0.002919570626343131,11.925587658754612,0.1947323835814817,0.23311423466321005,60875.95243952012,66686.45451001846,6.442476786886303,298.21797606122124,244.89289310171773,0.7992907195098509,55.0,100.0,0.0,30.0,0.0,47.37749772377746,215.283651733038,35.0,1.6061682013833032,0.0,0.8,0.0,0.0,1.0,1.0,0.863939742070363,0.5443271232557118,,,,,,0.0,1
26.6,0.0029472421525656226,11.91321785527103,0.19469686505617315,0.2562282804544357,60890.33310471133,66709.03931614416,6.463549439255086,298.1029461853652,212.38780919563192,0.8034963118500715,55.0,100.0,0.0,30.0,0.0,69.82867277093959,180.33148010341012,35.0,0.16061682013833034,0.0,0.8,0.0,0.0,1.0,1.0,0.8665813959016045,0.5472213839509606,,,,,,0.0,1
26.8,0.0029270224997768857,11.909109510753822,0.19466729513856695,0.27970192720276565,60907.54290073519,66734.44715763161,6.48920025110109,298.03434721564025,192.99651323740207,0.8076923112810771,55.0,100.0,0.0,30.0,0.0,83.84744582115029,149.8996982641437,35.0,0.016061682013833036,0.0,0.8,0.0,0.0,1.0,1.0,0.8686485536656864,0.550109361148053,,,,,,0.0,1
27.0,0.0029085196332203187,11.90743748959866,0.19466226247714993,0.3035294882180698,60925.52122903063,66760.5967287909,6.514334959672954,297.9851575491515,179.0868099817901,0.8118496358867405,55.0,100.0,0.0,30.0,0.0,87.61390260118284,130.9562597291438,35.0,0.0016061682013833037,0.0,0.8,0.0,0.0,1.0,1.0,0.8683456396564394,0.5529710332367238,,,,,,0.0,1
27.2,0.002896119689896867,11.8728809784793,0.1946039669351219,0.3277734922998375,60942.24765072043,66785.5046868027,6.5339332921199,297.9608233694795,172.20320688649406,0.8159838702258521,55.0,100.0,0.0,30.0,0.0,81.31083463947346,115.78833764996918,35.0,0.00016061682013833039,0.0,0.8,0.0,0.0,1.0,1.0,0.8732079602490276,0.5558171208488117,,,,,,0.0,1
27.400000000000002,0.0028557657749766706,11.843605829017692,0.19454294569982833,0.3524877961699743,60956.14827743795,66807.5594431853,6.544748138133058,297.9437331451796,167.3672034646783,0.8200845048009893,55.0,100.0,0.0,30.0,0.0,67.15870120769452,107.2053762549773,35.0,0.0001,0.0,0.8,0.0,0.0,1.0,1.0,0.8783405224433355,0.558640382744557,,,,,,0.0,1
27.6,0.0028889843296562197,11.766596911887282,0.1943523590127781,0.3769898251483852,60966.27434147324,66825.86397748097,6.540576481183319,298.4147794326428,300.68994097282155,0.8241928490069401,55.0,100.0,0.0,30.0,0.0,48.676740046451016,32.16161287649319,35.0,117.50226959103873,0.0,0.8,0.0,0.0,1.0,1.0,0.8960203450573894,0.5614692573515144,,,,,,0.0,1
27.8,0.0028760474038917287,11.712580739783235,0.1942604383347693,0.40173558081997834,60973.00209902592,66840.79144601518,6.520656302288884,298.29268153064584,266.1246403054969,0.8283151079675868,55.0,100.0,0.0,30.0,0.0,31.890413089888025,192.69075167777933,35.0,11.750226959103873,0.0,0.8,0.0,0.0,1.0,1.0,0.9041390128537731,0.56430801977678,,,,,,0.0,1
28.0,0.0028335767539629303,11.676237963685704,0.1941758194037059,0.4270887601361814,60978.00818448207,66853.99960937223,6.493493933038153,298.18205680414854,234.8019548842913,0.8324237956305689,55.0,100.0,0.0,30.0,0.0,23.102995797772984,162.5883570569659,35.0,1.1750226959103873,0.0,0.8,0.0,0.0,1.0,1.0,0.9115523616961312,0.5671377420446426,,,,,,0.0,1
28.2,0.0028021099210704214,11.651614708515512,0.19409180523072547,0.4527831398443616,60983.455470374705,66867.64038960569,6.471453995049772,298.11358567086705,215.41181146122364,0.8365131857693537,55.0,100.0,0.0,30.0,0.0,25.188820516664453,136.314118079596,35.0,0.11750226959103874,0.0,0.8,0.0,0.0,1.0,1.0,0.9189100207374782,0.5699544767944672,,,,,,0.0,1
28.400000000000002,0.0033594138924855424,11.381943857672388,0.19353774953153874,0.4725735792342152,60992.49070250556,66885.28849438664,6.459972995367495,298.09401757962803,209.86944736847335,0.8409654284205788,55.0,100.0,0.0,37.0,0.0,36.077373896272945,120.34839270178159,35.0,0.011750226959103875,0.0,0.8,0.0,0.0,1.0,1.0,0.9716616949675276,0.5730214848337833,,,,,,0.0,1
28.6,0.0033762902757162993,11.374602409147318,0.19346331379681456,0.4920460299995415,61004.62767341298,66906.03870178238,6.46161196773544,298.0658652778892,201.89361350765415,0.8456276561566465,55.0,100.0,0.0,37.0,0.0,51.5535009155648,118.37039738144432,35.0,0.0011750226959103877,0.0,0.8,0.0,0.0,1.0,1.0,0.9779772074791827,0.5762335291029562,,,,,,0.0,1
28.8,0.0033579120678009907,11.38067886256072,0.1935376105132547,0.5118253828755921,61019.73254243114,66929.75154153662,6.469723991243049,298.0440045747801,195.6984229829471,0.8502932445735817,55.0,100.0,0.0,37.0,0.0,66.36287565744317,112.33027320189242,35.0,0.00011750226959103877,0.0,0.8,0.0,0.0,1.0,1.0,0.969915044292283,0.5794482822589031,,,,,,0.0,1
29.0,0.0033389666862958037,11.377776024133778,0.19361287138816388,0.5319134290062691,61037.15729095482,66955.79270023815,6.4845473470280695,298.0231231738543,189.77882678723026,0.8549499615277546,55.0,100.0,0.0,37.0,0.0,77.93874478866007,107.4694208131398,35.0,0.0001,0.0,0.8,0.0,0.0,1.0,1.0,0.961758874271097,0.5826573153008232,,,,,,0.0,1
29.2,0.0032593667898834383,11.371985565538829,0.1935996136957311,0.5530014326911165,61055.71055178994,66982.94553194409,6.503474790183781,298.01224520359625,186.6938999240014,0.8595725388278704,55.0,100.0,0.0,37.0,0.0,83.56612171556898,102.07946432130532,35.0,0.0001,0.0,0.8,0.0,0.0,1.0,1.0,0.962168007445949,0.5858432100770153,,,,,,0.0,1
29.400000000000002,0.0032476596524541918,11.336139477539286,0.19358916860456518,0.5743578008923738,61073.87347618473,67009.73083239865,6.519546955158075,298.0024173928439,183.90568953375936,0.8641853548960666,55.0,100.0,0.0,37.0,0.0,81.60686555174024,99.35029410876217,35.0,0.0001,0.0,0.8,0.0,0.0,1.0,1.0,0.9623070080210776,0.5890227628234951,,,,,,0.0,1
29.6,0.00317943043186489,11.31265665849983,0.1934969743122166,0.5967180383450811,61090.35953567699,67034.81223910935,6.53242826151754,297.99754853177353,182.5238967675211,0.8687596131109895,55.0,100.0,0.0,37.0,0.0,73.220365946584,96.5004793109893,35.0,0.0001,0.0,0.8,0.0,0.0,1.0,1.0,0.9703589128982236,0.5921761184417219,,,,,,0.0,1
29.8,0.0031387494502265554,11.304049080545207,0.19352640028239712,0.6199135551761717,61104.13366208032,67057.13464524443,6.536497633313451,297.9983916761221,182.76324945216768,0.8732605496346811,55.0,100.0,0.0,37.0,0.0,59.66532301203031,94.9850830540071,35.0,0.0001,0.0,0.8,0.0,0.0,1.0,1.0,0.9666636815699454,0.5952792979966918,,,,,,0.0,1
30.0,0.0031673348019257107,11.226032957593361,0.19336430039611305,0.6429477042546496,61114.870789587265,67076.44810229045,6.530126325376301,298.01014211872837,186.0999519710589,0.877760848761211,55.0,100.0,0.0,37.0,0.0,44.495699867487296,95.22055425379213,35.0,0.0001,0.0,0.8,0.0,0.0,1.0,1.0,0.9814883998485182,0.5983824047940646,,,,,,0.0,1
30.2,0.003092843098375451,11.200097742654963,0.193328538255918,0.6670696687013007,61123.08229508373,67093.21416529398,6.511713740369811,298.0208504592825,189.14143780611568,0.8822366028038822,55.0,100.0,0.0,37.0,0.0,31.889401981822402,99.20782122492446,35.0,0.0001,0.0,0.8,0.0,0.0,1.0,1.0,0.9841016942474201,0.6014689506740946,,,,,,0.0,1
30.400000000000002,0.0031003368215367843,11.973460993766556,0.1932117051903816,0.6912570827034101,61130.248845416325,67108.99172028643,6.4878551791304275,298.02690734233414,190.86208447078397,0.8867283946126236,55.0,100.0,0.0,37.0,0.0,26.678761078842562,103.19439984886165,35.0,0.0001,0.0,0.9,0.0,0.0,1.0,1.0,0.9945485384539801,0.6045669211925956,,,,,,0.0,1
30.6,0.003054169636362636,11.958808268712117,0.19324404014914737,0.7161801150527733,61138.281467012304,67125.63430745728,6.469858072192208,298.03091373854875,192.0004679466457,0.8912190274000461,55.0,100.0,0.0,37.0,0.0,31.02105959668367,105.98560417062023,35.0,0.0001,0.0,0.9,0.0,0.0,1.0,1.0,0.9905767928611594,0.6076644576710736,,,,,,0.0,1
30.8,0.0030186430317922226,11.97226200957599,0.19331361556871182,0.7416513303040314,61148.61842665711,67144.55756591678,6.46520395974167,298.0283727167547,191.27828622390012,0.8956710263438684,55.0,100.0,0.0,37.0,0.0,42.547182535397944,108.33140957930232,35.0,0.0001,0.0,0.9,0.0,0.0,1.0,1.0,0.9830109402198094,0.6107357060481753,,,,,,0.0,1
31.0,0.002883985247109345,12.023172003990437,0.19348301449780883,0.7686947869013914,61161.62912815811,67166.09637190109,6.468842905012889,298.02328353941215,189.8315002825868,0.9000327185999609,55.0,100.0,0.0,37.0,0.0,55.91535583381618,108.58397428432048,35.0,0.0001,0.0,0.9,0.0,0.0,1.0,1.0,0.9658044803312318,0.6137450039031714,,,,,,0.0,1
31.2,0.0028932805923123405,12.001764329309815,0.19346750133104373,0.795749335519326,61177.0240762671,67190.03584920394,6.481989161025696,298.0221622312663,189.51262135422553,0.9043638346199825,55.0,100.0,0.0,37.0,0.0,67.83921860075989,107.91124264290025,35.0,0.0001,0.0,0.9,0.0,0.0,1.0,1.0,0.9664871901864512,0.6167335472135395,,,,,,0.0,1
31.400000000000002,0.0028959329179701118,11.982854218244036,0.19347980233107714,0.8229319049677982,61193.74706702767,67215.32138935081,6.499652686952419,298.02007330899056,188.91837697380464,0.9087036223813428,55.0,100.0,0.0,37.0,0.0,74.48415528414218,108.43569289060488,35.0,0.0001,0.0,0.9,0.0,0.0,1.0,1.0,0.9644773977537423,0.619728415217157,,,,,,0.0,1
31.6,0.002844114278383295,11.985174860114043,0.19350489164831294,0.8508242675834307,61210.3851121206,67240.48702870205,6.513561399780081,298.0107175447837,186.25605103339987,0.9130058413958628,55.0,100.0,0.0,37.0,0.0,74.05738451700148,108.55450818905729,35.0,0.0001,0.0,0.9,0.0,0.0,1.0,1.0,0.9612370222502291,0.6226976942191537,,,,,,0.0,1
31.8,0.0028128022245571625,11.954185975774106,0.19339618317077353,0.8792493516033324,61225.828512749715,67264.42956942189,6.525040919840289,298.0003801455993,183.31335714446297,0.9172607120257688,55.0,100.0,0.0,37.0,0.0,68.07606083820733,106.0951855419001,35.0,0.0001,0.0,0.9,0.0,0.0,1.0,1.0,0.9709510265154044,0.6256346246962228,,,,,,0.0,1
32.0,0.00276332079729129,11.94753486193996,0.19337472522511306,0.9084566727886378,61239.15438321006,67286.19064590072,6.529118596679654,297.9944020828469,181.6111167012876,0.921447177456951,55.0,100.0,0.0,37.0,0.0,57.483640095507035,103.00085898422898,35.0,0.0001,0.0,0.9,0.0,0.0,1.0,1.0,0.9722364192656155,0.6285246588309529,,,,,,0.0,1
32.2,0.0027187273884569777,11.920390437285993,0.1933165757347043,0.9382304260415032,61250.03784485092,67305.4843886466,6.5236673023587075,297.9919342048032,180.9081904095649,0.9255706288032968,55.0,100.0,0.0,37.0,0.0,45.27120314416566,101.03021328849641,35.0,0.0001,0.0,0.9,0.0,0.0,1.0,1.0,0.9770832701970633,0.6313715033366987,,,,,,0.0,1
32.400000000000006,0.0031332018785284444,11.62753630496058,0.1926089622567954,0.9633144544561244,61260.11495153004,67324.33554815382,6.508190457696613,298.00798061828357,185.47962912824153,0.9299846083082128,55.0,100.0,0.0,43.0,0.0,35.254232920995314,100.0137089408347,35.0,0.0001,0.0,0.9,0.0,0.0,1.0,1.0,1.0446444285395888,0.6344192712615431,,,,,,0.0,1
32.6,0.003091974655147055,11.62258096119256,0.19260360498932852,0.989031172143359,61269.426448720245,67342.40601710581,6.488728504141804,298.01614888347154,187.80725518622634,0.9345372363944161,55.0,100.0,0.0,43.0,0.0,31.450771693170132,105.2657633570046,35.0,0.0001,0.0,0.9,0.0,0.0,1.0,1.0,1.044307016361428,0.6375631436987401,,,,,,0.0,1
32.800000000000004,0.003083880720017744,11.60546888885052,0.19268812015171397,1.0149898515798503,61279.53340226987,67361.28879905872,6.473184290483321,298.0166490667915,187.9498168503021,0.9390920178923653,55.0,100.0,0.0,43.0,0.0,35.4376219030194,108.26273993138747,35.0,0.0001,0.0,0.9,0.0,0.0,1.0,1.0,1.035288324827523,0.6407088795929523,,,,,,0.0,1
33.00000000000001,0.002956938586281286,11.651546156259457,0.1928152198016317,1.0424918928575755,61291.68170645424,67382.13888888285,6.465288119792693,298.0001689850338,183.2513689942383,0.9435731930309466,55.0,100.0,0.0,43.0,0.0,45.635350807053584,108.97962431804578,35.0,0.0001,0.0,0.9,0.0,0.0,1.0,1.0,1.0221654380590985,0.6438041471101104,,,,,,0.0,1
33.2,0.0028188315312139443,11.695220091499987,0.19293260478046903,1.0716233844720973,61306.50435725779,67405.60269503515,6.468573714073437,297.98396514036835,178.63025198525668,0.9479424349265775,55.0,100.0,0.0,43.0,0.0,58.98829932484602,103.91458474141393,35.0,0.0001,0.0,0.9,0.0,0.0,1.0,1.0,1.0099971367155445,0.6468224503348292,,,,,,0.0,1
33.400000000000006,0.0028768910913575703,11.644631385186257,0.19283309768359866,1.1000475938261998,61323.73394295484,67431.54205874444,6.480549137289242,297.9721809517273,175.26855312299782,0.9523202269217091,55.0,100.0,0.0,43.0,0.0,71.01091322523597,98.4541958837915,35.0,0.0001,0.0,0.9,0.0,0.0,1.0,1.0,1.0187918957314532,0.6498470076582072,,,,,,0.0,1
33.6,0.002862591257584656,11.636016187318328,0.1927978320738493,1.1287139269831774,61342.40938219486,67458.93036977387,6.493765599821347,297.96751300145655,173.9363617838617,0.9567061049367618,55.0,100.0,0.0,43.0,0.0,78.236327337288,93.90887240143022,35.0,0.0001,0.0,0.9,0.0,0.0,1.0,1.0,1.0213752315694553,0.6528775004956201,,,,,,0.0,1
33.800000000000004,0.0028654775693399645,11.60480793926761,0.19274669093429858,1.1574521151074149,61361.4730660346,67486.7283969011,6.508103174633232,297.96652853426514,173.65528878045922,0.9610923962467708,55.0,100.0,0.0,43.0,0.0,80.18267986450218,91.34359666260528,35.0,0.0001,0.0,0.9,0.0,0.0,1.0,1.0,1.0254929076995305,0.6559086283277769,,,,,,0.0,1
34.00000000000001,0.002874949392835382,11.555906160359068,0.19268433551108985,1.186296000036429,61379.77207245854,67513.80444325371,6.521181483809711,297.9769439028726,176.62994224965314,0.9654994565652085,55.0,100.0,0.0,43.0,0.0,76.37606271604848,89.82070266321833,35.0,0.0001,0.0,0.9,0.0,0.0,1.0,1.0,1.030690354202239,0.6589544604774945,,,,,,0.0,1
34.2,0.0028070547287358453,11.543661811131065,0.19268221964133708,1.2162580051592444,61396.25796900735,67539.04245622449,6.527828307888533,297.98177314748835,178.00965539217387,0.9698712812054997,55.0,100.0,0.0,43.0,0.0,67.32869725589497,92.16620837167801,35.0,0.0001,0.0,0.9,0.0,0.0,1.0,1.0,1.0300727922483615,0.6619762890013806,,,,,,0.0,1
34.400000000000006,0.002771175222037993,11.516414908578662,0.19264105994360425,1.2467441746020065,61410.4029866536,67561.9112896826,6.528422571535356,297.9776539867133,176.83239096243977,0.9741879180307371,55.0,100.0,0.0,43.0,0.0,55.6308012025648,92.88957885727362,35.0,0.0001,0.0,0.9,0.0,0.0,1.0,1.0,1.0332389619705487,0.6649603121755643,,,,,,0.0,1
34.6,0.002674607205342158,11.524954830570081,0.1927774622856677,1.2783035466368096,61422.16006424813,67582.3361576332,6.517035752663184,297.9772300326042,176.71118894229835,0.9784321742696355,55.0,100.0,0.0,43.0,0.0,43.69366730051645,90.74874208606764,35.0,0.0001,0.0,0.9,0.0,0.0,1.0,1.0,1.019255846693863,0.6678946299720319,,,,,,0.0,1
34.800000000000004,0.0027216154483445634,11.446025607752631,0.19269683958469377,1.3095674049379256,61432.44636843616,67601.35724581142,6.498957063431567,297.9799595870846,177.49168898066728,0.9826903697446825,55.0,100.0,0.0,43.0,0.0,36.346485588079325,89.79539612600055,35.0,0.0001,0.0,0.9,0.0,0.0,1.0,1.0,1.0262486551580128,0.670838913888056,,,,,,0.0,1
35.00000000000001,0.0026128256481725157,11.452069189628087,0.19267524989544205,1.3420085462509772,61442.7097843322,67620.31306921192,6.4812406689812,297.9784892547421,177.07115247526804,0.9869182313323132,55.0,100.0,0.0,43.0,0.0,36.23769779606038,89.88639830020338,35.0,0.0001,0.0,0.9,0.0,0.0,1.0,1.0,1.0275403386164554,0.6737625498997031,,,,,,0.0,1
35.2,0.002539980482605063,11.476785329054538,0.19273535944942283,1.3752497631965894,61454.36855084356,67640.61789423939,6.4697113786549405,297.9738312404246,175.73855451978554,0.9910646838933809,55.0,100.0,0.0,43.0,0.0,43.214762891923456,88.60714649911733,35.0,0.0001,0.0,0.9,0.0,0.0,1.0,1.0,1.0209488542413616,0.6766302059249267,,,,,,0.0,1
35.400000000000006,0.0025422167186793733,11.48481449802425,0.1928540860162311,1.4086125240423955,61468.343643165485,67663.24829256968,6.466613042833016,297.97242785680953,175.33693214821716,0.9951770855690033,55.0,100.0,0.0,43.0,0.0,54.798178662909294,86.20450610497747,35.0,0.0001,0.0,0.9,0.0,0.0,1.0,1.0,1.008692905517944,0.6794746214464056,,,,,,0.0,1
35.6,0.002553472881091994,11.48069267404301,0.19290629737290052,1.4419495669670959,61484.88090797464,67688.46111108433,6.473039807186996,297.9738258436429,175.73713344219334,0.9992931217024554,55.0,100.0,0.0,43.0,0.0,67.61670858508876,84.77394538108206,35.0,0.0001,0.0,0.9,0.0,0.0,1.0,1.0,1.0028666838044802,0.6823218588257042,,,,,,0.0,1
35.800000000000004,0.002511447977523006,11.516187893647668,0.19305184751470025,1.4755520112163936,61503.46395510727,67715.67396986514,6.484580688621479,297.97230885949057,175.30270765696062,1.0033745702000298,55.0,100.0,0.0,43.0,0.0,77.85265237438227,84.2328208460595,35.0,0.0001,0.0,0.9,0.0,0.0,1.0,1.0,0.9880130781940916,0.6851454747961484,,,,,,0.0,1
36.00000000000001,0.002475390873349478,11.538442252273533,0.19316109786569458,1.5096142109894528,61523.1686277462,67743.95768420651,6.4972762623779445,297.97609078651993,176.38615367231603,1.0073971648934728,55.0,100.0,0.0,43.0,0.0,83.47204226203378,82.717445548868,35.0,0.0001,0.0,0.9,0.0,0.0,1.0,1.0,0.9766781803028518,0.687928671266664,1732.9539391226333,31.59348335988045,817.7513207376786,0.9084566727886378,11.604258972298373,0.0,1
36.2,0.0024319984186530344,11.537794072565722,0.1932367714071308,1.5441985807361371,61542.97906033382,67772.32336581222,6.5092564843170155,297.9736461730418,175.6855277373589,1.0113750842665616,55.0,100.0,0.0,43.0,0.0,84.01003989391384,82.9951699860377,35.0,0.0001,0.0,0.9,0.0,0.0,1.0,1.0,0.9685991739112468,0.6906812468656004,,,,,,0.0,1
36.400000000000006,0.00258423206262158,11.37272746239256,0.19286412731084,1.5780099024088958,61562.73355689953,67800.83566292281,6.517282082186909,297.98455183126555,178.81225783304257,1.0154766725970408,55.0,100.0,0.0,47.0,0.0,79.74669091462238,81.2268183778591,35.0,0.0001,0.0,0.9,0.0,0.0,1.0,1.0,1.0038957684192344,0.6935196984582416,,,,,,0.0,1
36.6,0.0025826725123541438,11.342390974150943,0.19277478912712562,1.6121144945386887,61580.98843088166,67827.83968137874,6.522312968613661,297.9942091612027,181.58215834149775,1.019631978939266,55.0,100.0,0.0,47.0,0.0,72.27331964270726,84.01933655520585,35.0,0.0001,0.0,0.9,0.0,0.0,1.0,1.0,1.0117558454863618,0.6963956371887352,,,,,,0.0,1
36.800000000000004,0.0025510614849297663,11.336364424576898,0.19286174655537985,1.6466723558609133,61597.34103222146,67852.90008366098,6.519558483556089,297.9968813302475,182.34885192450452,1.0237550194732512,55.0,100.0,0.0,47.0,0.0,62.7780718531954,86.6900166193094,35.0,0.0001,0.0,0.9,0.0,0.0,1.0,1.0,1.0025653512406913,0.6992495550617153,,,,,,0.0,1
37.00000000000001,0.002543254781695591,11.289306385612843,0.1928194226406349,1.6815909659286243,61612.01696037096,67876.29810338083,6.509621566336302,297.99804857738155,182.6838639157897,1.0278641157622062,55.0,100.0,0.0,47.0,0.0,54.40429379127979,87.32232851033365,35.0,0.0001,0.0,0.9,0.0,0.0,1.0,1.0,1.0058860826417582,0.702094128875284,,,,,,0.0,1
37.2,0.002563533530086668,11.230220643778136,0.19268102930339928,1.7165312433540416,61625.81424895283,67898.85602449479,6.499134846820388,297.9970280004848,182.3908611656711,1.0319905629235582,55.0,100.0,0.0,47.0,0.0,50.016963548352216,87.58803738802604,35.0,0.0001,0.0,0.9,0.0,0.0,1.0,1.0,1.0184978706930075,0.7049510235017902,,,,,,0.0,1
37.400000000000006,0.002470316437960622,11.278407053078967,0.19288224831575304,1.7524805380233175,61639.57055510275,67921.28949301876,6.487514698912,297.9954509563254,181.93795564702793,1.0360545005203183,55.0,100.0,0.0,47.0,0.0,49.81651141709448,87.15400565695523,35.0,0.0001,0.0,0.9,0.0,0.0,1.0,1.0,0.9982615607736038,0.7077649435457213,,,,,,0.0,1
37.6,0.0024375140089621865,11.280477629446342,0.19294036591856797,1.7888326654591018,61654.21847965962,67944.5973650481,6.481114891555385,297.9958649131793,182.0568699815169,1.0400568206003087,55.0,100.0,0.0,47.0,0.0,54.280602269460346,86.50612976685713,35.0,0.0001,0.0,0.9,0.0,0.0,1.0,1.0,0.9918806096048552,0.7105364929340109,,,,,,0.0,1
37.800000000000004,0.0024178607211465726,11.261831454106723,0.19285610954621127,1.8253873771038684,61670.26684766524,67969.30147230644,6.480962711279199,297.9968002148738,182.32564717143663,1.0440372162709042,55.0,100.0,0.0,47.0,0.0,61.29163490941123,86.49018357484698,35.0,0.0001,0.0,0.9,0.0,0.0,1.0,1.0,0.9992856913221917,0.7132931494528627,,,,,,0.0,1
38.00000000000001,0.0023987617204786964,11.257693262627193,0.1928006579846344,1.8622795617432364,61687.72726508377,67995.40388188683,6.485228433552505,297.99683768006395,182.33641126388588,1.0479930144768934,55.0,100.0,0.0,47.0,0.0,68.3599281599873,86.65469222728183,35.0,0.0001,0.0,0.9,0.0,0.0,1.0,1.0,1.0039067638332497,0.7160330568390468,,,,,,0.0,1
38.2,0.002411436899754091,11.223135558462499,0.19270564092831194,1.8990190644888167,61706.25830610546,68022.60900425338,6.493445566671882,297.9981850225883,182.72387380107523,1.051954829605824,55.0,100.0,0.0,47.0,0.0,73.72224553851626,86.54061101293655,35.0,0.0001,0.0,0.9,0.0,0.0,1.0,1.0,1.0123554339338035,0.718777417587044,,,,,,0.0,1
38.400000000000006,0.0023852287122344815,11.202077433546636,0.19256687489436156,1.936119516882246,61725.20057288405,68050.20265427443,6.5048361784590805,297.9995319938789,183.1113699588624,1.0559032710460627,55.0,100.0,0.0,47.0,0.0,75.78871532119601,86.88657619731094,35.0,0.0001,0.0,0.9,0.0,0.0,1.0,1.0,1.025038015678491,0.7215127990118178,,,,,,0.0,1
38.60000000000001,0.002395758401899011,11.188389730483086,0.1926415618234493,1.9733335415431317,61743.640012336706,68077.29731738156,6.511607242034873,298.0015756315811,183.69952994241655,1.059837458541641,55.0,100.0,0.0,47.0,0.0,73.28675518759856,87.27311457070206,35.0,0.0001,0.0,0.9,0.0,0.0,1.0,1.0,1.017070832962631,0.7242385883541694,,,,,,0.0,1
38.800000000000004,0.002390992006096533,11.158938129811906,0.1925967121878349,2.01060480876499,61761.03863523402,68103.34119216187,6.514624609565074,298.00342183160313,184.23104920638346,1.063759006526229,55.0,100.0,0.0,47.0,0.0,68.09300058578606,87.95051706373135,35.0,0.0001,0.0,0.9,0.0,0.0,1.0,1.0,1.0206718449969985,0.726955901317735,,,,,,0.0,1
39.00000000000001,0.002421126874961269,11.09205208558243,0.19251805478254175,2.047881326200322,61777.15347092336,68128.15429609563,6.514272708352206,298.0083475226894,185.64960640186686,1.0677084495019113,55.0,100.0,0.0,47.0,0.0,61.68587603679728,88.63121497286107,35.0,0.0001,0.0,0.9,0.0,0.0,1.0,1.0,1.0275384792673876,0.7296928266915299,,,,,,0.0,1
39.2,0.0023656500325903397,11.06525518813537,0.19241328193811943,2.085632385011334,61792.01242898338,68151.6893931011,6.509371947494966,298.0107408655581,186.33908686332973,1.0716483665003371,55.0,100.0,0.0,47.0,0.0,55.41901070468551,90.44505058257676,35.0,0.0001,0.0,0.9,0.0,0.0,1.0,1.0,1.036932379152639,0.732423434131219,,,,,,0.0,1
39.400000000000006,0.002359865732534114,11.016710892069254,0.19234395730208095,2.1237550887206105,61806.010484001905,68174.38855133014,6.501287528251535,298.0104176691609,186.24594453481683,1.0755838214591469,55.0,100.0,0.0,47.0,0.0,51.1229925637537,91.54684328997908,35.0,0.0001,0.0,0.9,0.0,0.0,1.0,1.0,1.0428973284309073,0.7351512317945269,,,,,,0.0,1
39.60000000000001,0.002394818512866434,10.93580787717979,0.19204154717502758,2.1618856126940793,61819.79614093845,68196.93561698461,6.49309888957018,298.01080938995256,186.3588627488837,1.079551592657694,55.0,100.0,0.0,47.0,0.0,50.06699923266778,91.82017291986674,35.0,0.0001,0.0,0.9,0.0,0.0,1.0,1.0,1.0713896253707667,0.7379017150096255,,,,,,0.0,1
39.800000000000004,0.002396585996072596,10.938971511695087,0.19213399294962274,2.2004242705414225,61834.02445667384,68219.92834675168,6.484213571946407,298.00992116336914,186.1027277195586,1.0835195556017323,55.0,100.0,0.0,47.0,0.0,52.2869068039809,92.34840315949575,35.0,0.0001,0.0,0.9,0.0,0.0,1.0,1.0,1.0617087979905269,0.7406526184449133,,,,,,0.0,1
40.00000000000001,0.0023781488226422075,10.923562708064066,0.19209256293042185,2.239249297044553,61849.41017304493,68244.0815052544,6.482396885297151,298.00343543970604,184.23189462026525,1.0874743246661698,55.0,100.0,0.0,47.0,0.0,58.07388233540025,92.44437920550175,35.0,0.0001,0.0,0.9,0.0,0.0,1.0,1.0,1.0649714547093592,0.7433946607668948,,,,,,0.0,1
40.2,0.002400649583286004,10.876366446869909,0.19198572346105738,2.2778303066547774,61866.095055966645,68269.58295094615,6.482956191495369,297.99272772881125,181.14231067995337,1.091458835374035,55.0,100.0,0.0,47.0,0.0,64.56425893008381,90.58550986744925,35.0,0.0001,0.0,0.9,0.0,0.0,1.0,1.0,1.0745509770051793,0.746157613196927,,,,,,0.0,1
40.400000000000006,0.0025820262125263544,12.618268504288308,0.19312741857798105,2.315029121218131,61886.835444322394,68299.36246573685,6.484867044675416,297.9966339869524,182.26985194465894,1.0113729408605092,60.0,100.0,10.0,51.0,0.0,70.84510387177252,87.06882152519574,35.0,0.0001,0.0,1.1,0.0,0.0,1.0,1.0,1.0682048679730574,0.7534688330498016,,,,,,0.0,1
40.60000000000001,0.0025818680115726627,12.61229279493429,0.193370535030508,2.3523942027301183,61908.67682441654,68330.26437038058,6.486973203026899,297.9948976296758,181.7684141535162,1.0114170293468316,60.0,100.0,10.0,51.0,0.0,76.36245099866385,88.22407824603252,35.0,0.0001,0.0,1.1,0.0,0.0,1.0,1.0,1.042511413426708,0.7535021158589262,,,,,,0.0,1
40.800000000000004,0.00250510840199395,12.6264834258876,0.19342957517990317,2.3904748308782517,61931.452995610554,68362.06155697064,6.491507413741927,297.9870153867532,179.49124331390516,1.0149417094260378,60.0,100.0,10.0,51.0,0.0,81.03844327323505,87.46951256025304,35.0,0.0001,0.0,1.1,0.0,0.0,1.0,1.0,1.03554367518536,0.7561630545739049,,,,,,0.0,1
41.00000000000001,0.002488743502150151,12.603911309213226,0.19337444496806397,2.4288570971207517,61954.798050721896,68394.43365680701,6.501100682144639,297.9859678870233,179.1884615646458,1.0187544310590315,60.0,100.0,10.0,51.0,0.0,83.88777706124951,84.57182254438584,35.0,0.0001,0.0,1.1,0.0,0.0,1.0,1.0,1.0405833017831625,0.7590417265127534,,,,,,0.0,1
41.2,0.0024174745346322,12.604879576544048,0.19334014737568195,2.467870926224654,61977.93843932534,68426.56651729182,6.507203395707443,297.9929241749459,181.1999276475602,1.0225404997894003,60.0,100.0,10.0,51.0,0.0,82.8788809046963,83.78262896273318,35.0,0.0001,0.0,1.1,0.0,0.0,1.0,1.0,1.0434265105025353,0.7619005607312809,,,,,,0.0,1
41.400000000000006,0.0024401277873464895,12.544043008233588,0.1932058568409073,2.5068403400319923,62000.38837572613,68458.05166487582,6.513704016248859,298.0020500595148,183.83992100302578,1.0263285424788564,60.0,100.0,10.0,51.0,0.0,79.44880527737392,85.66420030738092,35.0,0.0001,0.0,1.1,0.0,0.0,1.0,1.0,1.0568357744354995,0.7647611704247876,,,,,,0.0,1
41.60000000000001,0.0023837179374092887,12.552506458693363,0.19328691975258874,2.546438105089619,62021.62435995298,68488.27871757398,6.518225777797835,298.00412383274426,184.44008639754594,1.0300840785407592,60.0,100.0,10.0,51.0,0.0,73.39751684439722,88.49511488468542,35.0,0.0001,0.0,1.1,0.0,0.0,1.0,1.0,1.0474947929329927,0.7675975135528058,,,,,,0.0,1
41.800000000000004,0.0024485235064979115,12.455701749564263,0.19313657321261643,2.585611336221804,62041.28600041482,68517.01047288779,6.517350508918527,298.0071862620654,185.326764796267,1.0338733129169135,60.0,100.0,10.0,51.0,0.0,65.53935993022077,89.21899974639479,35.0,0.0001,0.0,1.1,0.0,0.0,1.0,1.0,1.0626000781665679,0.7704595911235201,,,,,,0.0,1
42.00000000000001,0.002431444820139379,12.393022080446428,0.19296639305197685,2.6252931161681357,62059.44609344298,68544.26378890264,6.510148888068576,298.0080995790849,185.59130374119547,1.037690784184108,60.0,100.0,10.0,51.0,0.0,58.04387604698433,90.4146282908693,35.0,0.0001,0.0,1.1,0.0,0.0,1.0,1.0,1.0797900245487286,0.7733432850576825,,,,,,0.0,1
42.2,0.0024081888851353018,12.37639793334747,0.19303566852420717,2.6652955744957,62076.68384016208,68570.59575893197,6.50059121355567,298.00920175389473,185.9106640757989,1.0415050710775853,60.0,100.0,10.0,51.0,0.0,53.44196474553726,90.97623927014828,35.0,0.0001,0.0,1.1,0.0,0.0,1.0,1.0,1.0716870433215826,0.7762248628132896,,,,,,0.0,1
42.400000000000006,0.0023974082147248423,12.341909788952556,0.19295971029853456,2.7054724976835134,62093.76430265606,68596.77412037617,6.492526525660251,298.0083883852365,185.6748958660978,1.0453146636578805,60.0,100.0,10.0,51.0,0.0,52.662843497871876,91.65337391757694,35.0,0.0001,0.0,1.1,0.0,0.0,1.0,1.0,1.0789257139532629,0.7791031828232376,,,,,,0.0,1
42.60000000000001,0.0023171029124460264,12.385570165664232,0.19306563824011214,2.7462482801866877,62111.33243661028,68623.35736044386,6.488777949114608,298.0073878088482,185.38476259288225,1.0490607681896538,60.0,100.0,10.0,51.0,0.0,55.10727343177142,91.70956119047167,35.0,0.0001,0.0,1.1,0.0,0.0,1.0,1.0,1.0669635338854178,0.7819338160891367,,,,,,0.0,1
42.800000000000004,0.002290807872714055,12.37950797138046,0.19298315984775316,2.787484110467983,62129.68736599258,68650.70530856392,6.488283417374647,298.00439735601134,184.51732064697623,1.0527452993310247,60.0,100.0,10.0,51.0,0.0,59.04638170152567,91.6850270478067,35.0,0.0001,0.0,1.1,0.0,0.0,1.0,1.0,1.0749179619355231,0.7847181954314257,,,,,,0.0,1
43.00000000000001,0.0022915014933707787,12.340511255384577,0.19290860100862273,2.828957020946742,62148.870055403466,68678.92597169221,6.49122638359024,297.99902528070515,182.9584537964846,1.0564315769634147,60.0,100.0,10.0,51.0,0.0,63.1870628936638,90.93786797381148,35.0,0.0001,0.0,1.1,0.0,0.0,1.0,1.0,1.0820346051925605,0.7875041647523711,,,,,,0.0,1
43.2,0.002285588914740511,12.301460856043638,0.19279414136279388,2.8704767576076935,62168.64422647404,68707.77104398007,6.496684477832705,297.9945235181363,181.6515943522832,1.0601344276931595,60.0,100.0,10.0,51.0,0.0,66.14604591138321,89.27183123987965,35.0,0.0001,0.0,1.1,0.0,0.0,1.0,1.0,1.0933610171785395,0.7903029315766333,,,,,,0.0,1
43.400000000000006,0.0022692682330620597,12.282263841686756,0.1927746093817568,2.912122674065641,62188.5727139554,68736.77260607707,6.502394172099462,297.9878687237476,179.71890181711296,1.063838639044834,60.0,100.0,10.0,51.0,0.0,66.91771964841982,87.72246174486602,35.0,0.0001,0.0,1.1,0.0,0.0,1.0,1.0,1.0946614359596478,0.7931029997067947,,,,,,0.0,1
43.60000000000001,0.002319857856484112,12.197786227419448,0.19255208800507062,2.9534196213294153,62208.1974889031,68765.52929339153,6.505479627180615,297.9899354015177,180.31931726451745,1.067584265285905,60.0,100.0,10.0,51.0,0.0,65.40552344715456,85.25495283014911,35.0,0.0001,0.0,1.1,0.0,0.0,1.0,1.0,1.117384500052899,0.7959346515401411,,,,,,0.0,1
43.800000000000004,0.0022890609491296758,12.160622976883591,0.1924347421890723,2.9950016151271153,62227.271468603154,68793.74247239108,6.50789637101893,297.99300594523606,181.2117264827511,1.0713452662593332,60.0,100.0,10.0,51.0,0.0,62.66463706565734,85.56294475927564,35.0,0.0001,0.0,1.1,0.0,0.0,1.0,1.0,1.1289966237468134,0.7987782073804068,,,,,,0.0,1
44.00000000000001,0.002314354945961188,12.088913153602784,0.19231062161810036,3.0366185081280697,62245.59947337463,68821.28165467833,6.505684577144995,297.99658458507656,182.2521911972699,1.0751383739214457,60.0,100.0,10.0,51.0,0.0,58.94771511173727,86.22935981574989,35.0,0.0001,0.0,1.1,0.0,0.0,1.0,1.0,1.141314571789881,0.8016463230291522,,,,,,0.0,1
44.2,0.0023050115479054645,12.078110825575061,0.19233279446253979,3.078413467092252,62263.36064033682,68848.23648880294,6.501782135418294,298.00268162137996,184.02559922476553,1.07892943517348,60.0,100.0,10.0,51.0,0.0,56.13144562993732,87.17868442918635,35.0,0.0001,0.0,1.1,0.0,0.0,1.0,1.0,1.1381976244742942,0.8045131774400757,,,,,,0.0,1
44.400000000000006,0.0026355134557173978,11.771252982532848,0.19173316538904922,3.117329978823559,62282.06431295011,68876.54363897801,6.496388095941902,298.0228044559224,189.88065584297883,1.0830011360139946,60.0,100.0,10.0,57.0,0.0,54.87185150611175,89.12724409542724,35.0,0.0001,0.0,1.1,0.0,0.0,1.0,1.0,1.200585711663219,0.807592574146785,,,,,,0.0,1
44.60000000000001,0.0026384929787846025,11.72538371651116,0.19162059778076768,3.1563364757190273,62300.94226437044,68905.07333095062,6.494795578297501,298.0345198426919,193.29076247757496,1.0872315561145296,60.0,100.0,10.0,57.0,0.0,55.77618365987577,96.1244550420499,35.0,0.0001,0.0,1.1,0.0,0.0,1.0,1.0,1.211580740657967,0.8107923586598933,,,,,,0.0,1
44.800000000000004,0.002636832618415634,11.688986063918957,0.1915391280859987,3.1955010187350186,62320.121248708994,68933.93297860207,6.492225854318172,298.03948077083754,194.73536079084892,1.0914864873580736,60.0,100.0,10.0,57.0,0.0,57.30222679141429,100.87050931554336,35.0,0.0001,0.0,1.1,0.0,0.0,1.0,1.0,1.2192937180378267,0.814011042260378,,,,,,0.0,1
45.00000000000001,0.002581465365815307,11.659223035403187,0.1913497212809947,3.235586886676476,62339.813170695634,68963.29299712162,6.493016346615542,298.0354006544608,193.54677463542146,1.0957221664682462,60.0,100.0,10.0,57.0,0.0,59.87479047523361,103.78865822596302,35.0,0.0001,0.0,1.1,0.0,0.0,1.0,1.0,1.2383747050416452,0.8172155205216493,,,,,,0.0,1
45.2,0.0025921134786598696,11.620132859898687,0.19126091890551186,3.2756854814615357,62359.95248753742,68993.13944813336,6.495960329051517,298.0328699372564,192.80925141380624,1.0999585714518072,60.0,100.0,10.0,57.0,0.0,62.11597842478616,103.82434002129307,35.0,0.0001,0.0,1.1,0.0,0.0,1.0,1.0,1.246860195652977,0.8204209053979182,,,,,,0.0,1
45.400000000000006,0.0026460911804207002,11.56265866715828,0.19127392609027924,3.315266464669736,62380.303240872934,69023.2818020692,6.4974305695854335,298.03205718355247,192.57230170195845,1.104250973197054,60.0,100.0,10.0,57.0,0.0,63.17958563410272,104.30936800089177,35.0,0.0001,0.0,1.1,0.0,0.0,1.0,1.0,1.244617133468589,0.8236690236905131,,,,,,0.0,1
45.60000000000001,0.002612804610284501,11.555239992675416,0.19123359104311705,3.35541470532349,62400.74990215146,69053.49670471576,6.4986196593031655,298.0282650361471,191.4662533670174,1.1085378825113916,60.0,100.0,10.0,57.0,0.0,63.66500691582817,105.2805709991805,35.0,0.0001,0.0,1.1,0.0,0.0,1.0,1.0,1.2479904049608004,0.8269133522052593,,,,,,0.0,1
45.800000000000004,0.0026267082462478526,11.513896066336878,0.19115050336572115,3.3952794177055683,62421.1965243263,69083.73066502469,6.501787898913563,298.0257753215861,190.73978360783448,1.1128236483080292,60.0,100.0,10.0,57.0,0.0,63.66948468316006,105.18052018032725,35.0,0.0001,0.0,1.1,0.0,0.0,1.0,1.0,1.2558639459426861,0.8301571814046097,,,,,,0.0,1
46.00000000000001,0.002610124041406906,11.474206322489422,0.19109679757361941,3.4356637399623846,62441.38733227499,69113.7356718149,6.5052960207624295,298.02242319648633,189.76125533416482,1.1171168500640332,60.0,100.0,10.0,57.0,0.0,62.395229694933406,105.4099486178311,35.0,0.0001,0.0,1.1,0.0,0.0,1.0,1.0,1.260643027899886,0.833407005827629,,,,,,0.0,1
46.2,0.0025265258836132255,11.474335374980535,0.19098483698908436,3.4771895245326276,62461.04133483509,69143.14186811358,6.506979951755058,298.02356970786906,190.09604520550914,1.1213512590062378,60.0,100.0,10.0,57.0,0.0,59.71847265166745,105.23871287710227,35.0,0.0001,0.0,1.1,0.0,0.0,1.0,1.0,1.2715640167491622,0.8366126857883115,,,,,,0.0,1
46.400000000000006,0.002547077817201703,11.412807832221887,0.19092001027783465,3.518843770382134,62480.022615334325,69171.92985248004,6.503431484738711,298.03473066910357,193.356500369639,1.1255810612799289,60.0,100.0,10.0,57.0,0.0,56.37306964573767,106.50027011062909,35.0,0.0001,0.0,1.1,0.0,0.0,1.0,1.0,1.2775253418480699,0.8398152351684841,,,,,,0.0,1
46.60000000000001,0.0025668967451375918,11.343614302379347,0.19075988399555655,3.560494200245308,62498.61604996589,69200.37887858375,6.496872697807077,298.0503160959501,197.91123811891927,1.1298471967167383,60.0,100.0,10.0,57.0,0.0,54.462972093944984,111.22606694625395,35.0,0.0001,0.0,1.1,0.0,0.0,1.0,1.0,1.2935032967419438,0.8430456552072493,,,,,,0.0,1
46.800000000000004,0.0025350684272810826,11.335791403174532,0.190725411025664,3.602639818894512,62517.34713059869,69228.94547025434,6.490483166620686,298.056584142188,199.7437929530217,1.1340998797254114,60.0,100.0,10.0,57.0,0.0,55.17782219993813,117.82173209043583,35.0,0.0001,0.0,1.1,0.0,0.0,1.0,1.0,1.2962660500857284,0.8462662500284218,,,,,,0.0,1
47.00000000000001,0.00254733765464738,11.288149474168671,0.19056519681357026,3.644754978076659,62536.72943221594,69258.18644561218,6.489464902827452,298.0574107275409,199.98554130533464,1.1383547698440748,60.0,100.0,10.0,57.0,0.0,58.44625406461501,121.75417093928863,35.0,0.0001,0.0,1.1,0.0,0.0,1.0,1.0,1.312250579694439,0.8494888773663436,,,,,,0.0,1
47.2,0.0025486552132495737,11.259704766453991,0.19050529307534578,3.687151425932752,62556.84342653334,69288.18772356688,6.4887385037093495,298.047870989584,197.19416393903415,1.1426168596606967,60.0,100.0,10.0,57.0,0.0,62.1061253423001,124.11423787130877,35.0,0.0001,0.0,1.1,0.0,0.0,1.0,1.0,1.317684811148064,0.8527173198331627,,,,,,0.0,1
47.400000000000006,0.0024377265398876275,11.325378837301763,0.19064052281880134,3.730797023109931,62577.75233914646,69318.88457047044,6.489183613823683,298.0358082146327,193.66316217786854,1.1467962646331822,60.0,100.0,10.0,57.0,0.0,66.07373667907723,122.96973116881097,35.0,0.0001,0.0,1.1,0.0,0.0,1.0,1.0,1.3026183147679895,0.8558834822945651,,,,,,0.0,1
47.60000000000001,0.002412331042920969,11.325171983887644,0.19077159862901383,3.774768816371022,62599.41903585531,69350.34614189122,6.490476885369891,298.03045775671313,192.09629858720447,1.1509306939962844,60.0,100.0,10.0,57.0,0.0,69.85983581955253,120.674783954693,35.0,0.0001,0.0,1.1,0.0,0.0,1.0,1.0,1.287991307534331,0.8590159159073618,,,,,,0.0,1
47.800000000000004,0.002362639989538018,11.36597880355773,0.19094845900174023,3.8193570784144986,62621.74089304791,69382.39761733371,6.492283439155092,298.01296959813703,186.97295254680782,1.1550111288550284,60.0,100.0,10.0,57.0,0.0,73.12799320349862,120.26215483330054,35.0,0.0001,0.0,1.1,0.0,0.0,1.0,1.0,1.2685497391774627,0.862107775354397,,,,,,0.0,1
48.00000000000001,0.0023763156821682957,11.333902425927919,0.190916234339032,3.8641472661724707,62644.57233237859,69414.99068832179,6.495961482943759,298.01148534768214,186.53791171065467,1.1590727330909796,60.0,100.0,10.0,57.0,0.0,75.67231557035498,115.41103443568537,35.0,0.0001,0.0,1.1,0.0,0.0,1.0,1.0,1.2711159534984935,0.8651856964194232,1715.0078657936087,45.64421208607629,548.5556181828758,3.0366185081280697,14.602647600114462,0.0,1
48.2,0.0023190085000306935,11.371347463474736,0.191048370402956,3.9095728799262828,62667.615839259815,69447.73183793697,6.500120869130961,298.0049433254599,184.6195949193669,1.1630838788186144,60.0,100.0,10.0,57.0,0.0,76.73630602668331,115.51648914820652,35.0,0.0001,0.0,1.1,0.0,0.0,1.0,1.0,1.2563882693834867,0.8682257028440358,,,,,,0.0,1
48.400000000000006,0.002444721004960179,11.22181719341594,0.19078947299017304,3.954046731597862,62691.338300314455,69481.33858114743,6.50051075709369,298.00313276199415,184.08844262073438,1.167191568258461,60.0,100.0,10.0,61.0,0.0,76.13571136288756,113.70132389803251,35.0,0.0001,0.0,1.1,0.0,0.0,1.0,1.0,1.2828077699918388,0.8713392117673618,,,,,,0.0,1
48.60000000000001,0.002384722545363002,11.209509766336287,0.19065099389006906,3.9990504232473647,62714.910681551446,69514.75824042069,6.49914546236659,298.00068593311164,183.37029201810984,1.1713220995473075,60.0,100.0,10.0,61.0,0.0,75.39261488801398,113.31111937375644,35.0,0.0001,0.0,1.1,0.0,0.0,1.0,1.0,1.2965407108550495,0.8744703739797465,,,,,,0.0,1
48.800000000000004,0.0023809823168080965,11.211882128998027,0.19066668911058474,4.044013745211045,62738.440434408534,69548.11304988484,6.49790781820454,298.0030380115064,184.0609523073814,1.1754142163534773,60.0,100.0,10.0,61.0,0.0,75.19104286478812,112.59802121006379,35.0,0.0001,0.0,1.1,0.0,0.0,1.0,1.0,1.2940586597599955,0.8775727520618418,,,,,,0.0,1
49.00000000000001,0.0023938269119687505,11.155534257295564,0.19058630285884925,4.089150492791163,62762.02429183613,69581.5782237548,6.494775154369872,298.0102315945664,186.17424231923457,1.1795192975258768,60.0,100.0,10.0,61.0,0.0,75.48003918756862,113.45356196456783,35.0,0.0001,0.0,1.1,0.0,0.0,1.0,1.0,1.3016833343811882,0.8806852950502321,,,,,,0.0,1
49.2,0.002364256284322814,11.12802251150636,0.19053545141660097,4.134544468439021,62785.914498579856,69615.3573209106,6.492202711643993,298.01611056785754,187.90213731703412,1.1836352735743612,60.0,100.0,10.0,61.0,0.0,77.0326876805395,116.0316329637883,35.0,0.0001,0.0,1.1,0.0,0.0,1.0,1.0,1.3061980836400178,0.8838064368099284,,,,,,0.0,1
49.400000000000006,0.002327375257583852,11.1359286698922,0.19056846861748414,4.180448162806937,62810.317604416145,69649.6304854025,6.492109237808182,298.01337113564546,187.09658972785297,1.187723057989247,60.0,100.0,10.0,61.0,0.0,79.60960222229639,118.3896116725237,35.0,0.0001,0.0,1.1,0.0,0.0,1.0,1.0,1.301895068462066,0.8869065359933438,,,,,,0.0,1
49.60000000000001,0.002327970578443858,11.106257698914359,0.19057396534688,4.226531345885617,62835.239632192715,69684.46300901735,6.490628298276663,298.0171360393135,188.2042104951701,1.1918095291661228,60.0,100.0,10.0,61.0,0.0,82.21766486664211,118.00456155432974,35.0,0.0001,0.0,1.1,0.0,0.0,1.0,1.0,1.3004874254010932,0.8900059731011885,,,,,,0.0,1
49.800000000000004,0.0023443261676340606,11.046556428467973,0.19039299157451472,4.272840138708807,62860.801468384416,69719.99331149508,6.490075383755116,298.02009771042134,189.07592980757977,1.195921177122599,60.0,100.0,10.0,61.0,0.0,85.4324679603579,119.8254166481093,35.0,0.0001,0.0,1.1,0.0,0.0,1.0,1.0,1.3186924956203265,0.8931248428142411,,,,,,0.0,1
50.00000000000001,0.0023636924629354982,11.026712928415119,0.190406544692005,4.318859150559812,62887.04556082296,69756.23133145916,6.491177803062783,298.02585582219575,190.77154374764913,1.2000563593177742,60.0,100.0,10.0,61.0,0.0,88.8616159103114,121.46155787705118,35.0,0.0001,0.0,1.1,0.0,0.0,1.0,1.0,1.3164286572883743,0.8962619052504512,,,,,,0.0,1
50.2,0.002353994753877206,11.026925350130657,0.19052007343743146,4.365103888952873,62913.88452914928,69793.07507411679,6.495465306956723,298.0180581341519,188.47401191148793,1.2041941954005537,60.0,100.0,10.0,61.0,0.0,91.84595979347638,124.17955804671499,35.0,0.0001,0.0,1.1,0.0,0.0,1.0,1.0,1.3036449655715077,0.8994013233004252,,,,,,0.0,1
50.400000000000006,0.0023945500014281845,12.55889621274997,0.19338292486986708,4.403823266258198,63040.98674362894,69930.22520773894,6.498031470256417,297.906253089182,155.49137548538215,1.2083576541317902,60.0,100.0,10.0,61.0,0.0,93.10477859052831,122.41576316561398,35.0,0.0001,500.0,1.1,0.0,0.0,1.0,1.0,1.00044112099422,0.9025605271663335,,,,,,0.0,1
50.60000000000001,0.002373481357708526,12.583909216005893,0.19357579389939347,4.442844232660333,63168.04709262166,70067.31516325174,6.499979730162224,298.4296878007149,310.25306815237656,1.2125102858517496,60.0,100.0,10.0,61.0,0.0,93.34978776519705,36.72472894968419,35.0,172.75723680922673,500.0,1.1,0.0,0.0,1.0,1.0,0.9791300479397074,0.9057118609946068,,,,,,0.0,1
50.800000000000004,0.0024468350517273803,12.49993285837474,0.19332410214756748,4.481166060390529,63294.95223390068,70204.37166548919,6.500841463430744,298.24950860671333,256.87411612132036,1.2167315669885033,60.0,100.0,10.0,61.0,0.0,92.80953416071223,214.63273311013307,35.0,17.275723680922674,500.0,1.1,0.0,0.0,1.0,1.0,1.0049387354068835,0.9089156448713553,,,,,,0.0,1
51.00000000000001,0.0024286477402614454,12.492519945326746,0.19311726039683588,4.51937633449116,63421.726353076556,70341.30105320948,6.501766830648995,298.07936538960814,206.35631294800652,1.2209879914393014,60.0,100.0,10.0,61.0,0.0,91.92508438119924,164.65844336991307,35.0,1.7275723680922674,500.0,1.1,0.0,0.0,1.0,1.0,1.0259752006258538,0.9121464621750599,,,,,,0.0,1
51.2,0.0024474199957063535,12.492434832946248,0.19309548665925594,4.557534086079007,63548.275495625116,70478.03811857347,6.500412461683103,297.9715970082126,174.2993412225057,1.225263113087104,60.0,100.0,10.0,61.0,0.0,90.66561268775051,116.66695017538342,35.0,0.17275723680922675,500.0,1.1,0.0,0.0,1.0,1.0,1.0273965557469948,0.9153918364938464,,,,,,0.0,1
51.400000000000006,0.0024097271584091256,12.533483957359067,0.19306347552327446,4.595967529487115,63674.69923963959,70614.61077340553,6.4994299107235465,297.902203634498,153.61284012450494,1.2295081895447135,60.0,100.0,10.0,61.0,0.0,89.95731711837131,83.73913483251482,35.0,0.017275723680922676,500.0,1.1,0.0,0.0,1.0,1.0,1.0299088098767817,0.9186147646134357,,,,,,0.0,1
51.60000000000001,0.002427245183467243,12.52109300350038,0.19298013814881115,4.634030101548375,63801.001472556374,70751.09655463093,6.495906710476383,298.2066178784238,244.5445150988923,1.2337583969912067,60.0,100.0,10.0,61.0,0.0,89.63474665782796,25.121740449754444,35.0,97.17432469841111,500.0,1.1,0.0,0.0,1.0,1.0,1.0378573162861044,0.9218419497108685,,,,,,0.0,1
51.800000000000004,0.0023533686283839206,12.5714350646493,0.19294159510019143,4.6726360145176935,63927.48909605663,70887.71774737467,6.492571057070136,298.1079885985072,215.0243482905756,1.2379718822128245,60.0,100.0,10.0,61.0,0.0,90.73545616624182,126.99774120069156,35.0,9.717432469841112,500.0,1.1,0.0,0.0,1.0,1.0,1.041068045751228,0.9250416086542692,,,,,,0.0,1
52.00000000000001,0.002333749006154149,12.59771146713476,0.19291063092287966,4.711157860995487,64054.48053128867,71024.84422996758,6.490316432295762,298.02644952599894,190.56477762128793,1.242151948958363,60.0,100.0,10.0,61.0,0.0,93.16583073929871,98.43570324090584,35.0,0.9717432469841113,500.0,1.1,0.0,0.0,1.0,1.0,1.043482948679498,0.9282162414394579,,,,,,0.0,1
52.2,0.0022863611617124743,12.649103751593502,0.1930378469283853,4.75000243220377,64182.14619060048,71162.6362448732,6.492577743821873,297.9713520780912,174.00797862977063,1.2463113300033801,60.0,100.0,10.0,61.0,0.0,96.49790547199888,75.09401526895849,35.0,0.09717432469841114,500.0,1.1,0.0,0.0,1.0,1.0,1.0291441876921565,0.9313755114744181,,,,,,0.0,1
52.400000000000006,0.0024174443258229952,12.537395353277807,0.19279122159827924,4.787730282527528,64311.09605974978,71301.93313076106,6.49676146475534,297.94136534134833,164.97700705787807,1.2505971752046967,60.0,100.0,10.0,65.0,0.0,98.91125421544862,57.68879600955009,35.0,0.009717432469841115,500.0,1.1,0.0,0.0,1.0,1.0,1.054383295538693,0.9346312002970986,,,,,,0.0,1
52.60000000000001,0.0024327048516736382,12.520357713060989,0.1926482754128232,4.825558853976736,64440.147854413626,71441.38252743731,6.499303996944169,298.15530272547824,229.5403233294768,1.254969685324404,60.0,100.0,10.0,65.0,0.0,99.65404121442523,17.306638802865027,35.0,64.63738678579423,500.0,1.1,0.0,0.0,1.0,1.0,1.0686161276550001,0.9379531023401542,,,,,,0.0,1
52.800000000000004,0.0023901288624510147,12.543892807126328,0.19256234715325812,4.8635273620919035,64569.11875238268,71580.7371135229,6.499453246434939,298.0873511702552,208.9898360003386,1.2593372337024777,60.0,100.0,10.0,65.0,0.0,99.38817459918731,89.14113715381635,35.0,6.463738678579424,500.0,1.1,0.0,0.0,1.0,1.0,1.0768110809335494,0.9412716173326171,,,,,,0.0,1
53.00000000000001,0.0023914942103832808,12.560128761239124,0.1925050640930716,4.901299183490304,64698.032510407036,71720.04632571759,6.498556286533223,298.0313587297894,192.0210451445873,1.263689352672487,60.0,100.0,10.0,65.0,0.0,99.06502576337745,69.91717242632961,35.0,0.6463738678579425,500.0,1.1,0.0,0.0,1.0,1.0,1.0819763815044634,0.9445787892060026,,,,,,0.0,1
53.2,0.0022847087927454707,12.659741203643623,0.1926091553595296,4.9401835189540435,64826.95563317483,71859.24891716032,6.498503022440755,297.9911887687485,179.82306137605102,1.2679456369070672,60.0,100.0,10.0,65.0,0.0,99.09755619284489,54.38508601437621,35.0,0.06463738678579425,500.0,1.1,0.0,0.0,1.0,1.0,1.0700778157081854,0.9478135036049827,,,,,,0.0,1
53.400000000000006,0.002215782205391547,12.728041503490987,0.19269619480213243,4.979587136502628,64955.888224377864,71998.38854734332,6.4972332288205585,297.9570858241092,169.44655832485026,1.2721009255229885,60.0,100.0,10.0,65.0,0.0,99.1453250692475,42.12234512585158,35.0,0.006463738678579425,500.0,1.1,0.0,0.0,1.0,1.0,1.060001797510683,0.9509718132076668,,,,,,0.0,1
53.60000000000001,0.002239091771223532,12.73897388990615,0.19267619681300555,5.01893528432022,65084.929926256016,72137.66385641771,6.497237505101917,297.9392328003813,164.00352663515582,1.2762270697692242,60.0,100.0,10.0,65.0,0.0,99.70932593485858,30.327682761168006,35.0,0.0006463738678579426,500.0,1.1,0.0,0.0,1.0,1.0,1.0612669292343082,0.9541083136790806,,,,,,0.0,1
53.800000000000004,0.0022474330461618084,12.75230744792391,0.19263325575391468,5.0582360119459455,65214.04674570055,72277.02912068194,6.496667581287879,298.07106388726504,204.28309618887113,1.2803504613661112,60.0,100.0,10.0,65.0,0.0,100.26351357270389,9.098304828350402,35.0,39.311293643438916,500.0,1.1,0.0,0.0,1.0,1.0,1.064962667990473,0.9572430628482795,,,,,,0.0,1
54.00000000000001,0.002242464350445122,12.78004110041336,0.19267452846123703,5.097541668989846,65343.30146907521,72416.54424105758,6.493911669086078,298.02942263678403,191.5342846554203,1.2844692343011581,60.0,100.0,10.0,65.0,0.0,101.05236805603062,52.43515749549281,35.0,3.931129364343892,500.0,1.1,0.0,0.0,1.0,1.0,1.0597397326023472,0.9603746412455555,,,,,,0.0,1
54.2,0.0021810171375409313,12.852364676731957,0.1927475653131269,5.136898150462514,65472.93599838577,72556.36141859587,6.491793190403448,297.99694203539286,181.57063705863612,1.2885349853875923,60.0,100.0,10.0,65.0,0.0,102.95239591636737,39.745088700356554,35.0,0.3931129364343892,500.0,1.1,0.0,0.0,1.0,1.0,1.051161291782728,0.9634662399794092,,,,,,0.0,1
54.400000000000006,0.0021658214239409944,12.85187729157362,0.19265373128024837,5.176181694196403,65603.1141171577,72696.76879001869,6.491141875574268,297.9792483537248,176.13094224526102,1.2925856863642609,60.0,100.0,10.0,65.0,0.0,105.69334486682368,29.954939478411326,35.0,0.039311293643438924,500.0,1.1,0.0,0.0,1.0,1.0,1.0602646818453338,0.9665467244714322,,,,,,0.0,1
54.60000000000001,0.0021391524980142918,12.8987838915441,0.1926454117828809,5.21544504524159,65733.88514787656,72837.72076224309,6.49334963840129,297.96692871942713,172.33598592764207,1.296611593913683,60.0,100.0,10.0,65.0,0.0,108.69284906157003,23.979550140600374,35.0,0.003931129364343893,500.0,1.1,0.0,0.0,1.0,1.0,1.0603136119496355,0.9696086803022551,,,,,,0.0,1
54.800000000000004,0.0021424399365491498,12.912350804882143,0.19261852237494267,5.254290271237572,65865.06806241798,72979.10063380026,6.494700400059953,297.96150298215855,170.66097797327734,1.3006336328811892,60.0,100.0,10.0,65.0,0.0,110.80179898143523,19.08379218509075,35.0,0.00039311293643438933,500.0,1.1,0.0,0.0,1.0,1.0,1.0623306580697807,0.9726680187028485,,,,,,0.0,1
55.00000000000001,0.0022180976658923673,12.825108455148165,0.19231420214611333,5.292712313285582,65996.5559393205,73120.94137098538,6.495297147945867,297.9649887249634,171.7390231570789,1.3047475016567835,60.0,100.0,10.0,65.0,0.0,112.38075092783906,16.06413706318029,35.0,0.0001,500.0,1.1,0.0,0.0,1.0,1.0,1.0937089273250673,0.9757975428346752,,,,,,0.0,1
55.2,0.0021680445306105707,12.877940998064181,0.19230847219722338,5.331296210202061,66128.29923724082,73262.99171879466,6.494758701178543,297.96607328155943,172.07505620994075,1.3088688249700624,60.0,100.0,10.0,65.0,0.0,113.71998518535281,15.863773191315353,35.0,0.0001,500.0,1.1,0.0,0.0,1.0,1.0,1.0934653533635241,0.9789330785623765,,,,,,0.0,1
55.400000000000006,0.002151580875178643,12.905407285687952,0.19225466305166236,5.369672824302359,66260.33996731402,73405.320797781,6.497543233157423,297.96696771910734,172.35281554881522,1.3129575526452,60.0,100.0,10.0,65.0,0.0,115.276588330767,14.898879332035825,35.0,0.0001,500.0,1.1,0.0,0.0,1.0,1.0,1.0983185024910376,0.9820441523344107,,,,,,0.0,1
55.60000000000001,0.002127313015192985,12.914551354013192,0.19215249245023566,5.4077586821224495,66392.45318598553,73547.71402154632,6.497158523110811,297.9679015569203,172.64340855440884,1.3170363159620513,60.0,100.0,10.0,65.0,0.0,115.70129895387794,13.927074170074356,35.0,0.0001,500.0,1.1,0.0,0.0,1.0,1.0,1.1082924495760682,0.9851479788760035,,,,,,0.0,1
55.800000000000004,0.0020462147269247406,12.997866196468783,0.1922111389934707,5.4460517770893215,66524.67703151112,73690.11664982657,6.497945319223061,297.96571965729015,171.96308947789322,1.3210454348459875,60.0,100.0,10.0,65.0,0.0,116.30147354714147,13.003829400463538,35.0,0.0001,500.0,1.1,0.0,0.0,1.0,1.0,1.1012581737933673,0.9881991336097774,,,,,,0.0,1
56.00000000000001,0.002025607900096348,13.03475275220796,0.19225452977914487,5.484492006869441,66656.94169633281,73832.54258356338,6.498349287896139,297.96441645776065,171.5557665809293,1.3249958789808745,60.0,100.0,10.0,65.0,0.0,116.5719088087009,11.040378628973066,35.0,0.0001,500.0,1.1,0.0,0.0,1.0,1.0,1.0958495678946945,0.9912059495869009,,,,,,0.0,1
56.2,0.002022936161690196,13.042599273884113,0.1922610228692821,5.5229825608645005,66789.21651656998,73975.0105438244,6.497341503418121,297.96619855446954,172.1137898244398,1.328945497491554,60.0,100.0,10.0,65.0,0.0,116.68526645700905,9.321626186901632,35.0,0.0001,500.0,1.1,0.0,0.0,1.0,1.0,1.0943472140795418,0.9942124506523531,,,,,,0.0,1
56.400000000000006,0.0021767354286175693,12.914316576955871,0.1918967877850951,5.561117973978207,66922.98363815795,74119.1871056246,6.495026689645623,297.97753388178296,175.66953776638945,1.3330545048535025,60.0,100.0,10.0,72.0,0.0,117.20642661322708,8.61184071396557,34.0,0.0001,500.0,1.1,0.0,0.0,1.0,1.0,1.132052274043718,0.9973406133352368,,,,,,0.0,1
56.60000000000001,0.0021982816676608587,12.894510309917889,0.19175638008901463,5.599410682991238,67057.02415742422,74263.71682365569,6.494357008784834,297.9877007634902,178.86561174702663,1.3372791809674036,60.0,100.0,10.0,72.0,0.0,118.65619245137485,11.241608704385932,34.0,0.0001,500.0,1.1,0.0,0.0,1.0,1.0,1.1460360613432086,1.000557187792673,,,,,,0.0,1
56.800000000000004,0.002111570721897984,12.976578585439603,0.19174660701288795,5.637875786635884,67191.39315321168,74408.45947937679,6.493162357460313,297.9891877624387,179.33392516570518,1.34144935330024,60.0,100.0,10.0,72.0,0.0,120.36506141847192,13.821688505387534,34.0,0.0001,500.0,1.1,0.0,0.0,1.0,1.0,1.146212500350254,1.0037326161845783,,,,,,0.0,1
57.00000000000001,0.0020864508234963303,12.995961552619576,0.1916572250826619,5.6765944738191125,67326.1862500708,74553.6179933231,6.495104299496348,297.9891513109844,179.32233855224146,1.345562113896741,60.0,100.0,10.0,72.0,0.0,122.56029341827455,13.797230160700373,34.0,0.0001,500.0,1.1,0.0,0.0,1.0,1.0,1.154820536607445,1.0068646701970099,,,,,,0.0,1
57.2,0.0020678342616808013,13.01189803046532,0.19160380103174404,5.715148698485334,67461.24800863456,74699.05035299585,6.499863449629126,297.9897388996132,179.50817545202415,1.3496664126686893,60.0,100.0,10.0,72.0,0.0,123.96431223510291,13.36804300831637,34.0,0.0001,500.0,1.1,0.0,0.0,1.0,1.0,1.1596270322070343,1.0099906192612795,,,,,,0.0,1
57.400000000000006,0.0021045627428623614,12.978075445802622,0.19144438150906018,5.753680383980154,67596.19692314629,74844.44997965274,6.503101936737417,297.99321983206937,180.61153135592332,1.3538097378695213,60.0,100.0,10.0,72.0,0.0,123.45946572555484,13.164208633066814,34.0,0.0001,500.0,1.1,0.0,0.0,1.0,1.0,1.1756316683633743,1.0131466356162329,,,,,,0.0,1
57.60000000000001,0.0021098557522538325,12.99795637126143,0.191466349170403,5.792310560341141,67730.77331695058,74989.49302418152,6.505684820354922,297.9952869265166,181.26818832060408,1.357970425249242,60.0,100.0,10.0,72.0,0.0,121.66914771669464,13.975932151224903,34.0,0.0001,500.0,1.1,0.0,0.0,1.0,1.0,1.1724556265102763,1.016316224456222,,,,,,0.0,1
57.800000000000004,0.0021370682481040015,12.969888794688515,0.19138176837000456,5.831025937130366,67864.77196268171,75134.03519157962,6.506960033410926,298.00003270762846,182.77856921788032,1.362170140667056,60.0,100.0,10.0,72.0,0.0,118.83964121974351,14.408716444698435,34.0,0.0001,500.0,1.1,0.0,0.0,1.0,1.0,1.180535481241642,1.0195158978625474,,,,,,0.0,1
58.00000000000001,0.0021610906815458042,12.953423528446343,0.19133401070667458,5.869831570572216,67998.08913828153,75277.95912169994,6.508492533801013,298.00502518210016,184.3706518810527,1.3664175216035932,60.0,100.0,10.0,72.0,0.0,115.50060595919358,15.853767464310017,34.0,0.0001,500.0,1.1,0.0,0.0,1.0,1.0,1.1847126401957986,1.022752247600986,,,,,,0.0,1
58.2,0.0021757893031506556,12.938825204952426,0.19123503392900534,5.908797651365305,68130.60054201301,75421.11715787541,6.5088100947235565,298.01002047957365,185.96689250953088,1.3706958269131517,60.0,100.0,10.0,72.0,0.0,111.54154632837898,17.54180433477209,34.0,0.0001,500.0,1.1,0.0,0.0,1.0,1.0,1.1942966610708825,1.026012527649853,,,,,,0.0,1
58.400000000000006,0.002174322468745697,12.948782064450638,0.1912063608162429,5.94796869029967,68262.28116091677,75563.45785056175,6.505860297825378,298.01277789470265,186.84990326232156,1.3749766076461352,60.0,100.0,10.0,72.0,0.0,107.45987511865044,19.416182733347462,34.0,0.0001,500.0,1.1,0.0,0.0,1.0,1.0,1.1964497456171541,1.0292750628685816,,,,,,0.0,1
58.60000000000001,0.002087537582001726,13.026010145001003,0.19131728205986237,5.987419954655527,68393.37405264522,75705.10447765114,6.502320470795054,298.00835186772304,185.43006961514976,1.379190889297284,60.0,100.0,10.0,72.0,0.0,104.56878087327145,20.705794205812175,34.0,0.0001,500.0,1.1,0.0,0.0,1.0,1.0,1.183861657866695,1.0324872771617795,,,,,,0.0,1
58.800000000000004,0.0021017427794925627,13.021829445076385,0.1912233027763041,6.027002551617576,68524.15936480777,75846.46718229452,6.497233254976691,298.00651848292216,184.8406845471937,1.3833728084516197,60.0,100.0,10.0,72.0,0.0,103.08960383815074,19.637305335726786,34.0,0.0001,500.0,1.1,0.0,0.0,1.0,1.0,1.1929386074652517,1.0356751775951833,,,,,,0.0,1
59.00000000000001,0.002112835683476094,13.041145099083247,0.19129802642219057,6.066212361800086,68655.0457801193,75987.96839423313,6.4927249728057355,298.00737191989606,185.11554633885385,1.3875755027710692,60.0,100.0,10.0,72.0,0.0,103.65496237408439,19.351177821385825,34.0,0.0001,500.0,1.1,0.0,0.0,1.0,1.0,1.1841777861943317,1.0388792698939178,,,,,,0.0,1
59.2,0.0021476228624982183,13.002348380195984,0.19105349147280162,6.105406803053901,68786.39329295396,76130.01548687089,6.487149319540436,298.0095344695612,185.8134234745452,1.3918257889847356,60.0,100.0,10.0,72.0,0.0,106.02241608358064,19.903807072968284,34.0,0.0001,500.0,1.1,0.0,0.0,1.0,1.0,1.2091531690014925,1.04212000762209,,,,,,0.0,1
59.400000000000006,0.0021558054037110357,12.996223177500367,0.1908669010865579,6.1445934140677245,68918.64994829577,76273.01956892751,6.485877595881851,298.01101608659815,186.29250701559644,1.3961136169669468,60.0,100.0,10.0,72.0,0.0,110.63241393205048,20.919932926231077,34.0,0.0001,500.0,1.1,0.0,0.0,1.0,1.0,1.2279883053029335,1.045389738792656,,,,,,0.0,1
59.60000000000001,0.002143272448926334,13.02479360761112,0.19085354092577939,6.183602689326748,69051.91481603109,76417.04935904052,6.482559854903706,298.00973710025823,185.87801809954297,1.4004166164415215,60.0,100.0,10.0,72.0,0.0,115.7350790750849,21.772414290042327,34.0,0.0001,500.0,1.1,0.0,0.0,1.0,1.0,1.2285197054670485,1.048671411580987,,,,,,0.0,1
59.800000000000004,0.0021614818202161878,13.012591569159527,0.19065058548553962,6.222698877167846,69186.46034906051,76562.41013889437,6.480332527995885,298.00823520390736,185.390482912765,1.404746138758411,60.0,100.0,10.0,72.0,0.0,122.18944664361159,21.733155122425877,34.0,0.0001,500.0,1.1,0.0,0.0,1.0,1.0,1.2490679878586344,1.0519736885579134,,,,,,0.0,1
60.00000000000001,0.002142425359833077,13.067610028615325,0.19070630205516498,6.261692230897676,69322.46090488334,76709.21416340295,6.4828578757937345,298.0044082738428,184.14547134962515,1.4090728765863523,60.0,100.0,10.0,72.0,0.0,129.52729786867377,21.589734538607594,34.0,0.0001,500.0,1.1,0.0,0.0,1.0,1.0,1.2423012497858694,1.0552742191668063,1759.1700183333908,45.638508690689356,806.3614141119315,5.484492006869441,16.90723076919606,0.0,1
60.2,0.0021234896475993046,13.115464512705923,0.19077168591419402,6.3002939645557365,69459.71290193609,76857.24456300601,6.484518524750159,298.0000257789207,182.71682986800215,1.413385069617592,60.0,100.0,10.0,72.0,0.0,135.8398028420695,20.589528035486275,34.0,0.0001,500.0,1.1,0.0,0.0,1.0,1.0,1.234514695086168,1.0585640301840957,,,,,,0.0,1
60.400000000000006,0.002198353603442712,13.0818079052506,0.19057562182163637,6.338615170708927,69598.88604423749,77007.26877591558,6.486946218513218,298.0003669505658,182.8282460635251,1.4177663554085516,60.0,100.0,10.0,76.0,0.0,141.50411845529808,19.27157953195624,33.0,0.0001,500.0,1.1,0.0,0.0,1.0,1.0,1.254324857131436,1.061906936679955,,,,,,0.0,1
60.60000000000001,0.002202177602657025,13.101552409249972,0.19054000436632273,6.376805922072599,69738.98251390083,77158.24676189272,6.489847757602739,297.9997826759094,182.63693336594665,1.4221963799206083,60.0,100.0,10.0,76.0,0.0,146.18907678734797,19.423119170963965,33.0,0.0001,500.0,1.1,0.0,0.0,1.0,1.0,1.2571812187450135,1.065287424246179,,,,,,0.0,1
60.800000000000004,0.002156523980948215,13.174472717056577,0.1906914938139041,6.415402775747724,69879.77312315568,77309.87014657249,6.495231197914197,297.9967402215961,181.63918473795388,1.4265963821384144,60.0,100.0,10.0,76.0,0.0,149.71073800030962,19.232746273374552,33.0,0.0001,500.0,1.1,0.0,0.0,1.0,1.0,1.2402851367033358,1.0686453940517247,,,,,,0.0,1
61.00000000000001,0.002172550424805498,13.179700930274345,0.19071628964998555,6.453676131488008,70020.82138834454,77461.79133039388,6.497914632769164,297.9969224179759,181.69903362227242,1.4310033144144645,60.0,100.0,10.0,76.0,0.0,151.06566341282408,18.179331941815413,33.0,0.0001,500.0,1.1,0.0,0.0,1.0,1.0,1.2367652698958518,1.0720090441759975,,,,,,0.0,1
61.2,0.002200555106720735,13.184160096611082,0.19075150017614886,6.491825881072641,70161.91584838838,77613.82679611359,6.497177122566685,297.99729783597337,181.8226296815078,1.435452668332064,60.0,100.0,10.0,76.0,0.0,151.3606871517222,18.142766410048587,33.0,0.0001,500.0,1.1,0.0,0.0,1.0,1.0,1.2321357637526558,1.075405470711865,,,,,,0.0,1
61.400000000000006,0.0022068952422379146,13.195340211952123,0.19072150303214724,6.529755734770539,70303.11531895427,77765.98424920211,6.497276920990663,297.99820138464486,182.12080043162456,1.4399288242437414,60.0,100.0,10.0,76.0,0.0,151.9542348500739,18.155509820425017,33.0,0.0001,500.0,1.1,0.0,0.0,1.0,1.0,1.2343899110699077,1.078822759737924,,,,,,0.0,1
61.60000000000001,0.002177370958261614,13.241223001858595,0.19077006722607426,6.568239948917489,70444.41014559951,77918.20804409265,6.498491891393699,297.99678973830993,181.65388405597702,1.444380079201747,60.0,100.0,10.0,76.0,0.0,152.4940008216872,18.363087326108662,33.0,0.0001,500.0,1.1,0.0,0.0,1.0,1.0,1.228348106376371,1.0822214393359153,,,,,,0.0,1
61.800000000000004,0.002171454329621554,13.280972129799803,0.1908864257342077,6.606667029559064,70585.70277487444,78070.42815730105,6.498309740290841,297.9958121505213,181.3298680054136,1.4488100826966661,60.0,100.0,10.0,76.0,0.0,152.5452629683314,17.80184464970396,33.0,0.0001,500.0,1.1,0.0,0.0,1.0,1.0,1.2151431273041033,1.0856042898585232,,,,,,0.0,1
62.00000000000001,0.002117650678294065,13.3343351433401,0.19091374236299505,6.645581280344925,70727.0101527137,78222.6140606693,6.497678165103247,297.99349676181555,180.5609573134577,1.4531850229530434,60.0,100.0,10.0,76.0,0.0,152.67779268420773,17.354779396767334,33.0,0.0001,500.0,1.1,0.0,0.0,1.0,1.0,1.2113592716190305,1.0889454817268922,,,,,,0.0,1
62.2,0.002069843146242296,13.387569693213447,0.1909457079859259,6.684585678475223,70868.38255960714,78374.80832597481,6.49750506178507,297.98880198524523,178.9987777744628,1.4574907546488372,60.0,100.0,10.0,76.0,0.0,153.06074405032223,16.40625784624155,33.0,0.0001,500.0,1.1,0.0,0.0,1.0,1.0,1.20709732684056,1.092234195612361,,,,,,0.0,1
62.400000000000006,0.0020789847711889164,13.37486732699809,0.19082201235344076,6.723636352409449,71009.83262752832,78527.13792747034,6.495715440238384,297.98814912787964,178.78106725826967,1.4617942079232664,60.0,100.0,10.0,76.0,0.0,153.5102039457085,14.560053912858201,33.0,0.0001,500.0,1.1,0.0,0.0,1.0,1.0,1.2192941810575493,1.0955215433836616,,,,,,0.0,1
62.60000000000001,0.0020582802328404327,13.383671896141118,0.1907217801317902,6.76280642382574,71151.50379672082,78679.71014259217,6.494717111284476,297.9868015599568,178.33066606809888,1.4661078937771284,60.0,100.0,10.0,76.0,0.0,154.68455625228006,13.950103392701784,33.0,0.0001,500.0,1.1,0.0,0.0,1.0,1.0,1.2290065423019225,1.0988170831194497,,,,,,0.0,1
62.800000000000004,0.0020605712904067388,13.379414951759433,0.19057842131036812,6.8018304048323,71293.47669599742,78832.61929046205,6.495966447774174,297.98641731708256,178.2019782840365,1.4704409633675937,60.0,100.0,10.0,76.0,0.0,156.251700244814,13.045681185052082,33.0,0.0001,500.0,1.1,0.0,0.0,1.0,1.0,1.2432707688938276,1.1021278099936964,,,,,,0.0,1
63.00000000000001,0.002045766252396968,13.403393305232827,0.19055398537376386,6.840947058517196,71435.64808978631,78985.72833198801,6.498668998798914,297.98601563949137,178.06712726508502,1.4747785556194526,60.0,100.0,10.0,76.0,0.0,157.31268595633344,12.428282651238113,33.0,0.0001,500.0,1.1,0.0,0.0,1.0,1.0,1.244966317208866,1.1054423724462181,,,,,,0.0,1
63.2,0.0020330828710318975,13.422879789271267,0.19047653506522594,6.880149747860197,71577.80278822855,79138.81458400583,6.502369313769081,297.9858712503201,178.0185172274563,1.4791007762239219,60.0,100.0,10.0,76.0,0.0,157.29167657180403,11.783235094431951,33.0,0.0001,500.0,1.1,0.0,0.0,1.0,1.0,1.2522665224216294,1.1087455669194142,,,,,,0.0,1
63.400000000000006,0.0019985619833804004,13.482220381939015,0.1905484256305525,6.9193954168016845,71719.64499919946,79291.5149896527,6.506678542007371,297.9842562832545,177.4744705447433,1.4833724673981445,60.0,100.0,10.0,76.0,0.0,155.78722187055803,11.212019893199773,33.0,0.0001,500.0,1.1,0.0,0.0,1.0,1.0,1.243797388252001,1.1120105160368774,,,,,,0.0,1
63.60000000000001,0.002006231324791581,13.485940007830184,0.19055767849027921,6.958591315556999,71860.82740363621,79443.60028587142,6.511154299571128,297.98550356534366,177.89545142957266,1.4876373919929298,60.0,100.0,10.0,76.0,0.0,152.55474951992505,10.126111061368228,33.0,0.0001,500.0,1.1,0.0,0.0,1.0,1.0,1.241947700256574,1.1152706613386336,,,,,,0.0,1
63.800000000000004,0.001966304220120054,13.53252245219641,0.1906452790202127,6.99790441941972,72000.99286342598,79594.61446744043,6.514139677911441,297.9854249045571,177.86880030040703,1.491874612280287,60.0,100.0,10.0,76.0,0.0,147.52758320464247,9.97814625715754,33.0,0.0001,500.0,1.1,0.0,0.0,1.0,1.0,1.2318215780455952,1.1185099934525535,,,,,,0.0,1
64.0,0.001975451428583385,13.540434821497374,0.1906084881715782,7.037137468175839,72139.90000271269,79744.3809304599,6.5164247533458015,297.98669639491806,178.29967101929077,1.4960857802544256,60.0,100.0,10.0,76.0,0.0,141.30780409489623,9.398037370504603,33.0,0.0001,500.0,1.1,0.0,0.0,1.0,1.0,1.234849422585898,1.1217297684683105,,,,,,0.0,1
64.2,0.0019724140698395777,13.55666555059848,0.19062755465829181,7.076531495072878,72277.36529382311,79892.71275132374,6.516713828074955,297.98872182801546,178.98745953954005,1.5002844107551363,60.0,100.0,10.0,76.0,0.0,134.168510988005,9.290725421831702,33.0,0.0001,500.0,1.1,0.0,0.0,1.0,1.0,1.2319747392556528,1.1249403146855446,,,,,,0.0,1
64.4,0.0020185052531064064,13.524194843664768,0.19045078134405635,7.115957532010924,72414.16793134001,80040.40691362642,6.515205214361938,297.9944309333277,180.9296417073278,1.504527751127298,60.0,100.0,10.0,80.0,0.0,126.91752710827923,9.481078472154884,32.0,0.0001,500.0,1.1,0.0,0.0,1.0,1.0,1.2497929454212084,1.1281854113267435,,,,,,0.0,1
64.60000000000001,0.0020235913550818306,13.517226572720004,0.19032751179940754,7.155420547582946,72549.62632925384,80186.77836893353,6.512297483132191,298.00030129252775,182.93068020708435,1.5088010924343247,60.0,100.0,10.0,80.0,0.0,120.27148256926696,11.012597607225054,32.0,0.0001,500.0,1.1,0.0,0.0,1.0,1.0,1.2619462166364663,1.1314538193944228,,,,,,0.0,1
64.80000000000001,0.0020420715031102105,13.504584205139418,0.1902447814997052,7.195064740440167,72683.97465187006,80332.09805097835,6.5067584686714905,298.0073968648696,185.35379802659412,1.513102964582478,60.0,100.0,10.0,80.0,0.0,114.79117181446325,12.78621324119235,32.0,0.0001,500.0,1.1,0.0,0.0,1.0,1.0,1.2698086916370066,1.1347444221588106,,,,,,0.0,1
65.0,0.0019915771016647786,13.56332577798218,0.19030298197946224,7.234604296889929,72817.65842101016,80476.671390284,6.5036070418604215,298.0092557727722,185.98976964671803,1.5173686286193941,60.0,100.0,10.0,80.0,0.0,111.53781842734037,15.201456474912256,32.0,0.0001,500.0,1.1,0.0,0.0,1.0,1.0,1.2627887704425358,1.1380076983422396,,,,,,0.0,1
65.2,0.0019786039482571653,13.569931900575785,0.19018822277815825,7.2739950473368085,72950.92794564832,80620.82291497789,6.500904532110875,298.0092029029193,185.97158645505746,1.5216010253724086,60.0,100.0,10.0,80.0,0.0,109.53277872086726,16.0669453413552,32.0,0.0001,500.0,1.1,0.0,0.0,1.0,1.0,1.2740497366094863,1.1412458887674688,,,,,,0.0,1
65.4,0.0019781952026901623,13.548066883169735,0.18992916374380928,7.3135688016694385,73084.0031186225,80764.82172569123,6.499655088536596,298.0091290962541,185.9462002736957,1.5258398330998835,60.0,100.0,10.0,80.0,0.0,108.61837813113195,16.38185491179889,32.0,0.0001,500.0,1.1,0.0,0.0,1.0,1.0,1.3005453402884932,1.1444893477138651,,,,,,0.0,1
65.60000000000001,0.002001288494990279,13.535352601521561,0.18979203908221698,7.353023547935195,73216.98277292386,80908.79449923664,6.498307776474557,298.01097898107884,186.5826918186763,1.5301185407883475,60.0,100.0,10.0,80.0,0.0,108.20200146407078,16.70189699568531,32.0,0.0001,500.0,1.1,0.0,0.0,1.0,1.0,1.3141501041445816,1.1477637063854604,,,,,,0.0,1
65.80000000000001,0.00199003349875147,13.560421399937109,0.18973610958154985,7.392477246326133,73349.97548374989,81052.77400722468,6.496824009583906,298.01009562993454,186.2780907353363,1.5344032406338983,60.0,100.0,10.0,80.0,0.0,108.33124192433732,17.68300191972805,32.0,0.0001,500.0,1.1,0.0,0.0,1.0,1.0,1.319181742822782,1.1510430222298593,,,,,,0.0,1
66.0,0.0019695091274419753,13.59694413689096,0.18973815053573156,7.43191416192626,73483.10139802056,81196.86837928071,6.496063574228002,298.00603946384797,184.87681869363306,1.5386642369018393,60.0,100.0,10.0,80.0,0.0,109.05599617836678,17.776083429217017,32.0,0.0001,500.0,1.1,0.0,0.0,1.0,1.0,1.3180997022267162,1.1543045652326458,,,,,,0.0,1
66.2,0.0019835687318828284,13.57975079623172,0.18956586041114049,7.471297928804674,73616.42281699089,81341.222122986,6.494454768067973,298.00392747666956,184.14598994569522,1.5429448092414404,60.0,100.0,10.0,80.0,0.0,110.08306359517995,16.761917385477638,32.0,0.0001,500.0,1.1,0.0,0.0,1.0,1.0,1.335411436745531,1.157581462954346,,,,,,0.0,1
66.4,0.0019886093588017263,13.590330398912016,0.18948344728013186,7.510326244171395,73750.06754823666,81485.9224437425,6.492081071370902,298.003124762444,183.8676533021091,1.5472535559491707,60.0,100.0,10.0,80.0,0.0,111.76078604489265,16.29018294887451,32.0,0.0001,500.0,1.1,0.0,0.0,1.0,1.0,1.34323123080007,1.160880303908741,,,,,,0.0,1
66.60000000000001,0.0019775092046391,13.614573060762288,0.18939218523776608,7.5490205822808685,73884.22646996002,81631.12307095787,6.488375062135571,298.00191518453397,183.44745693503117,1.5515624873272207,60.0,100.0,10.0,80.0,0.0,114.39074605940122,16.176366819994065,32.0,0.0001,500.0,1.1,0.0,0.0,1.0,1.0,1.3519835944217662,1.1641796625325305,,,,,,0.0,1
66.80000000000001,0.001928494166875817,13.699632167750707,0.1894826597168653,7.587810039371065,74019.19867415751,81777.02770419433,6.487390077805108,297.9966454943949,181.6136671989471,1.5557993855494108,60.0,100.0,10.0,80.0,0.0,118.50963561761431,15.882261389383736,32.0,0.0001,500.0,1.1,0.0,0.0,1.0,1.0,1.3415790040677216,1.167424232172245,,,,,,0.0,1
67.0,0.0019020293648018105,13.726152057707997,0.18942148144529955,7.626566001604979,74155.06038338575,81923.80366141828,6.488061826209742,297.9901754180329,179.35774043473393,1.5599869388590049,60.0,100.0,10.0,80.0,0.0,123.01050512710906,14.145109545752412,32.0,0.0001,500.0,1.1,0.0,0.0,1.0,1.0,1.3471833278524066,1.1706313716268553,,,,,,0.0,1
67.2,0.0018402949203398997,13.81211171316192,0.18947855663857446,7.664733670677445,74291.7603312789,82071.28281892915,6.4931345873280675,297.98093336356595,176.1297230362926,1.564094651533391,60.0,100.0,10.0,80.0,0.0,127.24513019826944,11.826661916711807,32.0,0.0001,500.0,1.1,0.0,0.0,1.0,1.0,1.3403271794711942,1.1737777086505796,,,,,,0.0,1
67.4,0.0018236409809449417,13.851716877797225,0.1895010277755267,7.702910744910158,74428.88755232996,82219.16939618533,6.4986771071873095,297.9739780566343,173.69524681040787,1.5681409793674421,60.0,100.0,10.0,80.0,0.0,129.4351898385849,8.318256874566636,32.0,0.0001,500.0,1.1,0.0,0.0,1.0,1.0,1.3371338646470452,1.1768773619968205,,,,,,0.0,1
67.60000000000001,0.0017545516082381179,13.944967841115988,0.18963112653903516,7.7404835442881,74566.00184039892,82366.87777545005,6.503115069801443,297.9645582522749,170.3923824296433,1.5720927916733565,60.0,100.0,10.0,80.0,0.0,129.4138553635521,5.272992525364863,32.0,0.0001,500.0,1.1,0.0,0.0,1.0,1.0,1.322598060325043,1.1799049331102311,,,,,,0.0,1
67.80000000000001,0.0017532755784789211,13.961722369089676,0.18967146207607283,7.778188937054729,74702.74587949498,82514.24169544921,6.5066749708912495,297.9605457927883,168.98267135479225,1.576006174471296,60.0,100.0,10.0,80.0,0.0,127.61683508947196,1.099501947156007,32.0,0.0001,500.0,1.1,0.0,0.0,1.0,1.0,1.3175431704706126,1.1829033747233917,,,,,,0.0,1
68.0,0.0017290780988944174,14.003399823752693,0.1897476682381389,7.815698773768717,74838.83431277526,82660.91193437102,6.508169807518269,297.9567143462518,167.63417543549684,1.5798968358537036,60.0,100.0,10.0,80.0,0.0,124.390629435973,0.0001,32.0,0.0001,500.0,1.1,0.0,0.0,1.0,1.0,1.3087034882383697,1.1858847151624345,,,,,,0.0,1
68.2,0.00174241959353121,14.005574256095832,0.18975066163564513,7.853491489233355,74974.14736555157,82806.85617074497,6.506033119312887,297.9548191562284,166.96595407718135,1.5837949713161827,60.0,100.0,10.0,80.0,0.0,120.56853615288519,0.0001,32.0,0.0001,500.0,1.1,0.0,0.0,1.0,1.0,1.3075935178622862,1.1888720909022812,,,,,,0.0,1
68.4,0.0017553308246739145,14.006111642015819,0.18964438830017671,7.891438909065389,75109.6566432937,82952.99094737714,6.502507233149104,297.9543802277188,166.81088722640908,1.5877286915188122,60.0,100.0,10.0,84.0,0.0,117.60919479876416,0.0001,31.0,0.0001,500.0,1.1,0.0,0.0,1.0,1.0,1.3180166413416248,1.191887050001355,,,,,,0.0,1
68.60000000000001,0.0017537664201563996,14.035849914909642,0.18971233193406237,7.929370550243475,75244.84218222562,83098.82236707286,6.497608341965173,297.95444130459043,166.83245460233334,1.59168280068117,60.0,100.0,10.0,84.0,0.0,116.05763900765707,0.0001,31.0,0.0001,500.0,1.1,0.0,0.0,1.0,1.0,1.3100358600627464,1.1949179525534268,,,,,,0.0,1
68.80000000000001,0.0017724020072709457,14.028033237776222,0.1896438729930518,7.967658749384281,75380.10008243386,83244.80574989825,6.496317831234539,297.9566806711592,167.62624563937752,1.5956735301217422,60.0,100.0,10.0,84.0,0.0,116.47191472685498,0.0001,31.0,0.0001,500.0,1.1,0.0,0.0,1.0,1.0,1.31645412294206,1.1979772471056997,,,,,,0.0,1
69.0,0.0017983118486442117,14.005686285370716,0.18948034209472422,8.006121571349736,75515.52607983841,83391.06146907592,6.495318524693109,297.961455544295,169.3222618797983,1.5997257134448335,60.0,100.0,10.0,84.0,0.0,117.38774051094472,0.0001,31.0,0.0001,500.0,1.1,0.0,0.0,1.0,1.0,1.332898148840574,1.2010839831019158,,,,,,0.0,1
69.2,0.0017760829015831979,14.047647291299679,0.18949901077779385,8.044716472908766,75651.20356694041,83537.55388302164,6.493142143342926,297.96487473503936,170.53900103394523,1.6037830877884345,60.0,100.0,10.0,84.0,0.0,118.71517012625947,0.006161151064784554,31.0,0.0001,500.0,1.1,0.0,0.0,1.0,1.0,1.3301020612267307,1.2041950330576083,,,,,,0.0,1
69.4,0.0018218233819564484,14.01182023706763,0.18932371181651061,8.083432297869214,75787.30855028277,83684.61622094773,6.492584747098625,297.97199867635027,173.07859225506337,1.6078997353978088,60.0,100.0,10.0,84.0,0.0,120.92068505467445,0.0001,31.0,0.0001,500.0,1.1,0.0,0.0,1.0,1.0,1.3477716929436614,1.2073518733661655,,,,,,0.0,1
69.60000000000001,0.0018142614033786028,14.064857571841738,0.1894351962509535,8.12212221040331,75923.88184630952,83832.15064129818,6.490983342246996,297.97696560058034,174.85272405949127,1.6120414169307107,60.0,100.0,10.0,84.0,0.0,123.34074890517387,1.1150183856566933,31.0,0.0001,500.0,1.1,0.0,0.0,1.0,1.0,1.3351609781713198,1.2105282582780117,,,,,,0.0,1
69.80000000000001,0.001763547434238219,14.155081202354555,0.18966366026431505,8.160848051533073,76061.05714276993,83980.18388449801,6.492328847184884,297.9770542018346,174.88436394683706,1.6161228594454167,60.0,100.0,10.0,84.0,0.0,126.41200053878872,1.7251280483358435,31.0,0.0001,500.0,1.1,0.0,0.0,1.0,1.0,1.3102002491082345,1.2136587849525606,,,,,,0.0,1
70.0,0.001767955506005336,14.178357764741701,0.18967032093705874,8.199409431591326,76198.7218111284,84128.72621150983,6.494405378540156,297.9774110921517,175.01228258457897,1.620172487518757,60.0,100.0,10.0,84.0,0.0,128.93032828445303,0.8546535710985061,31.0,0.0001,500.0,1.1,0.0,0.0,1.0,1.0,1.308671622850125,1.2167652440358605,,,,,,0.0,1
70.2,0.0017621985928464488,14.209806245054065,0.18970554006041657,8.238119089722472,76336.71290578334,84277.6118841598,6.496966414700094,297.97813563605064,175.27248404894692,1.6242191426528894,60.0,100.0,10.0,84.0,0.0,130.62250273614683,0.11664878989162375,31.0,0.0001,500.0,1.1,0.0,0.0,1.0,1.0,1.304125559486567,1.2198697555164246,,,,,,0.0,1
70.4,0.001793794704437411,14.206278678304407,0.1896011021796289,8.276728611169686,76474.82477441619,84426.6832787027,6.498787655543841,297.98020925534036,176.0185849102494,1.6282910054766129,60.0,100.0,10.0,84.0,0.0,131.28779754669887,0.0001,31.0,0.0001,500.0,1.1,0.0,0.0,1.0,1.0,1.314331632310062,1.222993941801037,,,,,,0.0,1
70.60000000000001,0.0017627447543767515,14.245346698938006,0.18958032287056106,8.31519677426678,76612.91139019073,84575.69964780875,6.499418851712157,297.980573507344,176.14984215965774,1.6323527536483993,60.0,100.0,10.0,84.0,0.0,131.22628575858673,0.0001,31.0,0.0001,500.0,1.1,0.0,0.0,1.0,1.0,1.3156999824870264,1.2261107033143446,,,,,,0.0,1
70.80000000000001,0.0017131270446708736,14.318453099904344,0.18965723104259677,8.352846460158725,76750.9237697022,84724.51665027766,6.49795025950895,297.97650434803285,174.68022879238967,1.636343814546044,60.0,100.0,10.0,84.0,0.0,130.9130371830161,0.0001,31.0,0.0001,500.0,1.1,0.0,0.0,1.0,1.0,1.306760125433833,1.2291735500592416,,,,,,0.0,1
71.0,0.0017278099800763075,14.326620477762056,0.18962898534746472,8.390582733598615,76888.98058215492,84873.44300900961,6.4962024415538275,297.97351206534006,173.5975360867632,1.640319887913867,60.0,100.0,10.0,84.0,0.0,131.1921723155541,0.0001,31.0,0.0001,500.0,1.1,0.0,0.0,1.0,1.0,1.3089350498667776,1.2322252170796872,,,,,,0.0,1
71.2,0.001779547420760512,14.279738083877682,0.18933570370004482,8.428351289109633,77027.22038076312,85022.6955010291,6.492750124864937,297.97423069052263,173.8580056854039,1.6443649545626908,60.0,100.0,10.0,84.0,0.0,132.16681566191713,0.0001,31.0,0.0001,500.0,1.1,0.0,0.0,1.0,1.0,1.3390959075754463,1.2353301669438568,,,,,,0.0,1
71.4,0.0017784308968174707,14.307015312552767,0.18928537279432425,8.466014458515353,77165.91880222515,85172.41673751232,6.489374675185762,297.97459223527227,173.98927301259843,1.6484481245617582,60.0,100.0,10.0,84.0,0.0,134.53142275947178,0.0001,31.0,0.0001,500.0,1.1,0.0,0.0,1.0,1.0,1.3435812122616078,1.238464702107274,,,,,,0.0,1
71.60000000000001,0.0018150408305311703,14.315144744957594,0.18925402828705953,8.503814867801236,77305.34813625991,85322.94961813229,6.489270153096728,297.9765592925317,174.70490294335568,1.6525721054051616,60.0,100.0,10.0,84.0,0.0,138.24468085109305,0.0001,31.0,0.0001,500.0,1.1,0.0,0.0,1.0,1.0,1.3460531675976757,1.2416309109257564,,,,,,0.0,1
71.80000000000001,0.001765525022525518,14.38945478992979,0.18930705672908682,8.54119276236044,77445.51394411917,85474.09818623097,6.4922662257966355,297.9737022045538,173.66344197721162,1.6566554284428907,60.0,100.0,10.0,84.0,0.0,141.9893622023736,0.0001,31.0,0.0001,500.0,1.1,0.0,0.0,1.0,1.0,1.3396227205191793,1.2447662454711554,,,,,,0.0,1
72.0,0.0017642434418895275,14.418593017560166,0.18931310919258634,8.578630090721107,77586.17575584818,85625.7591093171,6.497589956004281,297.97017015395585,172.3733601415819,1.6607038856368588,60.0,100.0,10.0,84.0,0.0,144.53219085813757,0.0001,31.0,0.0001,500.0,1.1,0.0,0.0,1.0,1.0,1.3381602312849796,1.2478751436726665,1687.6579972273678,30.247239717257308,990.3812725362894,7.815698773768717,18.035184434485938,0.0,1
72.2,0.001726774253867958,14.455847207308276,0.1893074279454944,8.616284707480103,77726.90903453807,85777.46290567736,6.501371157876206,297.9651609922459,170.54060327070144,1.664722912464005,60.0,100.0,10.0,84.0,0.0,144.9411444230657,0.0001,31.0,0.0001,500.0,1.1,0.0,0.0,1.0,1.0,1.337943068241596,1.250961771652419,,,,,,0.0,1
72.4,0.0018527165597751892,14.373696275429731,0.18901603333004774,8.654459049937772,77868.61006421706,85930.38310876883,6.5052503179317585,297.96868732432216,171.83324128938204,1.6688781410060458,60.0,100.0,10.0,90.0,0.0,143.84537201152995,0.0001,30.0,0.0001,500.0,1.1,0.0,0.0,1.0,1.0,1.3678701920729597,1.2541533488193488,,,,,,0.0,1
72.60000000000001,0.001833610980473984,14.457691435900081,0.1892140076909436,8.692061381821643,78009.76616124398,86082.66869393812,6.507139308028797,297.9697768162918,172.2332894758354,1.6730716950124565,60.0,100.0,10.0,90.0,0.0,141.18770156913595,0.0001,30.0,0.0001,500.0,1.1,0.0,0.0,1.0,1.0,1.3461136252440578,1.2573747197232519,,,,,,0.0,1
72.80000000000001,0.001855699257257447,14.432719049539788,0.18901886820631122,8.729909259479632,78150.22691633792,86234.33102292879,6.506432703466736,297.97307364423204,173.44617321591159,1.6772813975703988,60.0,100.0,10.0,90.0,0.0,137.7788668561474,0.0001,30.0,0.0001,500.0,1.1,0.0,0.0,1.0,1.0,1.3658655214230797,1.260608855702842,,,,,,0.0,1
73.0,0.0018502817335557613,14.439182697968556,0.18884331633749213,8.767828301664206,78290.04819218331,86385.3546309481,6.50255978102012,297.9762567844161,174.61950790496576,1.6814943962905653,60.0,100.0,10.0,90.0,0.0,134.65573694569485,0.0001,30.0,0.0001,500.0,1.1,0.0,0.0,1.0,1.0,1.3835419429369873,1.2638458853688532,,,,,,0.0,1
73.2,0.0019000602561589112,14.399342776594354,0.1885923972169638,8.805510001815229,78429.54247063673,86536.20422624925,6.497388107568158,297.9839615202515,177.46439059595795,1.6857794808599051,60.0,100.0,10.0,90.0,0.0,133.08882791307929,0.06381881264200852,30.0,0.0001,500.0,1.1,0.0,0.0,1.0,1.0,1.4091482189759832,1.2671386726380192,,,,,,0.0,1
73.4,0.0018718121869407422,14.447991547872764,0.18859282139711037,8.843178720055372,78569.12159739897,86687.10018523702,6.494642440529079,297.9884616785901,179.12915545037964,1.6900767990256533,60.0,100.0,10.0,90.0,0.0,133.59125870095338,1.8077085400888075,30.0,0.0001,500.0,1.1,0.0,0.0,1.0,1.0,1.4082339269428932,1.2704412362987088,,,,,,0.0,1
73.60000000000001,0.001838367817588271,14.516006693540655,0.18871405067323097,8.880551183958682,78709.00587049423,86838.23419663959,6.4940197760221645,297.9890586400128,179.35033907028532,1.6943227102740304,60.0,100.0,10.0,90.0,0.0,135.18325685514458,2.7010346575721336,30.0,0.0001,500.0,1.1,0.0,0.0,1.0,1.0,1.3945839889429363,1.27370466245189,,,,,,0.0,1
73.80000000000001,0.001813455389261583,14.56377235858611,0.18878021000299133,8.917460939458705,78849.24579349798,86989.68842345713,6.493740364079159,297.98790919393923,178.92349855788814,1.6985266450380168,60.0,100.0,10.0,90.0,0.0,137.0259033866799,2.4405481079839966,30.0,0.0001,500.0,1.1,0.0,0.0,1.0,1.0,1.3867498986969002,1.2769361873002885,,,,,,0.0,1
74.0,0.0018944004453500948,14.527001874114488,0.18865713266102055,8.954468620365278,78989.86461869997,87141.73500489595,6.494851474587579,297.99298505267717,180.81148592883724,1.7028161498418515,60.0,100.0,10.0,90.0,0.0,138.98634986106416,1.629211002417005,30.0,0.0001,500.0,1.1,0.0,0.0,1.0,1.0,1.3988698506758261,1.2802338603696855,,,,,,0.0,1
74.2,0.0018942820061067897,14.544592967276994,0.18856897983507312,8.991572722011789,79130.76941551689,87294.09674414614,6.49472269565446,297.99711407461217,182.3503713200088,1.7071638586323514,60.0,100.0,10.0,90.0,0.0,140.49748733184575,2.9355978852788347,30.0,0.0001,500.0,1.1,0.0,0.0,1.0,1.0,1.4072909867976682,1.2835766621458624,,,,,,0.0,1
74.4,0.0018869589888994506,14.574021178366714,0.1885147605031335,9.02876927365892,79271.9750546974,87446.76171162895,6.495272496251721,297.999534716579,183.25410749923054,1.711511037841391,60.0,100.0,10.0,90.0,0.0,142.0688410020953,4.05898098771328,30.0,0.0001,500.0,1.1,0.0,0.0,1.0,1.0,1.4121314964827985,1.2869194421334451,,,,,,0.0,1
74.60000000000001,0.001854256493943856,14.641685873613898,0.18860931379187035,9.06555449080651,79413.43748751227,87599.59758358952,6.497734387416813,297.99837243523086,182.81935079275843,1.715812419312627,60.0,100.0,10.0,90.0,0.0,143.41337200384697,4.754912599705786,30.0,0.0001,500.0,1.1,0.0,0.0,1.0,1.0,1.4012840118030256,1.290227385135938,,,,,,0.0,1
74.80000000000001,0.0018453845498238248,14.650388607480954,0.18847373504567388,9.102266503612347,79554.95749110001,87752.4926032118,6.497218164037643,297.99716689787925,182.3675609268694,1.7200862768950211,60.0,100.0,10.0,90.0,0.0,143.7659345632316,4.318322591566609,30.0,0.0001,500.0,1.1,0.0,0.0,1.0,1.0,1.4147246286854909,1.2935145349104962,,,,,,0.0,1
75.0,0.001902321224143791,14.624171889080099,0.18828627843775567,9.139203740640816,79696.58004599635,87905.65846599337,6.495820006133543,298.0004607950185,183.60395036580033,1.7244256762857029,60.0,100.0,10.0,90.0,0.0,144.34157464452954,3.8500956365296837,30.0,0.0001,500.0,1.1,0.0,0.0,1.0,1.0,1.4336201725601518,1.2968524760974613,,,,,,0.0,1
75.2,0.0018943179764799125,14.648249448556557,0.18820522655944805,9.176317053049695,79838.4133279393,88059.05325638449,6.490972358956049,298.002536924535,184.38475501837138,1.728800950163099,60.0,100.0,10.0,90.0,0.0,145.47157970579826,4.8892903501828435,30.0,0.0001,500.0,1.1,0.0,0.0,1.0,1.0,1.4412834034861173,1.3002184015812706,,,,,,0.0,1
75.4,0.0018500320315177775,13.798439469964707,0.18573986474398516,9.22223092046351,79900.83843240714,88132.96834407604,6.486283129452508,298.0812329547189,214.01569390884907,1.7331465552603182,60.0,100.0,10.0,90.0,0.0,148.55522035671984,5.598130618013894,30.0,0.0001,100.0,1.1,0.0,0.0,1.0,1.0,1.6995757515641452,1.3035618894096561,,,,,,0.0,1
75.60000000000001,0.0018477069724105598,13.776575662345444,0.18527826257597219,9.268121100320242,79964.21896246627,88207.88509550247,6.4811638825113995,298.1382794520611,235.51572903635605,1.7374870277141212,60.0,100.0,10.0,90.0,0.0,153.50875433632945,32.827824730164366,30.0,0.0001,100.0,1.1,0.0,0.0,1.0,1.0,1.747066622361703,1.3069018129952545,,,,,,0.0,1
75.80000000000001,0.0018351813113676324,13.784275516424554,0.18528338874072475,9.31372559184565,80028.9797465045,88284.18479872626,6.4751223696469715,298.1735115513392,248.80529761477086,1.7418364877395751,60.0,100.0,10.0,90.0,0.0,160.51816664904445,54.964881888798345,30.0,0.0001,100.0,1.1,0.0,0.0,1.0,1.0,1.7456713759073144,1.3102490381933993,,,,,,0.0,1
76.0,0.0018144181566333729,13.797740196666318,0.1853138502708382,9.35914308512635,80095.61291514557,88362.31220104118,6.467354064193446,298.1883468312748,254.4060566970089,1.7461618428299268,60.0,100.0,10.0,90.0,0.0,169.95312674028685,71.87758686195505,30.0,0.0001,100.0,1.1,0.0,0.0,1.0,1.0,1.7416279962033545,1.3135780959736696,,,,,,0.0,1
76.2,0.0018474519683728916,13.76314816674461,0.18522634758937956,9.404343250603178,80164.74731145515,88443.05352536785,6.459738921443361,298.19398567331797,256.5367815913035,1.750523009500528,60.0,100.0,10.0,90.0,0.0,182.50735321287297,83.23820087038894,30.0,0.0001,100.0,1.1,0.0,0.0,1.0,1.0,1.7499284698674236,1.3169351033730956,,,,,,0.0,1
76.4,0.0026717225648312097,13.17226318269767,0.18350236374340295,9.443641359703694,80242.18696924826,88533.72808256636,6.4489067713894945,298.2272199592923,269.1077758142466,1.7558394307650564,60.0,100.0,10.0,116.0,0.0,198.11047329809048,92.135342948561,29.0,0.0001,100.0,1.1,0.0,0.0,1.0,1.0,1.928990332268989,1.3210279433202359,,,,,,0.0,1
76.60000000000001,0.0025897243968189413,13.235002866374867,0.18333993288455114,9.48371593336123,80323.60352568951,88628.31191035772,6.449289393159846,298.2390212729025,273.57603800126776,1.7616229809843722,60.0,100.0,10.0,116.0,0.0,218.0698959767499,110.83334304381023,29.0,0.0001,100.0,1.1,0.0,0.0,1.0,1.0,1.944795266385065,1.3254810576644822,,,,,,0.0,1
76.80000000000001,0.002578876208907941,13.235531264782757,0.18330796749771863,9.523743020428377,80406.39691759777,88724.25352402257,6.456255107388464,298.23449597312924,271.86059253920547,1.7674200180690973,60.0,100.0,10.0,116.0,0.0,225.0,123.1762875679807,29.0,0.0001,100.0,1.1,0.0,0.0,1.0,1.0,1.9469991220352123,1.3299452423057236,,,,,,0.0,1
77.00000000000001,0.0025567184247891417,13.22743283686626,0.18334529054582696,9.564232761481643,80489.18847331476,88820.1986212566,6.4650945033330665,298.2133153596423,263.8224503731233,1.7732003468477382,60.0,100.0,10.0,116.0,0.0,225.0,130.4898470279724,29.0,0.0001,100.0,1.1,0.0,0.0,1.0,1.0,1.9419847641066716,1.3343972441152947,,,,,,0.0,1
77.2,0.002662974011939859,13.138493702034154,0.18310972096803224,9.602880357777172,80571.97981699345,88916.30711186265,6.473511425915189,298.1963471421697,257.3762101590481,1.779082300402106,60.0,100.0,10.0,116.0,0.0,225.0,132.0100741156264,29.0,0.0001,100.0,1.1,0.0,0.0,1.0,1.0,1.965389634102021,1.3389282183897244,,,,,,0.0,1
77.4,0.002619277485196436,13.134590326259136,0.18305626621758517,9.642223988069302,80654.77024182894,89012.3905530667,6.482236767464385,298.1792354819075,250.86795394798474,1.784990154906785,60.0,100.0,10.0,116.0,0.0,225.0,134.31421967531972,29.0,0.0001,100.0,1.1,0.0,0.0,1.0,1.0,1.9698112468729165,1.343479856773166,,,,,,0.0,1
77.60000000000001,0.002486230563967689,13.185339268042886,0.18320614535426544,9.683506653188605,80737.56252814188,89108.31960396716,6.490158290316446,298.1506767819869,239.99439662834146,1.7907683897369848,60.0,100.0,10.0,116.0,0.0,225.0,135.9009763472589,29.0,0.0001,100.0,1.1,0.0,0.0,1.0,1.0,1.9530709602138456,1.347932321719416,,,,,,0.0,1
77.80000000000001,0.0025565113420749153,13.100297691937335,0.18298171836130206,9.723900419825846,80820.35663903654,89204.39645237642,6.495543989083027,298.13043882425603,232.28072788146568,1.7965589688867656,60.0,100.0,10.0,116.0,0.0,225.0,132.89789289814618,29.0,0.0001,100.0,1.1,0.0,0.0,1.0,1.0,1.9753314136871878,1.3523949839104237,,,,,,0.0,1
78.00000000000001,0.00254861436761046,13.058310845592846,0.18279381329191446,9.764520896429563,80903.15418796861,89300.51295166613,6.499614566040975,298.0971861788757,219.5922767973354,1.8023990244754033,60.0,100.0,10.0,116.0,0.0,225.0,131.78036705491803,29.0,0.0001,100.0,1.1,0.0,0.0,1.0,1.0,1.9937699417709067,1.3568964713550191,,,,,,0.0,1
78.2,0.0025376543255039574,13.017090041193438,0.1825686329993802,9.805259902051363,80985.87807851382,89396.56040238208,6.500821011656858,298.06838582309126,208.59043160823035,1.8082434526929958,60.0,100.0,10.0,116.0,0.0,224.60834253445904,125.35144499128191,29.0,0.0001,100.0,1.1,0.0,0.0,1.0,1.0,2.016081659679741,1.3614020280327659,,,,,,0.0,1
78.4,0.0024743671040097044,13.026603695551369,0.18252960006849092,9.84690456560424,81068.43000040372,89492.35079424299,6.502158099611424,298.04657828623937,200.251306506367,1.8140228830078418,60.0,100.0,10.0,116.0,0.0,223.73777799915288,119.30919879384572,29.0,0.0001,100.0,1.1,0.0,0.0,1.0,1.0,2.0190260307533427,1.3658581644882124,,,,,,0.0,1
78.60000000000001,0.0024228253147678016,13.014584489939855,0.18247690102451922,9.88956657623843,81150.69994845639,89587.83103393376,6.502181147080119,298.0234553976726,191.3998756874753,1.819726085347134,60.0,100.0,10.0,116.0,0.0,222.32105180421811,114.56606961424737,29.0,0.0001,100.0,1.1,0.0,0.0,1.0,1.0,2.0234076790419318,1.3702561970572167,,,,,,0.0,1
78.80000000000001,0.002322678929992534,13.058479036227414,0.18259540205924718,9.933573508174566,81232.68792434449,89682.87699448527,6.502337838371078,297.99859802854235,181.87315187485294,1.8252912751432986,60.0,100.0,10.0,116.0,0.0,220.8998204240629,108.49891531907556,29.0,0.0001,100.0,1.1,0.0,0.0,1.0,1.0,2.009994642931673,1.374548443231048,,,,,,0.0,1
79.00000000000001,0.0023507634705600736,13.010428603074788,0.18258309251084254,9.97722318014212,81314.37670894625,89777.74174765991,6.503473780128068,297.99081145083846,178.88577276758485,1.8308501735991871,60.0,100.0,10.0,116.0,0.0,219.41105459361899,100.97612204611391,29.0,0.0001,100.0,1.1,0.0,0.0,1.0,1.0,2.0101998252037103,1.378836470472684,,,,,,0.0,1
79.2,0.002357875212664952,12.997284338731939,0.18262618468582337,10.020852053650637,81395.66977136944,89872.23765861361,6.505249075527085,297.99008378167787,178.60626427763245,1.8364378604831917,60.0,100.0,10.0,116.0,0.0,217.4636677510359,98.42360907708934,29.0,0.0001,100.0,1.1,0.0,0.0,1.0,1.0,2.0046300644023574,1.3831473426279752,,,,,,0.0,1
79.4,0.0023490824438843006,12.975116875092963,0.18256419810155836,10.064468139475819,81476.42424427468,89966.17880156758,6.505096801264151,297.9884492345573,177.97775951638934,1.8420181865648728,60.0,100.0,10.0,116.0,0.0,214.80492699449596,97.88639195590503,29.0,0.0001,100.0,1.1,0.0,0.0,1.0,1.0,2.0100043829362355,1.3874531745577778,,,,,,0.0,1
79.60000000000001,0.0022705766373441274,13.004698861636655,0.18262694028005097,10.10897149299137,81556.65613758183,90059.46068444512,6.5079816749105746,297.9794473486398,174.5129779237101,1.8475040164378793,60.0,100.0,10.0,116.0,0.0,212.21568670837675,96.95607253094136,29.0,0.0001,100.0,1.1,0.0,0.0,1.0,1.0,2.0024069573545673,1.3916867145168832,,,,,,0.0,1
79.80000000000001,0.0022308882789471266,13.005159671630294,0.18264039318485323,10.15344208486736,81636.13138503427,90151.90245732018,6.509582890125479,297.9717427452896,171.5443392538034,1.8528943730928702,60.0,100.0,10.0,116.0,0.0,208.4525986420154,93.42952728869318,29.0,0.0001,100.0,1.1,0.0,0.0,1.0,1.0,1.9999607750815356,1.3958471766111458,,,,,,0.0,1
80.00000000000001,0.0022244625376202395,12.974480439919766,0.18257494733995658,10.197908585205239,81714.72234865103,90243.46628719932,6.511247118242668,297.97132761181126,171.38419503055127,1.8582538956757881,60.0,100.0,10.0,116.0,0.0,204.06092506925668,90.06822885125044,29.0,0.0001,100.0,1.1,0.0,0.0,1.0,1.0,2.005739456430557,1.3999844306510654,,,,,,0.0,1
80.2,0.002253739880545025,12.905093170364589,0.1823399938061572,10.242529303825552,81792.29252420673,90334.08737621503,6.510297327069458,297.976738872346,173.47344157731098,1.8636410313230003,60.0,100.0,10.0,116.0,0.0,198.99706877878404,88.92314527471353,29.0,0.0001,100.0,1.1,0.0,0.0,1.0,1.0,2.0291641539434844,1.4041435941730303,,,,,,0.0,1
80.4,0.0013637180893466552,13.799440195319447,0.1846055199712811,10.283961634312401,81863.73340155468,90415.75708761848,6.523258712361133,297.9177978177691,150.69454405048668,1.867932922856796,60.0,100.0,10.0,90.0,0.0,194.32316874922978,89.71792910320954,23.0,0.0001,100.0,1.1,0.0,0.0,1.0,1.0,1.7917795371799567,1.4074575954133568,,,,,,0.0,1
80.60000000000001,0.001339505820999547,13.780042956374619,0.18501399842012953,10.325603618690224,81933.13165301182,90495.32794341496,6.53430589520846,298.22224017921434,268.4519858115081,1.8715425986465526,60.0,100.0,10.0,90.0,0.0,184.39344594576335,26.91537873096286,23.0,125.19349705614712,100.0,1.1,0.0,0.0,1.0,1.0,1.7482717595117738,1.4102451136489302,,,,,,0.0,1
80.80000000000001,0.0013767558590211564,13.6948062540666,0.1848816186239432,10.367659361807293,81999.61595719118,90572.09798585698,6.542516200292946,298.15128910249814,240.98239824181405,1.875085659556334,60.0,100.0,10.0,90.0,0.0,170.08082616328042,129.3074695052386,23.0,12.519349705614713,100.0,1.1,0.0,0.0,1.0,1.0,1.7614465872677836,1.4129814495717516,,,,,,0.0,1
81.00000000000001,0.001373871649567397,13.633258989398334,0.18469821195888375,10.409928148605385,82062.60218005013,90645.38071589074,6.546592797478594,298.08237480624587,214.27811227134546,1.8786522575817475,60.0,100.0,10.0,90.0,0.0,152.47589125248632,110.88003704784845,23.0,1.2519349705614715,100.0,1.1,0.0,0.0,1.0,1.0,1.7799591132056418,1.4157362236287476,,,,,,0.0,1
81.2,0.001358186323482526,13.560512585935015,0.1844372287638828,10.452258711844483,82121.7575643997,90714.82915309939,6.54594693912537,298.03563811519234,196.15350108568944,1.882229348494118,60.0,100.0,10.0,90.0,0.0,133.23908184195002,93.31007925986574,23.0,0.12519349705614716,100.0,1.1,0.0,0.0,1.0,1.0,1.8065849647178653,1.4184993644681159,,,,,,0.0,1
81.4,0.00136371927617499,13.483683035603615,0.18419665466566557,10.495307586324559,82177.12681283074,90780.54289448002,6.539863288589261,298.0090633614087,185.8399774646369,1.885822845426333,60.0,100.0,10.0,90.0,0.0,114.26379885113765,80.79183330251175,23.0,0.012519349705614717,100.0,1.1,0.0,0.0,1.0,1.0,1.831057152704876,1.4212754427182477,,,,,,0.0,1
81.60000000000001,0.0013391470794949243,13.435105653229009,0.18400425264636486,10.53807387898443,82229.193276924,90842.91213713113,6.530990626607448,297.9934036036641,179.75804850104126,1.8894119627061732,60.0,100.0,10.0,90.0,0.0,97.73323358861917,73.31049774977691,23.0,0.0012519349705614718,100.0,1.1,0.0,0.0,1.0,1.0,1.8504797542005103,1.4240484022230429,,,,,,0.0,1
81.80000000000001,0.0013012279400463674,13.432031817885807,0.18400874961564684,10.580723889458524,82278.66473922598,90902.59793005046,6.519281671067113,297.98265455309354,175.58059925205654,1.8929521963940226,60.0,100.0,10.0,90.0,0.0,84.75566869785214,68.44706803408405,23.0,0.0001251934970561472,100.0,1.1,0.0,0.0,1.0,1.0,1.8493149496062489,1.4267838533180894,,,,,,0.0,1
82.00000000000001,0.0013119377669404354,13.37806014838445,0.18386039545556515,10.623588669712776,82326.47967153219,90960.65924797324,6.504767031705842,297.97559210761943,172.83407505192858,1.896477670715706,60.0,100.0,10.0,90.0,0.0,76.47781013694002,64.60872890773152,23.0,0.0001,100.0,1.1,0.0,0.0,1.0,1.0,1.8641381808862523,1.4295081560219196,,,,,,0.0,1
82.2,0.001303865315173818,13.378280483553361,0.1839239231626411,10.666456003386786,82373.80227058617,91018.21612938291,6.489795294590744,297.9693645019627,170.41060225492032,1.8999978224229608,60.0,100.0,10.0,90.0,0.0,74.02486938391073,61.602348839452134,23.0,0.0001,100.0,1.1,0.0,0.0,1.0,1.0,1.8568049683446903,1.4322286004157683,,,,,,0.0,1
82.4,0.0012966450541277202,13.387187726873854,0.18400054099029503,10.709374022286292,82421.83227267346,91076.4695682623,6.475272568319534,297.96394650204587,168.30084424933005,1.9034945004217043,60.0,100.0,10.0,90.0,0.0,77.57199856853853,58.591497264654095,23.0,0.0001,100.0,1.1,0.0,0.0,1.0,1.0,1.8481052326434895,1.4349311558834688,,,,,,0.0,1
82.60000000000001,0.001278454673764309,13.423676424812468,0.18421355392485958,10.75200163553783,82471.7341511597,91136.57520250775,6.464427217327593,297.95905410038495,166.39455018807095,1.9069650937307363,60.0,100.0,10.0,90.0,0.0,86.94297400792901,55.620163159383566,23.0,0.0001,100.0,1.1,0.0,0.0,1.0,1.0,1.8251342079564306,1.4376137991125266,,,,,,0.0,1
82.80000000000001,0.001267303182501524,13.449442563758549,0.18433490693664079,10.79420391768441,82524.37558298535,91199.40374258235,6.457314570505067,297.95400632992465,164.42635343056097,1.9104119265202866,60.0,100.0,10.0,90.0,0.0,100.65427098201106,52.62091341246068,23.0,0.0001,100.0,1.1,0.0,0.0,1.0,1.0,1.8117520994074934,1.4402783213025299,,,,,,0.0,1
83.00000000000001,0.0012662785829018453,13.483982452061527,0.18448986016472438,10.835853833171868,82580.32652935345,91265.53042506956,6.455247545583266,297.9503213934916,162.98848981106124,1.9138443121331632,60.0,100.0,10.0,90.0,0.0,117.21839791254897,49.380654380551675,23.0,0.0001,100.0,1.1,0.0,0.0,1.0,1.0,1.794848026326942,1.442931917962141,,,,,,0.0,1
83.2,0.0013043080732726554,13.446514886609522,0.18437476594408556,10.877453493073304,82639.75056524292,91335.27063446336,6.456764322570249,297.9514765055029,163.4395311532273,1.9173271406471166,60.0,100.0,10.0,90.0,0.0,134.60708937644625,46.422446961777325,23.0,0.0001,100.0,1.1,0.0,0.0,1.0,1.0,1.8062171213482725,1.4456247598420524,,,,,,0.0,1
83.4,0.001319218536383099,13.449652940436753,0.1843765267160366,10.91879059256423,82702.5254742731,91408.42915319129,6.465000532797691,297.95173975964417,163.5424011193608,1.920866087836546,60.0,100.0,10.0,90.0,0.0,151.39173573850732,44.985649884860294,23.0,0.0001,100.0,1.1,0.0,0.0,1.0,1.0,1.8053359765833412,1.4483612468024814,,,,,,0.0,1
83.60000000000001,0.0013166937188271138,13.471172337151948,0.1844070412563817,10.959399988449723,82767.98870904166,91484.24898732682,6.474456125422154,297.9499640250688,162.8478217036196,1.9244108416481656,60.0,100.0,10.0,90.0,0.0,164.86174681353776,43.24817817986917,23.0,0.0001,100.0,1.1,0.0,0.0,1.0,1.0,1.801441824224329,1.4511024818654044,,,,,,0.0,1
83.80000000000001,0.0013349133695463177,13.465981216101623,0.18443711915560054,11.000103157739145,82835.3462081236,91562.02516146105,6.482202310537922,298.10357958361806,222.98389629862692,1.9279686860962608,60.0,100.0,10.0,90.0,0.0,174.55588406753265,12.97445345396075,23.0,53.853907074023425,100.0,1.1,0.0,0.0,1.0,1.0,1.797590190673465,1.453854100020092,,,,,,0.0,1
84.00000000000001,0.00135899017424861,13.442529546964899,0.1843784824623753,11.040875354128232,82903.99628639771,91641.1526106702,6.49325192345326,298.09168147568454,218.32217743165796,1.9315560538658512,60.0,100.0,10.0,90.0,0.0,181.15173478945252,64.10879010284238,23.0,5.385390707402343,100.0,1.1,0.0,0.0,1.0,1.0,1.8030261113434136,1.4566288149386033,1619.0752561111199,24.497688786744696,1060.1700760622073,10.197908585205239,19.503622908211742,0.0,1
84.2,0.001354884988993741,13.423601201318167,0.18429036232137316,11.081654846889347,82973.0760404228,91720.72533604527,6.501297989602643,298.0719313230593,210.57689927057427,1.93515477015485,60.0,100.0,10.0,90.0,0.0,183.29775558987376,62.73606056233636,23.0,0.5385390707402343,100.0,1.1,0.0,0.0,1.0,1.0,1.811547514416645,1.459412573541706,,,,,,0.0,1
84.4,0.0013473284723103042,13.412445986003698,0.18424970551390743,11.122614368799832,83041.94461879715,91800.0766842803,6.506532057783672,298.05427127616707,203.64495086401655,1.9387399338639562,60.0,100.0,10.0,90.0,0.0,182.23568941227717,59.44954905429687,23.0,0.05385390707402343,100.0,1.1,0.0,0.0,1.0,1.0,1.8150999911955903,1.4621861135730039,,,,,,0.0,1
84.60000000000001,0.0013650643495847219,13.382277996233078,0.1842482549685874,11.163733768255547,83110.17910498618,91878.85665166331,6.512786518561722,298.04627264847824,200.50263497460443,1.9423449121795404,60.0,100.0,10.0,90.0,0.0,179.07290632692133,56.20238363589455,23.0,0.005385390707402344,100.0,1.1,0.0,0.0,1.0,1.0,1.814542502774599,1.4649752491539265,,,,,,0.0,1
84.80000000000001,0.0013563815119588868,13.360817037688161,0.18422521142194445,11.205389838302153,83177.2729042301,91956.50573555414,6.509858110350959,298.04080854253164,198.35408710484063,1.9459523277194235,60.0,100.0,10.0,90.0,0.0,173.38783892836452,55.61048029120333,23.0,0.0005385390707402344,100.0,1.1,0.0,0.0,1.0,1.0,1.816246058494729,1.467766538087027,,,,,,0.0,1
85.00000000000001,0.0013590810405553616,13.290052566718016,0.18396093864346147,11.247423778206425,83243.46721033145,92033.32962450545,6.500990896162598,298.03816702244507,197.31458866718665,1.949581507498063,60.0,100.0,10.0,90.0,0.0,168.91144341902674,55.52057776522621,23.0,0.0001,100.0,1.1,0.0,0.0,1.0,1.0,1.8432024273458407,1.4705749376611654,,,,,,0.0,1
85.2,0.0013365446496311948,13.312877346931291,0.18404113962095883,11.289070028851746,83309.47116991537,92109.89604364603,6.4935586679980855,298.03426777648536,195.7788141454941,1.953196163476696,60.0,100.0,10.0,90.0,0.0,167.98338829350664,56.18055447489543,23.0,0.0001,100.0,1.1,0.0,0.0,1.0,1.0,1.83409663932963,1.4733723676356167,,,,,,0.0,1
85.4,0.0013688006846918897,13.25583638812532,0.183886635040009,11.330690849101263,83375.87688002572,92186.96562704492,6.4868273549779385,298.0303071026123,194.21755604032094,1.9568417439837444,60.0,100.0,10.0,90.0,0.0,170.0138081500537,56.28638936113778,23.0,0.0001,100.0,1.1,0.0,0.0,1.0,1.0,1.849553984618911,1.4761940029479008,,,,,,0.0,1
85.60000000000001,0.0013600164907323301,13.259751538365101,0.183892038635084,11.372153186093533,83443.22448260452,92264.9781137825,6.478347542993057,298.02639368576956,192.67349033944114,1.960505797421365,60.0,100.0,10.0,90.0,0.0,174.74740426518377,56.23424283783355,23.0,0.0001,100.0,1.1,0.0,0.0,1.0,1.0,1.8482691155276456,1.4790302118048817,,,,,,0.0,1
85.80000000000001,0.001315380496995402,13.316036757827243,0.18405974534264086,11.412772421116651,83512.19781961506,92344.494064379,6.47000145557358,298.01724635939553,189.06148557484235,1.964119003613557,60.0,100.0,10.0,90.0,0.0,182.89126386304173,56.050335429094574,23.0,0.0001,100.0,1.1,0.0,0.0,1.0,1.0,1.8300014405906666,1.4818273324083695,,,,,,0.0,1
86.00000000000001,0.0013036040744559365,13.340634191917957,0.18414494603423273,11.452830375330562,83583.46536259954,92426.2694697419,6.459750984350944,298.00922277835474,185.89026642212093,1.9676854867662645,60.0,100.0,10.0,90.0,0.0,194.37748325010725,53.91362167273205,23.0,0.0001,100.0,1.1,0.0,0.0,1.0,1.0,1.8203767102372135,1.4845885466066668,,,,,,0.0,1
86.2,0.0013072761828778758,13.371286139679244,0.1842705744965603,11.492585141251629,83657.85137847555,92511.17017946551,6.453208566608809,297.99785736560335,181.39407210565255,1.971235276085097,60.0,100.0,10.0,90.0,0.0,209.98257868125089,51.8608296387976,23.0,0.0001,100.0,1.1,0.0,0.0,1.0,1.0,1.806516336695065,1.4873370964015449,,,,,,0.0,1
86.4,0.0013354161279118173,13.342053095030572,0.1841925600618614,11.532565186374699,83735.23823116744,92599.19517027143,6.45014621494832,297.98834015109554,177.62550439218637,1.974825432530947,60.0,100.0,10.0,90.0,0.0,225.0,48.34579328567732,23.0,0.0001,100.0,1.1,0.0,0.0,1.0,1.0,1.8139835266320428,1.4901171659046886,,,,,,0.0,1
86.60000000000001,0.0013213231365321444,13.353630243233109,0.1842996317147471,11.572628107072688,83812.62136016467,92687.2081216281,6.446669527692164,297.98065341489996,174.57866099054206,1.9784311293803298,60.0,100.0,10.0,90.0,0.0,225.0,45.06724608624414,23.0,0.0001,100.0,1.1,0.0,0.0,1.0,1.0,1.8020536388703603,1.492909536547509,,,,,,0.0,1
86.80000000000001,0.0013187966488228185,13.341850485316868,0.18429638600021278,11.612918930294187,83889.9994217365,92775.21655653775,6.435294990006731,297.9772965731412,173.24675451870633,1.9820255923272836,60.0,100.0,10.0,90.0,0.0,225.0,42.04945687366025,23.0,0.0001,100.0,1.1,0.0,0.0,1.0,1.0,1.8016854922063446,1.4956934739395786,,,,,,0.0,1
87.00000000000001,0.0012923119600300854,13.372014471756147,0.18444619365228887,11.652974454913762,83967.37248201368,92863.15425874357,6.425463663667066,297.97433835541136,172.07201647601727,1.985581447500804,60.0,100.0,10.0,90.0,0.0,225.0,40.223500047098966,23.0,0.0001,100.0,1.1,0.0,0.0,1.0,1.0,1.785279801482858,1.498447771333804,,,,,,0.0,1
87.2,0.0012877766973784627,13.355593309883762,0.1844381835620977,11.692934411474754,84044.73902869041,92951.09240110396,6.4217514054276,297.9711676433707,170.81150951548187,1.989117173241897,60.0,100.0,10.0,90.0,0.0,225.0,38.37671273629415,23.0,0.0001,100.0,1.1,0.0,0.0,1.0,1.0,1.7854220367721998,1.5011867352673265,,,,,,0.0,1
87.4,0.0012699551919610386,13.37860360075721,0.18457888691313565,11.732816864240794,84122.09984448178,93038.98100951036,6.426587439510217,297.96910348070594,169.99014078169236,1.992629536087824,60.0,100.0,10.0,90.0,0.0,225.0,36.34269204315761,23.0,0.0001,100.0,1.1,0.0,0.0,1.0,1.0,1.7699718117549266,1.5039078562072568,,,,,,0.0,1
87.60000000000001,0.0012432006559798885,13.40257961829136,0.1846813293306714,11.771900705878389,84199.45513606079,93126.76278066251,6.428505116837785,297.96638823448524,168.90874104474742,1.9960946383902414,60.0,100.0,10.0,90.0,0.0,225.0,34.573122890528694,23.0,0.0001,100.0,1.1,0.0,0.0,1.0,1.0,1.7585390988823781,1.5065926123903557,,,,,,0.0,1
87.80000000000001,0.001223422288461315,13.401793755438993,0.18467016452238763,11.810667368120248,84276.80403232874,93214.49850938372,6.433560425186573,297.9634494581833,167.7370774419354,1.9995135314797217,60.0,100.0,10.0,90.0,0.0,225.0,32.493224690844514,23.0,0.0001,100.0,1.1,0.0,0.0,1.0,1.0,1.7590346185734955,1.5092418084009402,,,,,,0.0,1
88.00000000000001,0.001195580449332971,13.446902076137157,0.18485961345375165,11.84889261661571,84354.1474671759,93302.12593516445,6.443884387669797,297.95934652760565,166.09972139980863,2.0028728220252354,60.0,100.0,10.0,90.0,0.0,225.0,30.239270006519988,23.0,0.0001,100.0,1.1,0.0,0.0,1.0,1.0,1.7384848579058652,1.511845055011311,,,,,,0.0,1
88.2,0.0011882741335548304,13.459066878020506,0.18496828405419716,11.886930470855644,84431.48518267617,93389.71528070128,6.449098274580845,297.955131100176,164.41571908837952,2.006183293428308,60.0,100.0,10.0,90.0,0.0,225.0,27.475154461375027,23.0,0.0001,100.0,1.1,0.0,0.0,1.0,1.0,1.7264177549612785,1.5144106974546954,,,,,,0.0,1
88.4,0.0011788604693093352,13.468618926530276,0.1850613619131931,11.924725012953314,84508.81741865621,93477.27953175861,6.4555406121467955,297.95225508071246,163.26571294718187,2.009464979003307,60.0,100.0,10.0,90.0,0.0,225.0,24.527098762692432,23.0,0.0001,100.0,1.1,0.0,0.0,1.0,1.0,1.7159901633564631,1.5169542537778844,,,,,,0.0,1
88.60000000000001,0.0011839554254888835,13.458353134078418,0.18515236563552073,11.962816647519851,84586.14229822018,93564.89471622209,6.457058800833021,297.95424577051296,164.06247446808476,2.0127521811919706,60.0,100.0,10.0,90.0,0.0,225.0,21.883904010092763,23.0,0.0001,100.0,1.1,0.0,0.0,1.0,1.0,1.7057761291297413,1.519502308643693,,,,,,0.0,1
88.80000000000001,0.0011350158765967811,13.510214985211432,0.18526752984118555,12.000214919182016,84663.46096028508,93652.32565814765,6.4558914455848155,297.95275698474063,163.4660476062322,2.0159674851484164,60.0,100.0,10.0,90.0,0.0,225.0,20.801827663956843,23.0,0.0001,100.0,1.1,0.0,0.0,1.0,1.0,1.6930335670273293,1.5219948477305754,,,,,,0.0,1
89.00000000000001,0.0011172651351176784,13.51444031784065,0.18525180892830967,12.037484924756063,84740.7730482677,93739.6853082333,6.4608928893740485,297.95116542645184,162.82782695189326,2.0191012110579014,60.0,100.0,10.0,90.0,0.0,225.0,18.55748279323724,23.0,0.0001,100.0,1.1,0.0,0.0,1.0,1.0,1.6940632926900814,1.524424351906927,,,,,,0.0,1
89.2,0.0011158057947627305,13.502487600045567,0.185211433919612,12.074584332191561,84818.0783306764,93827.03528946252,6.46430751122588,297.95053038381036,162.5729104577405,2.0222040627071625,60.0,100.0,10.0,90.0,0.0,225.0,16.24794800466934,23.0,0.0001,100.0,1.1,0.0,0.0,1.0,1.0,1.697690746739878,1.5268301196863387,,,,,,0.0,1
89.4,0.0011174297822687924,13.497920104335517,0.18523496749041066,12.111796540288756,84895.37640058644,93914.39666961234,6.468902604597101,297.9506965675761,162.63966077103896,2.025298247475467,60.0,100.0,10.0,90.0,0.0,225.0,14.209498472469633,23.0,0.0001,100.0,1.1,0.0,0.0,1.0,1.0,1.6946020313972292,1.5292293655746256,,,,,,0.0,1
89.60000000000001,0.0011137285186720285,13.495785543417854,0.18526704793408605,12.149241584806688,84972.6673563132,94001.74886165155,6.473151220693771,297.95196728568123,163.15066806934055,2.0283808066732547,60.0,100.0,10.0,90.0,0.0,225.0,12.416484084340496,23.0,0.0001,100.0,1.1,0.0,0.0,1.0,1.0,1.6906166151201372,1.531619793469612,,,,,,0.0,1
89.80000000000001,0.0011272882812746222,13.469477930835305,0.18524413531446254,12.18707925546194,85049.95029189422,94089.15673492574,6.47402619461623,297.9556456376257,164.6313133124777,2.0314749878907294,60.0,100.0,10.0,90.0,0.0,225.0,11.004756736480957,23.0,0.0001,100.0,1.1,0.0,0.0,1.0,1.0,1.6924104328774188,1.5340194311709858,,,,,,0.0,1
90.00000000000001,0.0010985004894736694,13.516388862535026,0.1854532733031911,12.224293997019036,85127.22547285788,94176.47321507623,6.47720630471906,297.9569829484021,165.17010123026344,2.034541077242345,60.0,100.0,10.0,90.0,0.0,225.0,10.463030984581579,23.0,0.0001,100.0,1.1,0.0,0.0,1.0,1.0,1.669806049081971,1.5363974777266254,,,,,,0.0,1
90.2,0.0011299463019164649,13.44000257122771,0.1852437291814307,12.261996559194909,85204.49217050419,94263.9065010203,6.4816705153543985,297.96276931993265,167.5036473700272,2.037635693161604,60.0,100.0,10.0,90.0,0.0,225.0,9.233526973827296,23.0,0.0001,100.0,1.1,0.0,0.0,1.0,1.0,1.6912283073809424,1.538797846230606,,,,,,0.0,1
90.4,0.0011255246023885394,13.887141127741735,0.18949649472878963,12.299686027799606,85281.75011053689,94351.34491685282,6.4848038671311645,297.9680984794073,169.65472117701185,1.668281262145195,75.0,100.0,10.0,90.0,0.0,225.0,9.60665588611296,23.0,0.0001,100.0,1.1,0.0,0.0,1.0,1.0,1.6465518255325573,1.5671185903542986,,,,,,0.0,1
90.60000000000001,0.001119963823985358,13.880129867042855,0.19003695463517312,12.337228048408857,85358.9987947449,94438.7625967912,6.483884195222908,297.9722799140345,171.34417230299584,1.643788372610071,75.0,100.0,10.0,90.0,0.0,225.0,10.005667615854648,23.0,0.0001,100.0,1.1,0.0,0.0,1.0,1.0,1.5813610655754702,1.543609460585372,,,,,,0.0,1
90.80000000000001,0.0011292568828117984,13.841578461932341,0.1899243621953327,12.374640024706911,85436.23814015859,94526.20672002435,6.485155912509225,297.97689454190873,173.21052206650268,1.6446205196462467,75.0,100.0,10.0,90.0,0.0,225.0,10.21198684396613,23.0,0.0001,100.0,1.1,0.0,0.0,1.0,1.0,1.5960363452988888,1.5444079339315795,,,,,,0.0,1
91.00000000000001,0.0011501612782974266,13.833995693683747,0.1900370009087091,12.412423023688422,85513.46815567612,94613.72152232463,6.48783823518396,297.98300807161434,175.68544748240117,1.6469742703644363,75.0,100.0,10.0,90.0,0.0,225.0,10.733169477161553,23.0,0.0001,100.0,1.1,0.0,0.0,1.0,1.0,1.5805408675214538,1.5466665330376745,,,,,,0.0,1
91.2,0.001132305610729544,13.848077509010938,0.19009167962851642,12.449731310286767,85590.68921367246,94701.16745135964,6.491973756595707,297.9863656282637,177.04596123588544,1.6494717113762443,75.0,100.0,10.0,90.0,0.0,225.0,11.94127283811487,23.0,0.0001,100.0,1.1,0.0,0.0,1.0,1.0,1.5726705341375202,1.5490631677362998,,,,,,0.0,1
91.4,0.0011385413602562394,13.817506513314342,0.19005820584144786,12.487282716930054,85667.90107778397,94788.67471477303,6.494795053760384,297.99185400664015,179.27208585462114,1.6519964489948182,75.0,100.0,10.0,90.0,0.0,225.0,12.416581094885586,23.0,0.0001,100.0,1.1,0.0,0.0,1.0,1.0,1.5764527626620815,1.5514861584887345,,,,,,0.0,1
91.60000000000001,0.0011397457285383357,13.804981409910194,0.19002518930813292,12.525108392876811,85745.1035402137,94876.19837222251,6.495417221541742,297.99622288281006,181.04587092677127,1.6545275272420052,75.0,100.0,10.0,90.0,0.0,225.0,13.773601019785573,23.0,0.0001,100.0,1.1,0.0,0.0,1.0,1.0,1.580172814693049,1.553915397088942,,,,,,0.0,1
91.80000000000001,0.0011532136926931265,13.788694117814064,0.19002980367307937,12.562999690070923,85822.29764601427,94963.7551252945,6.493320897596694,298.00050515165935,182.78605676575827,1.657071206627626,75.0,100.0,10.0,90.0,0.0,225.0,14.934225709585334,23.0,0.0001,100.0,1.1,0.0,0.0,1.0,1.0,1.5789123924482147,1.5563568939976098,,,,,,0.0,1
92.00000000000001,0.0011539437378017916,13.792119438765493,0.1900958587903679,12.600742407347227,85899.48258009226,95051.3023305198,6.492996030894793,298.0044295202676,184.38237804807068,1.6596175537366373,75.0,100.0,10.0,90.0,0.0,225.0,16.23719999669494,23.0,0.0001,100.0,1.1,0.0,0.0,1.0,1.0,1.5695234228774417,1.5588011163323934,,,,,,0.0,1
92.2,0.0011411195657886363,13.794954914840986,0.19014187098484503,12.638198518976882,85976.65945436481,95138.82281597014,6.4902094236972125,298.0066815337214,185.29927473829446,1.6621560369292723,75.0,100.0,10.0,90.0,0.0,225.0,17.577933337393333,23.0,0.0001,100.0,1.1,0.0,0.0,1.0,1.0,1.5627863844059433,1.5612379543513584,,,,,,0.0,1
92.4,0.0011389851963510263,13.798553916204263,0.19021863412438791,12.67565187062621,86053.8288068078,95226.34176815754,6.483607573067584,298.00762758634977,185.68480307609116,1.6646862159884168,75.0,100.0,10.0,90.0,0.0,225.0,18.49155222443163,23.0,0.0001,100.0,1.1,0.0,0.0,1.0,1.0,1.5519806025190828,1.5636669839140904,,,,,,0.0,1
92.60000000000001,0.0011497361640005,13.765057747701187,0.19013140611523618,12.713182612462269,86130.99085349267,95313.90960773207,6.471325475031972,298.009010049564,186.2487041584886,1.6672301931264422,75.0,100.0,10.0,90.0,0.0,225.0,19.05160779486654,23.0,0.0001,100.0,1.1,0.0,0.0,1.0,1.0,1.5628728840011472,1.566109424196358,,,,,,0.0,1
92.80000000000001,0.0011826672308535833,13.688194923572205,0.1898630007877531,12.751187214159613,86208.14457990332,95401.60653701362,6.46470192584325,298.0144528133189,188.47085150475547,1.6698285497084004,75.0,100.0,10.0,90.0,0.0,225.0,19.807496697173733,23.0,0.0001,100.0,1.1,0.0,0.0,1.0,1.0,1.5977137829061048,1.568604243526225,,,,,,0.0,1
93.00000000000001,0.0011594649629593516,13.686513972755849,0.18978920739619712,12.789143978650525,86285.28904871558,95489.26022917849,6.4624035046065735,298.01709657135325,189.55129901090518,1.672431390785555,75.0,100.0,10.0,90.0,0.0,225.0,22.0127585771569,23.0,0.0001,100.0,1.1,0.0,0.0,1.0,1.0,1.6068070141339559,1.571103540948046,,,,,,0.0,1
93.2,0.0011696191660708886,13.645977020556634,0.1896179486150835,12.827365583277533,86362.42595388596,95576.96191940841,6.461826107790799,298.0189425417234,190.30639170217538,1.6750386474967058,75.0,100.0,10.0,90.0,0.0,225.0,23.4260148703098,23.0,0.0001,100.0,1.1,0.0,0.0,1.0,1.0,1.6287814044458389,1.5736072512417638,,,,,,0.0,1
93.4,0.0011455103675183404,13.658120130291328,0.1895833217865552,12.864931576831282,86439.55617503687,95664.57768908747,6.454782194984775,298.01862969296343,190.17829122211992,1.6776250363205893,75.0,100.0,10.0,90.0,0.0,225.0,24.684167888497555,23.0,0.0001,100.0,1.1,0.0,0.0,1.0,1.0,1.6326986892997404,1.576091093398074,,,,,,0.0,1
93.60000000000001,0.0011198493142931234,13.682020144671883,0.18963453337337133,12.90208646319393,86516.68014279458,95752.10434019465,6.4534695879608215,298.0153000789157,188.81382835150643,1.6801633147955373,75.0,100.0,10.0,90.0,0.0,225.0,25.272735603162076,23.0,0.0001,100.0,1.1,0.0,0.0,1.0,1.0,1.625282939285551,1.5785288983080108,,,,,,0.0,1
93.80000000000001,0.0011022224840907151,13.68565667061307,0.18963816156642332,12.93902776607893,86593.79825460336,95839.58757263489,6.452484585199956,298.0109886253298,187.04521749722122,1.682664494204348,75.0,100.0,10.0,90.0,0.0,225.0,24.824978608518975,23.0,0.0001,100.0,1.1,0.0,0.0,1.0,1.0,1.624165637131442,1.5809312331344698,,,,,,0.0,1
94.00000000000001,0.0010948770026515586,13.685130052789615,0.18963283445336876,12.975832309815182,86670.91130184651,95927.04430931451,6.44955447238611,298.00494028881366,184.56163939719994,1.6851429095669854,75.0,100.0,10.0,90.0,0.0,225.0,23.936252186080125,23.0,0.0001,100.0,1.1,0.0,0.0,1.0,1.0,1.624237900806114,1.5833118606744123,,,,,,0.0,1
94.2,0.0011124083033128259,13.671058246386309,0.18965662494173183,13.013249041378344,86748.02060355732,96014.5555804373,6.4404075628736885,297.9988756487443,182.06942025271957,1.6876205622091986,75.0,100.0,10.0,90.0,0.0,225.0,22.29398543977642,23.0,0.0001,100.0,1.1,0.0,0.0,1.0,1.0,1.6204609877671698,1.5856919119550608,,,,,,0.0,1
94.4,0.001139304195372101,13.63494614216762,0.18960916709484263,13.051228790779618,86825.12421342067,96102.15896800008,6.427438714222492,297.9964527414863,181.07273456188673,1.690125149143705,75.0,100.0,10.0,90.0,0.0,225.0,20.43230797022251,23.0,0.0001,100.0,1.1,0.0,0.0,1.0,1.0,1.6260962586929328,1.5880979954313954,,,,,,0.0,1
94.60000000000001,0.0011296367220922365,13.622023252787292,0.18953946508869532,13.089207617902847,86902.22087797138,96189.74580725475,6.41260457238897,297.9949885994576,180.46980047820375,1.6926346084826394,75.0,100.0,10.0,90.0,0.0,225.0,19.599726594645162,23.0,0.0001,100.0,1.1,0.0,0.0,1.0,1.0,1.6346702121599186,1.5905089199425215,,,,,,0.0,1
94.80000000000001,0.0011099713457194764,13.622188502967685,0.18945061602906219,13.127011560488818,86979.31234628672,96277.27586401632,6.40221546916679,297.99118608585746,178.90264674214544,1.6951147010062078,75.0,100.0,10.0,90.0,0.0,225.0,18.97974720492077,23.0,0.0001,100.0,1.1,0.0,0.0,1.0,1.0,1.6457810657447303,1.5928917883611662,,,,,,0.0,1
95.00000000000001,0.00109377090916256,13.62981064336083,0.18943111580384916,13.164328530578436,87056.3986586518,96364.74013811379,6.393383084522636,297.98663041454046,177.02336553574668,1.6975608151345911,75.0,100.0,10.0,90.0,0.0,225.0,17.490933557749216,23.0,0.0001,100.0,1.1,0.0,0.0,1.0,1.0,1.647735096627066,1.5952421639047465,,,,,,0.0,1
95.2,0.0010960392751929995,13.600468813352414,0.18932568154766688,13.201633428395386,87133.47953297535,96452.23071044685,6.386807751721178,297.98269822362494,175.3997092245477,1.7000051519709656,75.0,100.0,10.0,90.0,0.0,225.0,15.617224025037657,23.0,0.0001,100.0,1.1,0.0,0.0,1.0,1.0,1.6610444532566144,1.5975909840130187,,,,,,0.0,1
95.4,0.001088875477580077,13.578282464471869,0.1892131676351144,13.238943386678937,87210.5544785439,96539.72385831598,6.387291628014784,297.98035656761425,174.43186999043814,1.702453112806318,75.0,100.0,10.0,90.0,0.0,225.0,13.793426239327758,23.0,0.0001,100.0,1.1,0.0,0.0,1.0,1.0,1.6752853154039904,1.5999434390991254,,,,,,0.0,1
95.60000000000001,0.0010986092763906209,13.555086623611878,0.18909733499019324,13.276337626658758,87287.62344446883,96627.23078230086,6.389806235990539,297.9796026310759,174.11998607222927,1.7049027574784033,75.0,100.0,10.0,90.0,0.0,225.0,12.366229733442864,23.0,0.0001,100.0,1.1,0.0,0.0,1.0,1.0,1.6899608446649872,1.602297665206045,,,,,,0.0,1
95.80000000000001,0.001056051326933117,13.606080310942096,0.1891978338314833,13.31294267990487,87364.68683374676,96714.58288606552,6.390382527479251,297.97501987280094,172.22255295403892,1.7072971276269728,75.0,100.0,10.0,90.0,0.0,225.0,11.387055333333265,23.0,0.0001,100.0,1.1,0.0,0.0,1.0,1.0,1.676079135268264,1.6045989176499729,,,,,,0.0,1
96.00000000000001,0.0010402738420065881,13.609192123778152,0.189191003946624,13.349178313342295,87441.74511183624,96801.87622047629,6.389622850265207,297.97011987378187,170.1918470844472,1.7096456084764875,75.0,100.0,10.0,90.0,0.0,225.0,9.046756917850345,23.0,0.0001,100.0,1.1,0.0,0.0,1.0,1.0,1.6763841994265736,1.6068562074019082,1585.8087167859983,33.322694923908614,1098.8454351592486,12.600742407347227,20.662490074643337,0.0,1
96.2,0.0010817664465483476,13.551074519706642,0.18914963701573737,13.38633892661604,87518.79724316043,96889.3468637653,6.383035938096076,297.97098555309776,170.55092605587768,1.7120387326804354,75.0,100.0,10.0,90.0,0.0,225.0,6.453873173367597,23.0,0.0001,100.0,1.1,0.0,0.0,1.0,1.0,1.6812399654963517,1.6091565516482913,,,,,,0.0,1
96.4,0.0010514584841839847,13.592901927480806,0.18925665330834798,13.422702472167588,87595.84253265845,96976.69077853454,6.37658060941741,297.96911556073815,169.77450197699358,1.7144165025045506,75.0,100.0,10.0,90.0,0.0,225.0,5.668777796813956,23.0,0.0001,100.0,1.1,0.0,0.0,1.0,1.0,1.666497832311015,1.6114422814012448,,,,,,0.0,1
96.60000000000001,0.001032078827050043,13.601251991254275,0.1892505212798963,13.458760950252449,87672.88163450666,97063.96652085613,6.36375213431497,297.9664850775628,168.68129375984228,1.7167496235482482,75.0,100.0,10.0,90.0,0.0,225.0,3.929096079043333,23.0,0.0001,100.0,1.1,0.0,0.0,1.0,1.0,1.666714446642552,1.6136852307836296,,,,,,0.0,1
96.80000000000001,0.0010352407391776939,13.579500810314299,0.18922970028967692,13.49502433696582,87749.91401234023,97151.29125734208,6.343827667465856,297.9664495341584,168.66649399744446,1.7190819182999075,75.0,100.0,10.0,90.0,0.0,225.0,1.8774378539342678,23.0,0.0001,100.0,1.1,0.0,0.0,1.0,1.0,1.6688721116491592,1.6159275245391165,,,,,,0.0,1
97.00000000000001,0.0010490571980895297,13.554830750244982,0.18916970135316039,13.53136435960024,87826.93905431127,97238.65966241849,6.329170936092011,297.96818836846217,169.3904467642759,1.7214313897407927,75.0,100.0,10.0,90.0,0.0,225.0,0.6280944118342262,23.0,0.0001,100.0,1.1,0.0,0.0,1.0,1.0,1.6762015056316748,1.6181864724063193,,,,,,0.0,1
97.2,0.0010649777357798647,13.546648822688192,0.18923046495955215,13.567962268653888,87903.95581608196,97326.06799612775,6.317235446294659,297.97131043176313,170.6915281750533,1.7237993043604118,75.0,100.0,10.0,90.0,0.0,225.0,0.0001,23.0,0.0001,100.0,1.1,0.0,0.0,1.0,1.0,1.6675709204467608,1.6204632952924687,,,,,,0.0,1
97.4,0.0010899144038914901,13.500711552956584,0.18915716495563642,13.605111917581848,87980.9640955269,97413.5830284409,6.307779566282086,297.9770107402754,173.0691328056114,1.7262072747362607,75.0,100.0,10.0,90.0,0.0,225.0,0.0001,23.0,0.0001,100.0,1.1,0.0,0.0,1.0,1.0,1.6766432538590683,1.6227787796856759,,,,,,0.0,1
97.60000000000001,0.0011042709110810813,13.469862846733962,0.18907418292570044,13.642623089151165,88057.9623964988,97501.15202179305,6.301721309108087,297.98326790865764,175.68149436801133,1.728647107415607,75.0,100.0,10.0,90.0,0.0,225.0,0.8674321530849876,23.0,0.0001,100.0,1.1,0.0,0.0,1.0,1.0,1.6869853100222927,1.6251250534616448,,,,,,0.0,1
97.80000000000001,0.0011114475990562937,13.435757184543968,0.1889242812492494,13.680222823462806,88134.95133815844,97588.75089917393,6.289497697801154,297.98930360065094,178.20363968843688,1.731105681693555,75.0,100.0,10.0,90.0,0.0,225.0,2.121305691450285,23.0,0.0001,100.0,1.1,0.0,0.0,1.0,1.0,1.7061584493912598,1.6274895037778976,,,,,,0.0,1
98.00000000000001,0.0010936485530146102,13.438131807706258,0.18883038178364772,13.717426050629744,88211.9314465437,97676.27428504177,6.279613848204434,297.9923577759838,179.48104801471166,1.7335444428279494,75.0,100.0,10.0,90.0,0.0,225.0,3.5292372409346875,23.0,0.0001,100.0,1.1,0.0,0.0,1.0,1.0,1.717937563700236,1.629835051834593,,,,,,0.0,1
98.2,0.0010877883849739695,13.438597573428861,0.18884826092872894,13.754741928177141,88288.90312805257,97763.79095682512,6.273430076963902,297.9943160496359,180.3008742658522,1.7359626805509953,75.0,100.0,10.0,90.0,0.0,225.0,4.136545065233118,23.0,0.0001,100.0,1.1,0.0,0.0,1.0,1.0,1.7149634718142206,1.6321610107612035,,,,,,0.0,1
98.4,0.0010837510844045294,13.42081865257941,0.18877889583125984,13.792265152395021,88365.86722670883,97851.31701720659,6.264675479299276,297.9957576667142,180.90494316661093,1.7383723092447283,75.0,100.0,10.0,90.0,0.0,225.0,4.502659759611273,23.0,0.0001,100.0,1.1,0.0,0.0,1.0,1.0,1.7235100067781135,1.6344788376057169,,,,,,0.0,1
98.60000000000001,0.001110687443287173,13.377633507968742,0.18869375061368304,13.830293342279587,88442.82352159542,97938.94160671812,6.254023625585018,297.9992188167823,182.35654911809738,1.740810755271108,75.0,100.0,10.0,90.0,0.0,225.0,4.772182460576001,23.0,0.0001,100.0,1.1,0.0,0.0,1.0,1.0,1.7341311348085988,1.63682453475104,,,,,,0.0,1
98.80000000000001,0.0011054484185584028,13.377106090611397,0.18867520615514843,13.86813203026608,88519.77140820098,98026.54304087251,6.246122305513322,298.00086838583434,183.0490239888612,1.7432542216195586,75.0,100.0,10.0,90.0,0.0,225.0,5.796379607753405,23.0,0.0001,100.0,1.1,0.0,0.0,1.0,1.0,1.7359594996396672,1.6391752134937088,,,,,,0.0,1
99.00000000000001,0.0011275763316709326,13.343945112350093,0.18863070647439947,13.906348403178898,88596.71156448049,98114.22342448703,6.235778744572135,298.00400175057996,184.36555898778207,1.7457185385831284,75.0,100.0,10.0,90.0,0.0,225.0,6.310227934539906,23.0,0.0001,100.0,1.1,0.0,0.0,1.0,1.0,1.741208279880391,1.6415461054309406,,,,,,0.0,1
99.2,0.0011429263929254026,13.309518777533665,0.1885284701034298,13.94462170114482,88673.64291108283,98201.95276854743,6.228655718806298,298.0073984532188,185.79409814894686,1.7482129609443287,75.0,100.0,10.0,90.0,0.0,225.0,7.41143147267675,23.0,0.0001,100.0,1.1,0.0,0.0,1.0,1.0,1.7540681154122757,1.6439461193149498,,,,,,0.0,1
99.4,0.0011403548427915563,13.30223706364269,0.188482575836323,13.9829015719608,88750.56614617417,98289.6769571786,6.217456658302952,298.00953840883267,186.69489964842995,1.7507102171286344,75.0,100.0,10.0,90.0,0.0,225.0,8.709859294232242,23.0,0.0001,100.0,1.1,0.0,0.0,1.0,1.0,1.7594914654977158,1.6463490188911445,,,,,,0.0,1
99.60000000000001,0.0011388783825538303,13.307759463022691,0.1885482350510218,14.02122821110207,88827.48177504349,98377.40234781569,6.207724354861274,298.0104773200149,187.09047799730143,1.7531993938199766,75.0,100.0,10.0,90.0,0.0,225.0,9.700110706931152,23.0,0.0001,100.0,1.1,0.0,0.0,1.0,1.0,1.7501972611661434,1.648744302707712,,,,,,0.0,1
99.80000000000001,0.0011608541848439503,13.252212458394776,0.18833946768367682,14.059992597470105,88904.38989805144,98465.20184694757,6.19512699223059,298.01305278992396,188.17655483488758,1.7557055980031118,75.0,100.0,10.0,90.0,0.0,225.0,10.365675728922067,23.0,0.0001,100.0,1.1,0.0,0.0,1.0,1.0,1.7771067177537123,1.6511561315738355,,,,,,0.0,1
100.00000000000001,0.0011534924199336088,13.25159740534045,0.18826649650713106,14.098313063531505,88981.29006269328,98552.9563226028,6.185936971205486,298.01277669461024,188.0599846898782,1.7582063701233444,75.0,100.0,10.0,90.0,0.0,225.0,11.64007051424019,23.0,0.0001,100.0,1.1,0.0,0.0,1.0,1.0,1.7860989075286475,1.653562892812141,,,,,,0.0,1
100.2,0.0010939314285620093,13.33424900432973,0.1884644559441829,14.13524629476065,89058.18544354483,98640.48690860458,6.177527221148798,298.0061568012806,185.26320433282348,1.7606280962052037,75.0,100.0,10.0,90.0,0.0,225.0,12.014981228836458,23.0,0.0001,100.0,1.1,0.0,0.0,1.0,1.0,1.7593718254165107,1.655893731799694,,,,,,0.0,1
100.4,0.0011069230073300913,12.471547804264171,0.18859031807411167,14.172029667992291,88430.46891765454,97928.04228255771,6.175819228743692,298.0012098164673,183.17961874697872,1.7542779707747909,75.0,100.0,10.0,90.0,0.0,225.0,10.212314792851739,23.0,0.0001,100.0,1.0,-4000.0,0.0,1.0,1.0,1.7443701394975497,1.6497822443799857,,,,,,0.0,1
100.60000000000001,0.0011526584816263555,12.3872160298352,0.18843944361147696,14.209341100033177,87802.84757279234,97215.76895221374,6.173297640629738,298.00130292555747,183.21826420606675,1.7433474784042646,75.0,100.0,10.0,90.0,0.0,225.0,8.786134280248032,23.0,0.0001,100.0,1.0,-4000.0,0.0,1.0,1.0,1.7670448573001252,1.6392649319867367,,,,,,0.0,1
100.80000000000001,0.001169231682773517,12.36337746312261,0.1885243860186211,14.246713081481886,87175.31778408813,96503.54554955597,6.167478885065094,298.001836973256,183.43958939091777,1.7321273754687776,75.0,100.0,10.0,90.0,0.0,225.0,8.900727419985625,23.0,0.0001,100.0,1.0,-4000.0,0.0,1.0,1.0,1.7586787759232252,1.628472128427435,,,,,,0.0,1
101.00000000000001,0.001188580935053808,12.323811147096334,0.18864692888291046,14.284344377439915,86547.87768240237,95791.42449253981,6.163955215371615,298.0039600355962,184.3136806966208,1.720899968594519,75.0,100.0,10.0,90.0,0.0,225.0,9.13313526620453,23.0,0.0001,100.0,1.0,-4000.0,0.0,1.0,1.0,1.7453545045805874,1.6176755142439336,,,,,,0.0,1
101.2,0.0012201040019995566,12.303642113360185,0.18889869678378005,14.322473012310873,85920.52003473358,95079.39651597317,6.162406481283652,298.00666838884393,185.42134045706257,1.7096904099331787,75.0,100.0,10.0,90.0,0.0,225.0,9.9304729129403,23.0,0.0001,100.0,1.0,-4000.0,0.0,1.0,1.0,1.7149707818420568,1.606899270592562,,,,,,0.0,1
101.4,0.0012504926950136985,12.264646202091933,0.18901659929635142,14.361030570815876,85293.25150205081,94367.45705817237,6.158323703592009,298.0102799373166,186.8876342335458,1.6984990350361353,75.0,100.0,10.0,90.0,0.0,225.0,10.997433150712052,23.0,0.0001,100.0,1.0,-4000.0,0.0,1.0,1.0,1.7022468788895908,1.5961437032225567,,,,,,0.0,1
101.60000000000001,0.001228265734518156,12.280004901779506,0.18916579006696757,14.399169540363076,84666.06804063744,93655.43081257389,6.161393061326088,298.0102431150313,186.8726628734007,1.687268619141048,75.0,100.0,10.0,90.0,0.0,225.0,12.473169306079907,23.0,0.0001,100.0,1.0,-4000.0,0.0,1.0,1.0,1.6854015086159115,1.5853538233379667,,,,,,0.0,1
101.80000000000001,0.0012219438067814573,12.286576997221813,0.18933673411914417,14.437086653205853,84038.96821748666,92943.35292061536,6.165256876070194,298.00774866210514,185.87365930663438,1.6759842295823808,75.0,100.0,10.0,90.0,0.0,225.0,12.818876653471388,23.0,0.0001,100.0,1.0,-4000.0,0.0,1.0,1.0,1.665695286245649,1.5745153225815192,,,,,,0.0,1
102.00000000000001,0.0012283618015988564,12.28166956940728,0.18953652324404624,14.474810502467825,83411.96708963615,92231.29701903273,6.169727453363993,298.00546348727346,184.96589199203632,1.6646724009564855,75.0,100.0,10.0,90.0,0.0,225.0,12.342683374760778,23.0,0.0001,100.0,1.0,-4000.0,0.0,1.0,1.0,1.6421822863207578,1.563653720726253,,,,,,0.0,1
102.2,0.0012254977680378342,12.286150777819767,0.18976268199784008,14.512548526952948,82785.05706964277,91519.23315350385,6.173567104434535,298.0023589606169,183.74204673581187,1.6533342363795744,75.0,100.0,10.0,90.0,0.0,225.0,11.863581283718897,23.0,0.0001,100.0,1.0,-4000.0,0.0,1.0,1.0,1.6151856291315745,1.552770098788869,,,,,,0.0,1
102.4,0.0012280996903594262,12.259291038851797,0.1897442381679036,14.550708942455742,82862.5192368355,91607.22190779028,6.169465248784425,298.001246604461,183.30456834283427,1.651285391794468,75.0,100.0,10.0,90.0,0.0,225.0,11.014539171199086,23.0,0.0001,100.0,1.0,0.0,0.0,1.0,1.0,1.6181457804920019,1.550803740476019,,,,,,0.0,1
102.60000000000001,0.0011863677124061057,12.313926544992134,0.18988861101867946,14.587975475335142,82939.97600293945,91695.07154576285,6.164926819706643,297.9965023007212,181.43700491944952,1.6532034528005228,75.0,100.0,10.0,90.0,0.0,225.0,10.742521270476399,23.0,0.0001,100.0,1.0,0.0,0.0,1.0,1.0,1.59857195688375,1.5526445773528945,,,,,,0.0,1
102.80000000000001,0.001187180903275252,12.292040066822429,0.18981986258599406,14.62540584460656,83017.4265784922,91782.9298101618,6.163229665045148,297.9938864986781,180.40619706710424,1.6555344526496494,75.0,100.0,10.0,90.0,0.0,225.0,9.16082681869835,23.0,0.0001,100.0,1.0,0.0,0.0,1.0,1.0,1.6070659640624796,1.5548818534820699,,,,,,0.0,1
103.00000000000001,0.0011572014870956287,12.328758101560567,0.18994085660031418,14.662461405357583,83094.87213817655,91870.70536183685,6.169674943040465,297.9891973027958,178.55668807343147,1.6578664690880212,75.0,100.0,10.0,90.0,0.0,225.0,8.162793668914329,23.0,0.0001,100.0,1.0,0.0,0.0,1.0,1.0,1.590472934533817,1.557120243641846,,,,,,0.0,1
103.2,0.001178704979420112,12.29119129334489,0.18984580147352048,14.699864456154337,83172.31206530439,91958.5451445141,6.176925474550586,297.98661703719335,177.53799058907816,1.6602037861405732,75.0,100.0,10.0,90.0,0.0,225.0,6.335383305274828,23.0,0.0001,100.0,1.0,0.0,0.0,1.0,1.0,1.602445088894285,1.5593638604362008,,,,,,0.0,1
103.4,0.001171528318513927,12.283334540360595,0.1897346557613751,14.736935023340001,83249.74573836238,92046.34649226518,6.182997786595799,297.9835877694068,176.34077744089592,1.6625345809411411,75.0,100.0,10.0,90.0,0.0,225.0,5.075259496394832,23.0,0.0001,100.0,1.0,0.0,0.0,1.0,1.0,1.6165436722777178,1.5616013548672476,,,,,,0.0,1
103.60000000000001,0.001173919531611302,12.272744538008276,0.1896891216072803,14.773954442709448,83327.173013819,92134.15414830884,6.188403526559819,297.9815212913839,175.5232286088852,1.6648587310026925,75.0,100.0,10.0,90.0,0.0,225.0,3.5476529968108785,23.0,0.0001,100.0,1.0,0.0,0.0,1.0,1.0,1.621969573626778,1.5638326081921203,,,,,,0.0,1
103.80000000000001,0.0011779371747173925,12.237454466177894,0.18954222964418402,14.811191831471154,83404.59421481867,92222.00388840576,6.201595306177435,297.9812582634144,175.41906564153498,1.6671928591768501,75.0,100.0,10.0,90.0,0.0,225.0,2.241978940056523,23.0,0.0001,100.0,1.0,0.0,0.0,1.0,1.0,1.6407864531846559,1.5660735791525997,,,,,,0.0,1
104.00000000000001,0.001163278597519838,12.236640553641031,0.18947208877842825,14.848046148302563,83482.00846471355,92309.80820418494,6.214801070719221,297.98040033369966,175.07900142990786,1.669518566346298,75.0,100.0,10.0,90.0,0.0,225.0,1.4737813026536308,23.0,0.0001,100.0,1.0,0.0,0.0,1.0,1.0,1.649461134345057,1.568306603107885,,,,,,0.0,1
104.2,0.0011885949687555151,12.180171748166478,0.18930781918294226,14.885685913166437,83559.41562939384,92397.71204389835,6.2276395651632,297.98280279086856,176.0320950554466,1.671868459062758,75.0,100.0,10.0,90.0,0.0,225.0,0.47695313887498614,23.0,0.0001,100.0,1.0,0.0,0.0,1.0,1.0,1.670560600394439,1.5705629886043566,,,,,,0.0,1
104.4,0.0011508561538493888,12.22063255216038,0.18935622257644616,14.922547054804564,83636.8156491806,92485.48288560186,6.2412244590117565,297.9816361698774,175.56880306754843,1.6741892873083373,75.0,100.0,10.0,90.0,0.0,225.0,0.5772478487429247,23.0,0.0001,100.0,1.0,0.0,0.0,1.0,1.0,1.6635778310720084,1.5727916041333514,,,,,,0.0,1
104.60000000000001,0.0011212265789737545,12.265342820879738,0.18949962872753254,14.958549423855182,83714.20975103503,92573.13632228578,6.251721109073789,297.97757706133956,173.9553312365873,1.676454595747634,75.0,100.0,10.0,90.0,0.0,225.0,0.0001,23.0,0.0001,100.0,1.0,0.0,0.0,1.0,1.0,1.6440565913541858,1.5749670380454903,,,,,,0.0,1
104.80000000000001,0.001115540748659341,12.255294813225472,0.1894417154169947,14.9946986783409,83791.5984335903,92660.7759022384,6.26421637311497,297.9727818818769,172.04736138503108,1.6786884309712167,75.0,100.0,10.0,90.0,0.0,225.0,0.0001,23.0,0.0001,100.0,1.0,0.0,0.0,1.0,1.0,1.6511395736450076,1.5771123753590572,,,,,,0.0,1
105.00000000000001,0.0011317582029757773,12.223153519525598,0.18937205966963008,15.031374863346787,83868.98158752544,92748.4751231209,6.282879505164195,297.9694438361484,170.71787176974522,1.6809308670837375,75.0,100.0,10.0,90.0,0.0,225.0,0.0001,23.0,0.0001,100.0,1.0,0.0,0.0,1.0,1.0,1.6597709049953873,1.579266100609994,,,,,,0.0,1
105.2,0.0011520953722476185,12.20153205926367,0.18934052958353417,15.068087119838625,83946.35912927784,92836.21868111972,6.30027026953383,297.96717576412567,169.81371080233947,1.6831955248631343,75.0,100.0,10.0,90.0,0.0,225.0,0.0001,23.0,0.0001,100.0,1.0,0.0,0.0,1.0,1.0,1.663359714509795,1.5814412983941073,,,,,,0.0,1
105.4,0.0011418562689643119,12.214103944534626,0.18940100288648298,15.10488016103965,84023.73056608882,92923.92534809273,6.315031758400838,297.96390240854885,168.50748241191113,1.6854523376569779,75.0,100.0,10.0,90.0,0.0,225.0,0.0001,23.0,0.0001,100.0,1.0,0.0,0.0,1.0,1.0,1.6547966947080501,1.5836090910209453,,,,,,0.0,1
105.60000000000001,0.0011221768090664812,12.231155588555456,0.18943991216244363,15.14121773150603,84101.09693397433,93011.5638433238,6.3277534432897475,297.9587907911242,166.465799262231,1.6876810790995116,75.0,100.0,10.0,90.0,0.0,225.0,0.0001,23.0,0.0001,100.0,1.0,0.0,0.0,1.0,1.0,1.6490884444386238,1.585750046879385,,,,,,0.0,1
105.80000000000001,0.0010997488004057384,12.245252952403323,0.18943910335401531,15.177212420224176,84178.45874457891,93099.13908522551,6.3395980834849945,297.9516754476239,163.6209761901509,1.6898731539990255,75.0,100.0,10.0,90.0,0.0,225.0,0.0001,23.0,0.0001,100.0,1.0,0.0,0.0,1.0,1.0,1.6486371767940087,1.587855903830418,,,,,,0.0,1
106.00000000000001,0.0011231432117895365,12.20123879298835,0.18930018720884145,15.21385043236981,84255.81630266379,93186.79064917576,6.347451571937712,297.9462072027816,161.432716376993,1.6920696237827446,75.0,100.0,10.0,90.0,0.0,225.0,0.0001,23.0,0.0001,100.0,1.0,0.0,0.0,1.0,1.0,1.6664313589519923,1.5899661055778869,,,,,,0.0,1
106.2,0.0011356523814569654,12.16667808826045,0.18918782394635114,15.2510304324564,84333.16272699281,93274.5002788569,6.3597685992173245,297.96620697865234,169.44391705185953,1.694286569354034,75.0,100.0,10.0,90.0,0.0,225.0,0.0001,23.0,10.620297021316357,100.0,1.0,0.0,0.0,1.0,1.0,1.6807085609333792,1.5920961035382801,,,,,,0.0,1
106.4,0.001131310542418566,12.176399064067704,0.18922117420791,15.288033269111793,84410.5002694061,93362.1759388395,6.376593658103586,297.9598675888906,166.90206970808998,1.6964988537483279,75.0,100.0,10.0,90.0,0.0,225.0,4.923804616038407,23.0,1.0620297021316358,100.0,1.0,0.0,0.0,1.0,1.0,1.6757416211339118,1.594221747952796,,,,,,0.0,1
106.60000000000001,0.0011093943906561596,12.207541340993352,0.1892963448368099,15.324417207788192,84487.83393969227,93449.76118870419,6.392432141318068,297.95129167378747,163.4601390151686,1.6986755267659321,75.0,100.0,10.0,90.0,0.0,225.0,1.319478528662156,23.0,0.10620297021316359,100.0,1.0,0.0,0.0,1.0,1.0,1.6652585391409858,1.596313297349801,,,,,,0.0,1
106.80000000000001,0.0011247985045483137,12.179082172371173,0.1892781293694332,15.3613359725863,84565.16356355663,93537.41607601699,6.405008057274184,297.9450961700311,160.97123436800493,1.7008538318235566,75.0,100.0,10.0,90.0,0.0,225.0,0.0001,23.0,0.01062029702131636,100.0,1.0,0.0,0.0,1.0,1.0,1.6671107989522929,1.598406535826999,,,,,,0.0,1
107.00000000000001,0.001128203250059418,12.156459655495684,0.18922402994220686,15.398531562689344,84642.4821670499,93625.10719445816,6.413893069183258,297.96389461267626,168.53030452178717,1.703046708762278,75.0,100.0,10.0,90.0,0.0,225.0,0.0001,23.0,10.695538344916397,100.0,1.0,0.0,0.0,1.0,1.0,1.6736995808190307,1.600513899264361,,,,,,0.0,1
107.2,0.0010984148424423917,12.188757381397615,0.18924738166048502,15.435275241410128,84719.79354976081,93712.69268119389,6.421942676337095,297.9542626336848,164.6536459596599,1.7052037617821174,75.0,100.0,10.0,90.0,0.0,225.0,4.473135366920186,23.0,1.0695538344916398,100.0,1.0,0.0,0.0,1.0,1.0,1.6700662935665886,1.6025869553404268,,,,,,0.0,1
107.4,0.0011051208405601625,12.176373059539332,0.18928114409343838,15.472374996418852,84797.10122846231,93800.32296700908,6.430889857368537,297.9465388807627,161.54187336359823,1.707349138605968,75.0,100.0,10.0,90.0,0.0,225.0,0.0001,23.0,0.10695538344916398,100.0,1.0,0.0,0.0,1.0,1.0,1.6650601206226023,1.60464890752949,,,,,,0.0,1
107.60000000000001,0.0010933513627987032,12.19460988452685,0.18931115866688183,15.509105407172255,84874.39954560754,93887.88206941016,6.442292709596789,297.96079838178144,167.2920970073172,1.709472305760806,75.0,100.0,10.0,90.0,0.0,225.0,0.0001,23.0,10.601454976205357,100.0,1.0,0.0,0.0,1.0,1.0,1.6605541259862122,1.6066896291954607,,,,,,0.0,1
107.80000000000001,0.0010954512596108633,12.18937282316281,0.18938132618609227,15.546081780733342,84951.69069658137,93975.47737583672,6.452393486671368,297.95187610971544,163.69050986548265,1.7115906074230312,75.0,100.0,10.0,90.0,0.0,225.0,2.9727640269784357,23.0,1.0601454976205358,100.0,1.0,0.0,0.0,1.0,1.0,1.6507423743283618,1.6087257888220734,,,,,,0.0,1
108.00000000000001,0.0011141014138838408,12.142783037794526,0.18924890138268574,15.583706169857983,85028.97838877575,94063.16480302531,6.454809323698892,297.9446789328506,160.78274848759835,1.7137309373230827,75.0,100.0,10.0,90.0,0.0,225.0,0.0001,23.0,0.10601454976205359,100.0,1.0,0.0,0.0,1.0,1.0,1.6676964602500757,1.6107832386788883,1553.992267218324,42.01418188783576,1107.4651964130474,14.848046148302563,21.397517541188616,0.0,1
108.2,0.0011131324652849405,12.13906480906908,0.1892435268429166,15.621236475904066,85106.25559130963,94150.85503731425,6.464670321492439,297.9620381990631,167.80296306927704,1.7158806573600864,75.0,100.0,10.0,90.0,0.0,225.0,0.0001,23.0,10.99289847283583,100.0,1.0,0.0,0.0,1.0,1.0,1.66785967138851,1.612849832626668,,,,,,0.0,1
108.4,0.0011145947673292763,12.15015793645006,0.18937647666868862,15.6586977132557,85183.52487097158,94238.55216900555,6.467345974843668,297.9542810207218,164.6627631943322,1.7180315974002451,75.0,100.0,10.0,90.0,0.0,225.0,3.9684856516991514,23.0,1.099289847283583,100.0,1.0,0.0,0.0,1.0,1.0,1.6497430337269718,1.614917717338024,,,,,,0.0,1
108.60000000000001,0.0011124625686025258,12.140223401915664,0.18935803234521406,15.696319655689699,85260.790489297,94326.25271158094,6.465477185982143,297.94670771437006,161.59422514134468,1.720178373471796,75.0,100.0,10.0,90.0,0.0,225.0,0.0001,23.0,0.10992898472835831,100.0,1.0,0.0,0.0,1.0,1.0,1.6516341399473267,1.6169817165029468,,,,,,0.0,1
108.80000000000001,0.001129925249444514,12.11540155619501,0.18931354101042588,15.734118817712831,85338.04734285171,94414.00890081364,6.464260803347157,297.9648820137035,168.96413595761948,1.7223382703999177,75.0,100.0,10.0,90.0,0.0,225.0,0.0001,23.0,10.991254446179507,100.0,1.0,0.0,0.0,1.0,1.0,1.656964418189035,1.6190584492134386,,,,,,0.0,1
109.00000000000001,0.0011521882328578352,12.066596576925626,0.1891401211161607,15.772351449324546,85415.29413732531,94501.84168076378,6.462798349842843,297.9595520606962,166.80055254904323,1.724526331005124,75.0,100.0,10.0,90.0,0.0,225.0,4.328572356556432,23.0,1.0991254446179508,100.0,1.0,0.0,0.0,1.0,1.0,1.679322363457211,1.6211623825135624,,,,,,0.0,1
109.2,0.001127433398171526,12.094423848713108,0.1891553934580205,15.809918727963213,85492.53705418663,94589.58497816141,6.451492603695201,297.9516009789563,163.57016022385974,1.7266955752130915,75.0,100.0,10.0,90.0,0.0,225.0,1.0365068379074351,23.0,0.10991254446179509,100.0,1.0,0.0,0.0,1.0,1.0,1.6767531244071565,1.6232483434219536,,,,,,0.0,1
109.4,0.0011047955188917197,12.118747009641844,0.18927635007755184,15.847262403807242,85569.7760331394,94677.28658844983,6.443174229977417,297.94286755058755,160.01814172119816,1.7288320513605524,75.0,100.0,10.0,90.0,0.0,225.0,0.0001,23.0,0.010991254446179509,100.0,1.0,0.0,0.0,1.0,1.0,1.6602265011966555,1.6253029116560411,,,,,,0.0,1
109.60000000000001,0.0011034080947339574,12.094941646504768,0.18913722701131197,15.884508163506919,85647.00460457768,94764.97460915454,6.43429687225145,297.960682376024,167.27050693694787,1.7309549641348927,75.0,100.0,10.0,90.0,0.0,225.0,0.0001,23.0,12.058847958155892,100.0,1.0,0.0,0.0,1.0,1.0,1.678070104659747,1.6273445518473066,,,,,,0.0,1
109.80000000000001,0.0011220719458296079,12.045748780443313,0.1889614462979643,15.92213233799292,85724.22555728778,94852.74452467819,6.4187364850454385,297.9534075412716,164.30626990772387,1.7331001075305261,75.0,100.0,10.0,90.0,0.0,225.0,4.069248635377644,23.0,1.2058847958155894,100.0,1.0,0.0,0.0,1.0,1.0,1.7007441616660628,1.6294076883875663,,,,,,0.0,1
110.00000000000001,0.001104824963024145,12.077922176131949,0.18911065139947222,15.959084511051953,85801.44283925934,94940.46621823886,6.403247410821612,297.94488861808304,160.83183286395976,1.7352447837024774,75.0,100.0,10.0,90.0,0.0,225.0,0.0001,23.0,0.12058847958155894,100.0,1.0,0.0,0.0,1.0,1.0,1.6804904465307389,1.631470492939556,,,,,,0.0,1
110.2,0.0011135172730501273,12.0653717743101,0.18911121691403035,15.995750988609897,85878.64996660434,95028.2040704277,6.390811221051341,297.96270498067986,168.1051195913919,1.7373917469050935,75.0,100.0,10.0,90.0,0.0,225.0,0.0001,23.0,11.759344651850054,100.0,1.0,0.0,0.0,1.0,1.0,1.6798698225186224,1.6335356147749096,,,,,,0.0,1
110.4,0.0010873527610394224,12.10631842354771,0.18929647941201494,16.03186443061417,85955.8500844854,95115.8638104468,6.372984972462514,297.95196871188915,163.7184678040748,1.7395181334430516,75.0,100.0,10.0,90.0,0.0,225.0,4.143960197930422,23.0,1.1759344651850054,100.0,1.0,0.0,0.0,1.0,1.0,1.6548451821591936,1.6355810602650014,,,,,,0.0,1
110.60000000000001,0.0010630591574105352,12.137895492207836,0.1894037548511062,16.067306174054163,86033.04813237648,95203.44214042675,6.352739113651333,297.93921548749574,158.50284782140636,1.7416056837303044,75.0,100.0,10.0,90.0,0.0,225.0,0.0001,23.0,0.11759344651850055,100.0,1.0,0.0,0.0,1.0,1.0,1.6401305661435366,1.6375892600631743,,,,,,0.0,1
110.80000000000001,0.0010873796308582813,12.095841011729858,0.18932634747709887,16.10341834366752,86110.23676870033,95291.11012123567,6.341274060576988,297.9579552104908,166.17441794269848,1.7437004072541467,75.0,100.0,10.0,90.0,0.0,225.0,0.0001,23.0,13.29890262119616,100.0,1.0,0.0,0.0,1.0,1.0,1.6498314484260488,1.6396044722366172,,,,,,0.0,1
111.00000000000001,0.0011021056285750036,12.074309342798074,0.18933508286678116,16.13968527734383,86187.4171247797,95378.84740932885,6.3234635730440365,297.94889704186517,162.46257866824328,1.7458264629243543,75.0,100.0,10.0,90.0,0.0,225.0,4.2815343973383015,23.0,1.329890262119616,100.0,1.0,0.0,0.0,1.0,1.0,1.6481349006812387,1.6416499417823016,,,,,,0.0,1
111.2,0.0011044033575290284,12.075290801074804,0.18941361296318454,16.175587628568803,86264.58011200726,95466.59045309761,6.304762427097104,297.9875794606731,178.32951216287566,1.7479719629678103,75.0,100.0,10.0,90.0,0.0,225.0,1.2844603192014905,23.0,21.90450736076411,100.0,1.0,0.0,0.0,1.0,1.0,1.637204095919587,1.6437142356571373,,,,,,0.0,1
111.4,0.0011162649690467112,12.046943934898831,0.1893629657031324,16.211610626792414,86341.73451150749,95554.38801153412,6.291505904064455,297.976684866549,173.85693529936168,1.7501389122583149,75.0,100.0,10.0,90.0,0.0,225.0,12.781470142571015,23.0,2.190450736076411,100.0,1.0,0.0,0.0,1.0,1.0,1.6433492525551558,1.6457992862219164,,,,,,0.0,1
111.60000000000001,0.0011032006755389392,12.07681838336927,0.18950858130241197,16.247511628309084,86418.88743197464,95642.14708280134,6.279424662872117,297.9620907748078,167.86004906051863,1.752294907641809,75.0,100.0,10.0,90.0,0.0,225.0,8.266946803949088,23.0,0.21904507360764114,100.0,1.0,0.0,0.0,1.0,1.0,1.62354052947219,1.6478739158594797,,,,,,0.0,1
111.80000000000001,0.0010985576345458098,12.060644003721745,0.18941084197117336,16.28306751268932,86496.03871055896,95729.8970188181,6.261216736476713,297.9504638788345,163.07781376589676,1.7544386747510252,75.0,100.0,10.0,90.0,0.0,225.0,2.4393771047434196,23.0,0.021904507360764117,100.0,1.0,0.0,0.0,1.0,1.0,1.6359217826743149,1.6499368963922705,,,,,,0.0,1
112.00000000000001,0.0011048739907044873,12.05459534737564,0.18939868056466355,16.318632884107007,86573.1874184029,95817.65542237437,6.244437407182903,297.94050200761154,158.97653628159236,1.756579205033535,75.0,100.0,10.0,90.0,0.0,225.0,0.0001,23.0,0.0021904507360764117,100.0,1.0,0.0,0.0,1.0,1.0,1.6369844260179611,1.651996879168644,,,,,,0.0,1
112.2,0.0010673036873108648,12.103367994452476,0.1894572832839389,16.352881688768242,86650.32817663418,95905.25985248254,6.226733954094219,297.95303335698213,164.14003981615508,1.758675754716143,75.0,100.0,10.0,90.0,0.0,225.0,0.0001,23.0,11.981535851262747,100.0,1.0,0.0,0.0,1.0,1.0,1.6286984181658928,1.6540146497536679,,,,,,0.0,1
112.4,0.001127014848544354,12.005867790797783,0.18925514694759638,16.388330866968815,86727.46134641835,95993.08486035661,6.208691328400178,297.9453023056898,160.95139544383358,1.7608159795807203,75.0,100.0,10.0,90.0,0.0,225.0,2.1669548524587547,23.0,1.1981535851262748,100.0,1.0,0.0,0.0,1.0,1.0,1.6548852005467052,1.6560745701958446,,,,,,0.0,1
112.60000000000001,0.0011496828134942895,11.969587289915749,0.18918937004390182,16.424094046127635,86804.5806149279,96081.00032640083,6.18734369359573,297.97920049986976,174.94525333738562,1.7630156237409242,75.0,100.0,10.0,90.0,0.0,225.0,0.6500864557376264,23.0,18.55864644485646,100.0,1.0,0.0,0.0,1.0,1.0,1.6630213296587326,1.6581918023501427,,,,,,0.0,1
112.80000000000001,0.001137766757288108,11.968415877213593,0.1891260167381348,16.459490189056602,86881.6897526078,96168.88273404562,6.1656192404926955,297.966893749574,169.85972692986752,1.7652212883399625,75.0,100.0,10.0,90.0,0.0,225.0,10.351782795891117,23.0,1.8558646444856461,100.0,1.0,0.0,0.0,1.0,1.0,1.6708346706158974,1.66031495348555,,,,,,0.0,1
113.00000000000001,0.0011078702303754242,12.011026029787164,0.18923568818481523,16.49398751147834,86958.79782430296,96256.6600710405,6.150292489802673,297.95217837374867,163.77364699427832,1.7673919281066601,75.0,100.0,10.0,90.0,0.0,225.0,5.0717362326236834,23.0,0.18558646444856464,100.0,1.0,0.0,0.0,1.0,1.0,1.655783059269067,1.6624045114002899,,,,,,0.0,1
113.2,0.0011315844044381413,11.957375636623407,0.18908904790768025,16.529227058366292,87035.90360090358,96344.53650980718,6.139864672214917,297.9438414751874,160.32243180228173,1.7695698492598215,75.0,100.0,10.0,90.0,0.0,225.0,0.0001,23.0,0.018558646444856466,100.0,1.0,0.0,0.0,1.0,1.0,1.674614716330359,1.6645011996985764,,,,,,0.0,1
113.4,0.0011393600165046467,11.942659559296734,0.18908620502295675,16.564399969995137,87112.99967426319,96432.4520206493,6.13058960408895,297.9584437715517,166.37313846104865,1.7717723606336064,75.0,100.0,10.0,90.0,0.0,225.0,0.0001,23.0,10.054030574557057,100.0,1.0,0.0,0.0,1.0,1.0,1.6744300771501015,1.6666216843013066,,,,,,0.0,1
113.60000000000001,0.001133754494998363,11.95788732537776,0.18915507235697532,16.59934131847649,87190.08880361436,96520.3256039524,6.122838836026819,297.94932161540135,162.58966171249318,1.7739695924361134,75.0,100.0,10.0,90.0,0.0,225.0,2.9944743044117357,23.0,1.0054030574557058,100.0,1.0,0.0,0.0,1.0,1.0,1.6647668017820259,1.6687372094719757,,,,,,0.0,1
113.80000000000001,0.0011705990730457923,11.902069582646396,0.1890383567152448,16.63487673769826,87267.16428928387,96608.31701509304,6.114909694747086,297.9854197108239,177.5742727491595,1.7761962204027364,75.0,100.0,10.0,90.0,0.0,225.0,0.8983422913235207,23.0,19.517372160313155,100.0,1.0,0.0,0.0,1.0,1.0,1.6796291419429863,1.6708811635407417,,,,,,0.0,1
114.00000000000001,0.0011985592039293691,11.855608798640668,0.18890290827563078,16.671082509246123,87344.22851062342,96696.40006107658,6.107357716620968,297.97459511083144,173.07665870236673,1.778462056909063,75.0,100.0,10.0,90.0,0.0,225.0,11.520161960789485,23.0,1.9517372160313156,100.0,1.0,0.0,0.0,1.0,1.0,1.696953297514633,1.6730630004286717,,,,,,0.0,1
114.2,0.0011864017498485814,11.851530973721086,0.18881927584578165,16.706786225108093,87421.29014820454,96784.45194437607,6.102097884261494,297.96363572946257,168.5184004054282,1.7807322439615187,75.0,100.0,10.0,90.0,0.0,225.0,6.968178403613356,23.0,0.19517372160313157,100.0,1.0,0.0,0.0,1.0,1.0,1.7074263629636761,1.6752491581816134,,,,,,0.0,1
114.4,0.0012152645055381484,11.821319577724992,0.18881990732565412,16.74287034670419,87498.34820872442,96872.60066657174,6.099232627254494,297.9587783152308,166.4964177223054,1.7830280454414928,75.0,100.0,10.0,90.0,0.0,225.0,2.315692987473332,23.0,0.019517372160313157,100.0,1.0,0.0,0.0,1.0,1.0,1.7067598405619706,1.6774601162420857,,,,,,0.0,1
114.60000000000001,0.001199726347977066,11.82673203178547,0.1887559552644745,16.778656631941292,87575.40097010617,96960.693417237,6.096719401740616,297.95437089412974,164.65996507005855,1.7853147683144885,75.0,100.0,10.0,90.0,0.0,225.0,0.0001,23.0,0.0019517372160313157,100.0,1.0,0.0,0.0,1.0,1.0,1.7146277537343493,1.6796624651481382,,,,,,0.0,1
114.80000000000001,0.0012310973443898144,11.778701099359129,0.18870651647738465,16.815132459438775,87652.44817851843,97048.91881398244,6.097497760474123,297.9529132176346,164.05205798452397,1.7876296993500904,75.0,100.0,10.0,90.0,0.0,225.0,0.0001,23.0,0.0001951737216031316,100.0,1.0,0.0,0.0,1.0,1.0,1.720570700090653,1.6818921175857626,,,,,,0.0,1
115.00000000000001,0.001203592872066288,11.806533557235438,0.18876013371036632,16.851026542982755,87729.48994059132,97137.06571911315,6.099986113623025,297.9493000007957,162.54393095497466,1.7899367171135507,75.0,100.0,10.0,90.0,0.0,225.0,0.0001,23.0,0.0001,100.0,1.0,0.0,0.0,1.0,1.0,1.7129022572006938,1.6841142845843224,,,,,,0.0,1
115.2,0.0012235868330288326,11.785149943382178,0.18876420335525207,16.887235611572994,87806.51951993065,97225.2607896433,6.103924218620085,297.97036634732456,171.3455261721166,1.792244819890688,75.0,100.0,10.0,90.0,0.0,225.0,0.0001,23.0,10.85964576875281,100.0,1.0,0.0,0.0,1.0,1.0,1.7117785104976246,1.6863376328851076,,,,,,0.0,1
115.4,0.0011891680309060986,11.839315144827765,0.188937102509955,16.922769102049497,87883.5405068713,97313.33404007948,6.11175571321388,297.96227791171026,167.96306995496803,1.7945195703394774,75.0,100.0,10.0,90.0,0.0,225.0,5.39383870858995,23.0,1.085964576875281,100.0,1.0,0.0,0.0,1.0,1.0,1.6883522818000736,1.6885289868686868,,,,,,0.0,1
115.60000000000001,0.001226017378140004,11.776144162299119,0.18878554224549252,16.958859960354875,87960.5570868165,97401.53219795028,6.118970679457082,297.9581908806552,166.25240317173945,1.7968102459740505,75.0,100.0,10.0,90.0,0.0,225.0,1.334068847361717,23.0,0.10859645768752811,100.0,1.0,0.0,0.0,1.0,1.0,1.7077996162787088,1.690735815926545,,,,,,0.0,1
115.80000000000001,0.0012561968364510903,11.715361755368548,0.1885369115032873,16.995355186191357,88037.56758491887,97489.82471104806,6.127761796974369,297.9571607386492,165.82081674485872,1.7991426825837518,75.0,100.0,10.0,90.0,0.0,225.0,0.0001,23.0,0.010859645768752813,100.0,1.0,0.0,0.0,1.0,1.0,1.7400501942616524,1.6929830152702892,,,,,,0.0,1
116.00000000000001,0.0012165476678109091,11.785000212819002,0.18874757483773574,17.030707638583582,88114.572420946,97577.97639847122,6.143810574856114,297.9525352276149,163.88117036158494,1.801448821354775,75.0,100.0,10.0,90.0,0.0,225.0,0.0001,23.0,0.0010859645768752813,100.0,1.0,0.0,0.0,1.0,1.0,1.7116381358101465,1.6952050146304043,,,,,,0.0,1
116.2,0.0012299473785368608,11.744053411986851,0.1886301883659692,17.066277230837763,88191.5717905199,97666.1831099253,6.157298048625206,297.9490056003,162.399668276882,1.8037508897588592,75.0,100.0,10.0,90.0,0.0,225.0,0.0001,23.0,0.00010859645768752814,100.0,1.0,0.0,0.0,1.0,1.0,1.7265618798275766,1.6974232278261816,,,,,,0.0,1
116.4,0.0012274258194935567,11.75062909278074,0.18870028473433598,17.101754616991524,88268.55971512895,97754.38426268128,6.165638159054444,297.9672129451952,170.04888132668904,1.8060584589397086,75.0,100.0,10.0,90.0,0.0,225.0,0.0001,23.0,10.10149037589397,100.0,1.0,0.0,0.0,1.0,1.0,1.7167158367378177,1.6996468775012088,,,,,,0.0,1
116.60000000000001,0.001228611591051184,11.73748354292552,0.18867084307422927,17.137094887389633,88345.53879235646,97842.59049668178,6.182946409976168,297.962142046959,167.9164124082039,1.8083688521614103,75.0,100.0,10.0,90.0,0.0,225.0,4.395816204951014,23.0,1.0101490375893971,100.0,1.0,0.0,0.0,1.0,1.0,1.7200191038519532,1.7018733850136758,,,,,,0.0,1
116.80000000000001,0.0011876208599984799,11.785053826123416,0.18880254682720402,17.17215388753549,88422.5142338924,97930.68824810526,6.195264952346079,297.9546851175127,164.77804519237068,1.8106399236018165,75.0,100.0,10.0,90.0,0.0,225.0,1.2802866715774677,23.0,0.10101490375893972,100.0,1.0,0.0,0.0,1.0,1.0,1.7020387378654513,1.7040621315661182,,,,,,0.0,1
117.00000000000001,0.0011673385628797966,11.798802553088251,0.18879712917897182,17.20710506419805,88499.48612800204,98018.72541793507,6.208053414465498,297.946163063876,161.18810161483265,1.812861521930987,75.0,100.0,10.0,90.0,0.0,225.0,0.0001,23.0,0.010101490375893973,100.0,1.0,0.0,0.0,1.0,1.0,1.7021901853810215,1.70620332608999,,,,,,0.0,1
117.2,0.001170707409609078,11.769379920142699,0.18867658938857299,17.242243501604772,88576.44801549177,98106.79543767605,6.216964691306517,297.9628370472947,168.218535320836,1.8150730598344391,75.0,100.0,10.0,90.0,0.0,225.0,0.0001,23.0,11.459870954255077,100.0,1.0,0.0,0.0,1.0,1.0,1.7175577779799767,1.7083349497555622,,,,,,0.0,1
117.4,0.0011760717555350888,11.755040658945495,0.1885968438897784,17.277018415611778,88653.40227997943,98194.86969585004,6.219704574885839,297.9542658737914,164.60119949921545,1.8172901323853017,75.0,100.0,10.0,90.0,0.0,225.0,3.797654577090665,23.0,1.1459870954255078,100.0,1.0,0.0,0.0,1.0,1.0,1.7275310835764857,1.7104720337313573,,,,,,0.0,1
117.60000000000001,0.0012167878773137184,11.69609106929177,0.18849305556938048,17.31267727628307,88730.35259891329,98283.10273445341,6.221530956232099,297.9495670633139,162.61647785752695,1.8195500811336922,75.0,100.0,10.0,90.0,0.0,225.0,0.0001,23.0,0.11459870954255079,100.0,1.0,0.0,0.0,1.0,1.0,1.7406677448243515,1.7126505764967948,,,,,,0.0,1
117.80000000000001,0.0011981444850584016,11.703689771385655,0.18841531204853737,17.347799340810386,88807.29307470763,98371.26844914595,6.231515835135134,297.9631114764479,168.34282050684197,1.8218098953191872,75.0,100.0,10.0,90.0,0.0,225.0,0.0001,23.0,9.353537104650197,100.0,1.0,0.0,0.0,1.0,1.0,1.7503624186507127,1.714829120285824,,,,,,0.0,1
118.00000000000001,0.0012065450434072165,11.676945060891335,0.18837571985687337,17.38341395729896,88884.22565225174,98459.49901232733,6.239836921311581,297.9575051848277,165.97042347646013,1.824075690759253,75.0,100.0,10.0,90.0,0.0,225.0,2.816928484087637,23.0,0.9353537104650198,100.0,1.0,0.0,0.0,1.0,1.0,1.7550165833888236,1.717013561490152,,,,,,0.0,1
118.2,0.0011889993248512588,11.705722503424932,0.18845093914625602,17.41891496886047,88961.15410535355,98547.6668557739,6.25120821630616,297.95029099960533,162.91486675902553,1.8263185370608912,75.0,100.0,10.0,90.0,0.0,225.0,0.0001,23.0,0.09353537104650199,100.0,1.0,0.0,0.0,1.0,1.0,1.7445142977512322,1.7191760070144766,,,,,,0.0,1
118.4,0.0011878504714757938,11.693756499687957,0.18841224286287372,17.454253643656227,89038.07853422334,98635.84223955992,6.266134829757411,297.94288877451703,159.7766536629159,1.828547638510841,75.0,100.0,10.0,90.0,0.0,225.0,0.0001,23.0,0.009353537104650199,100.0,1.0,0.0,0.0,1.0,1.0,1.7490600382076917,1.7213253280392968,,,,,,0.0,1
118.60000000000001,0.0011970495199655,11.656398587052688,0.18824026401320287,17.490000009328284,89114.99281832922,98724.0525435497,6.27463267436541,297.9615717304387,167.70402616918108,1.8307821099284736,75.0,100.0,10.0,90.0,0.0,225.0,0.0001,23.0,11.839466317488498,100.0,1.0,0.0,0.0,1.0,1.0,1.7712029327231118,1.7234799545489086,,,,,,0.0,1
118.80000000000001,0.0012126418892682486,11.634800065152673,0.18819446239174273,17.5263113707936,89191.89831462732,98812.31265712474,6.289112423034611,297.9547140235333,164.79147787982998,1.833027742609976,75.0,100.0,10.0,90.0,0.0,225.0,4.359565525534034,23.0,1.1839466317488498,100.0,1.0,0.0,0.0,1.0,1.0,1.7766809532353567,1.7256454723290107,,,,,,0.0,1
119.00000000000001,0.0012134425665217422,11.622027206922912,0.1881554041408338,17.562504626028453,89268.79931874739,98900.58863129829,6.312105873298275,297.9489705878769,162.34986615967605,1.835282062771433,75.0,100.0,10.0,90.0,0.0,225.0,0.4124743652078813,23.0,0.11839466317488499,100.0,1.0,0.0,0.0,1.0,1.0,1.7812663425818178,1.7278194975730807,,,,,,0.0,1
119.2,0.0012302984215776835,11.59568480414078,0.18814256299299179,17.59937676386281,89345.68932239615,98988.93842210168,6.335725039143002,297.96757185435996,170.2642852228266,1.8375546015792104,75.0,100.0,10.0,90.0,0.0,225.0,0.12374230956236437,23.0,10.626960760407057,100.0,1.0,0.0,0.0,1.0,1.0,1.782386408248688,1.7300112243092753,,,,,,0.0,1
119.4,0.001237441612881001,11.572979897257978,0.1880068624974235,17.636206059792134,89422.57099446583,99077.29770978543,6.356566102549051,297.9617296047336,167.77630481580263,1.8398337696583786,75.0,100.0,10.0,90.0,0.0,225.0,4.670652059029369,23.0,1.0626960760407058,100.0,1.0,0.0,0.0,1.0,1.0,1.7997196902829204,1.7322094774615195,,,,,,0.0,1
119.60000000000001,0.0012259629435188006,11.570234130300323,0.1879310854627286,17.673041561493005,89499.44791691359,99165.63034312348,6.380058558433072,297.9556268846181,165.17483364542036,1.8420986575923661,75.0,100.0,10.0,90.0,0.0,225.0,1.299510977807576,23.0,0.10626960760407059,100.0,1.0,0.0,0.0,1.0,1.0,1.8091460645560022,1.7343940892819698,,,,,,0.0,1
119.80000000000001,0.001246352179432043,11.540886548862906,0.18788240474502443,17.710182814188787,89576.32038194334,99254.03681512203,6.400880269427556,297.9519763551837,163.61744421109356,1.8443770521600247,75.0,100.0,10.0,90.0,0.0,225.0,0.0001,23.0,0.01062696076040706,100.0,1.0,0.0,0.0,1.0,1.0,1.8149931725875503,1.7365918616259688,,,,,,0.0,1
120.00000000000001,0.0012279740500709315,11.54824597793287,0.1878667243534647,17.746839517270274,89653.18779283651,99342.39644758149,6.418739920195195,297.94719459263314,161.57562940450228,1.8466527587046675,75.0,100.0,10.0,90.0,0.0,225.0,0.0001,23.0,0.001062696076040706,100.0,1.0,0.0,0.0,1.0,1.0,1.8164871716705684,1.7387871738502765,1530.9578561635437,50.48381334420019,1123.9865637201883,17.030707638583582,21.913483312953375,0.0,1
120.2,0.0012148991809454034,11.560891675657532,0.18786357284234323,17.78307848456412,89730.0441364955,99430.69199615777,6.433094847407185,297.96435996460986,168.91196994080084,1.8489043438200743,75.0,100.0,10.0,90.0,0.0,225.0,0.0001,23.0,11.083077879954114,100.0,1.0,0.0,0.0,1.0,1.0,1.8163343914363723,1.7409593474044196,,,,,,0.0,1
120.4,0.0011932739886947776,11.597099937338795,0.1879505062730572,17.818621548985902,89806.89332723983,99518.88836230114,6.451410637781706,297.9548466482728,164.84243093432843,1.8511167279043155,75.0,100.0,10.0,90.0,0.0,225.0,3.9778137748392024,23.0,1.1083077879954115,100.0,1.0,0.0,0.0,1.0,1.0,1.8043050383616812,1.7430938290741294,,,,,,0.0,1
120.60000000000001,0.00118058136072226,11.592115498683881,0.18791893185424605,17.853958954287737,89883.73959433357,99607.07699928751,6.46862491568559,297.9453663829102,160.78325219903138,1.8533061754880558,75.0,100.0,10.0,90.0,0.0,225.0,0.0001,23.0,0.11083077879954116,100.0,1.0,0.0,0.0,1.0,1.0,1.807918349615625,1.745206305396426,,,,,,0.0,1
120.80000000000001,0.0011593016734515694,11.603140070070099,0.18787719445763365,17.888948427781468,89960.57716551653,99695.20102984205,6.4878351362034765,297.958231257013,166.29627356883842,1.855467830051374,75.0,100.0,10.0,90.0,0.0,225.0,0.0001,23.0,11.392573942467518,100.0,1.0,0.0,0.0,1.0,1.0,1.8128795800319892,1.7472920863280637,,,,,,0.0,1
121.00000000000001,0.0011884866071161777,11.565296998539125,0.18782903644589338,17.924432857698033,90037.40804662334,99783.42123611097,6.5035891343826835,297.94944780396247,162.52900795000446,1.8576435770365058,75.0,100.0,10.0,90.0,0.0,225.0,2.4608229148094236,23.0,1.1392573942467519,100.0,1.0,0.0,0.0,1.0,1.0,1.818684109821971,1.7493915860048932,,,,,,0.0,1
121.2,0.0011575651934665166,11.593811226891596,0.18783871038681235,17.95912274993112,90113.83069311414,99871.12040352686,6.519424914335195,297.97611466954396,173.9766694276761,1.8597969060662998,75.0,100.0,10.0,90.0,0.0,223.0193813956861,0.7382468744428271,23.0,18.42251656316247,100.0,1.0,0.0,0.0,1.0,1.0,1.8168639877524444,1.7514695728439589,,,,,,0.0,1
121.4,0.0011562605292059847,11.56433671597631,0.18780155559084583,17.994244814259318,90188.57533976654,99957.15270802416,6.532791405305348,297.963324340752,168.4809455514669,1.8619281957351521,75.0,100.0,10.0,90.0,0.0,214.6724517993464,8.108484046528266,23.0,1.8422516563162472,100.0,1.0,0.0,0.0,1.0,1.0,1.8212279636537498,1.7535264085210898,,,,,,0.0,1
121.60000000000001,0.0011775949871769289,11.47840789506155,0.1876373661552221,18.030615970470425,90260.57709123672,100040.55168888207,6.540974109242867,297.95572819574966,165.21439942433008,1.8640774785723755,75.0,100.0,10.0,90.0,0.0,200.9692987863125,2.6001192293474755,23.0,0.18422516563162472,100.0,1.0,0.0,0.0,1.0,1.0,1.842343721240748,1.7556007267542837,,,,,,0.0,1
121.80000000000001,0.001173832711030189,11.43238494914836,0.18756873786847325,18.06740890733189,90329.17871272279,100120.54185918518,6.542665491823754,297.95270413195493,163.91283442506324,1.8662296878315783,75.0,100.0,10.0,90.0,0.0,183.9908924413867,0.0001,23.0,0.01842251656316247,100.0,1.0,0.0,0.0,1.0,1.0,1.8508514686926054,1.7576779880437534,,,,,,0.0,1
122.00000000000001,0.001192494180719238,11.347097240231443,0.18740735798390826,18.104899952080327,90394.24416957967,100197.06091094887,6.53834830731743,297.9543981863241,164.6424723555707,1.8683985389053657,75.0,100.0,10.0,90.0,0.0,166.3382921957946,0.0001,23.0,0.0018422516563162473,100.0,1.0,0.0,0.0,1.0,1.0,1.8715815852459463,1.7597714317943445,,,,,,0.0,1
122.2,0.0011975356592959265,11.273630394132946,0.18722752887933275,18.14317156942225,90456.11804538031,100270.42999830544,6.530045986801668,297.95974665858546,166.947824187413,1.8705828319702509,75.0,100.0,10.0,90.0,0.0,150.41751440131299,0.0001,23.0,0.00018422516563162473,100.0,1.0,0.0,0.0,1.0,1.0,1.8947314621678732,1.7618799025850662,,,,,,0.0,1
122.4,0.001208399600970299,11.194500112127031,0.18699385324144105,18.18215930283491,90515.46396620071,100341.33452574136,6.516040586249167,297.9685007859618,170.7238983660248,1.8727837170724502,75.0,100.0,10.0,90.0,0.0,137.82288700101356,0.12254950954979572,23.0,0.0001,100.0,1.0,0.0,0.0,1.0,1.0,1.9249593560424219,1.7640045132440982,,,,,,0.0,1
122.60000000000001,0.0011900365200962547,11.188798846745819,0.18696687807721593,18.22087947153301,90573.40735722301,100410.78990869812,6.498690406479049,297.9759626567965,173.94481577990257,1.8749769954622983,75.0,100.0,10.0,90.0,0.0,130.8551348828345,1.5931096093799761,23.0,0.0001,100.0,1.0,0.0,0.0,1.0,1.0,1.9279612301912252,1.7661219044284697,,,,,,0.0,1
122.80000000000001,0.0011755926167780475,11.196373770765126,0.1869704836241857,18.259239642543214,90631.34013840256,100480.20293578641,6.47959938018252,297.9812552477293,176.23094702706643,1.8771510685272328,75.0,100.0,10.0,90.0,0.0,130.84254223051457,2.9205785656071406,23.0,0.0001,100.0,1.0,0.0,0.0,1.0,1.0,1.926940917366883,1.7682208765878482,,,,,,0.0,1
123.00000000000001,0.0011630119155406791,11.229416526441234,0.18700383908805712,18.29686533615417,90690.79502172265,100551.10205383446,6.465448572121485,297.98276264242514,176.88248698802826,1.8793029559703138,75.0,100.0,10.0,90.0,0.0,138.48497480248537,3.7891580360165413,23.0,0.0001,100.0,1.0,0.0,0.0,1.0,1.0,1.922008082160922,1.7702985489249357,,,,,,0.0,1
123.2,0.001187647485301056,11.224733059884752,0.18699087783145163,18.334450974666947,90752.90357332921,100624.7638068983,6.451074783170886,297.98366118329324,177.27113254350735,1.8814744892639463,75.0,100.0,10.0,90.0,0.0,151.782743511446,3.5665865639418506,23.0,0.0001,100.0,1.0,0.0,0.0,1.0,1.0,1.923170067019267,1.7723953100109022,,,,,,0.0,1
123.4,0.0011748950542119943,11.294178556057695,0.18712743133591186,18.371077263985054,90818.82308016872,100702.22231005754,6.436367655031904,297.98027609207855,175.80583124038984,1.8836501662085428,75.0,100.0,10.0,90.0,0.0,170.8631835857625,3.218876794157776,23.0,0.0001,100.0,1.0,0.0,0.0,1.0,1.0,1.904635697837628,1.7744961934257475,,,,,,0.0,1
123.60000000000001,0.0011430212327656897,11.425584697627837,0.1874320751375846,18.40589416733082,90889.73546212084,100784.56930603986,6.428398208560367,297.97056297077194,171.5980031961292,1.885786449416171,75.0,100.0,10.0,90.0,0.0,195.84324406273225,1.4315756420782257,23.0,0.0001,100.0,1.0,0.0,0.0,1.0,1.0,1.8639443910589546,1.7765591555494455,,,,,,0.0,1
123.80000000000001,0.001106100402640989,11.562108966161093,0.1877551707868511,18.438864627927977,90966.2778756991,100872.43938358224,6.423834902289433,297.9537400334798,164.30400124699094,1.887869664149196,75.0,100.0,10.0,90.0,0.0,223.99650555939786,0.0001,23.0,0.0001,100.0,1.0,0.0,0.0,1.0,1.0,1.8207980080050823,1.7785709834075722,,,,,,0.0,1
124.00000000000001,0.0011041647163310031,11.552478061477208,0.18774750656611783,18.471624061995268,91043.02164874315,100960.5197397921,6.422078584050884,297.9365953773573,156.8635470371426,1.8899324675230742,75.0,100.0,10.0,90.0,0.0,225.0,0.0001,23.0,0.0001,100.0,1.0,0.0,0.0,1.0,1.0,1.8212885062615043,1.7805632091178352,,,,,,0.0,1
124.2,0.0011018681373896105,11.543871403991641,0.18775135591826198,18.50448276836279,91119.75807960842,101048.62473668654,6.415304210916285,297.94824303048955,161.9227854370199,1.8919969039734297,75.0,100.0,10.0,90.0,0.0,225.0,0.0001,23.0,13.618687042239483,100.0,1.0,0.0,0.0,1.0,1.0,1.8202591029199868,1.7825571213898386,,,,,,0.0,1
124.4,0.0011026443440841779,11.547406741360815,0.1878279250585097,18.537583934507207,91196.48871122896,101136.75435193145,6.416241142925863,297.9368143942295,156.9540948654161,1.8940609803327937,75.0,100.0,10.0,90.0,0.0,225.0,0.0001,23.0,2.5710339318041204,100.0,1.0,0.0,0.0,1.0,1.0,1.8096311141419659,1.7845507952555126,,,,,,0.0,1
124.60000000000001,0.0010735253235517018,11.596053369130978,0.18799432698339563,18.570239292861654,91273.2094714147,101224.7838555695,6.414858481368039,297.9570807570588,165.77200896744876,1.8960898037576654,75.0,100.0,10.0,90.0,0.0,225.0,0.0001,23.0,18.977725315179125,100.0,1.0,0.0,0.0,1.0,1.0,1.787146919261576,1.7865105252067173,,,,,,0.0,1
124.80000000000001,0.001040706304471093,11.635714462156908,0.18806795623842323,18.602047228974207,91349.92528683574,101312.69584446771,6.420157808931315,297.9344190032567,155.90319981796654,1.8980639173267382,75.0,100.0,10.0,90.0,0.0,225.0,4.708249731670943,23.0,1.8977725315179126,100.0,1.0,0.0,0.0,1.0,1.0,1.7769221922479026,1.7884175099471125,,,,,,0.0,1
125.00000000000001,0.0010415701310928123,11.630372703886952,0.1880748329246385,18.633832737198535,91426.62664229496,101400.61060867124,6.429556044558313,297.9724938041279,172.49971714882514,1.9000153641793565,75.0,100.0,10.0,90.0,0.0,225.0,1.412474919501283,23.0,29.68956592828118,100.0,1.0,0.0,0.0,1.0,1.0,1.7755196006806524,1.790302697096396,,,,,,0.0,1
125.2,0.0010405576934268078,11.61215939084181,0.1879387112042013,18.665477098149843,91503.32312757675,101488.5152319655,6.437997791986146,297.9453056411819,160.63849393802116,1.9019588965953365,75.0,100.0,10.0,90.0,0.0,225.0,12.258956995703192,23.0,2.968956592828118,100.0,1.0,0.0,0.0,1.0,1.0,1.7930065758084286,1.79218033573632,,,,,,0.0,1
125.4,0.0010327614882665946,11.634412224135076,0.18802161075311943,18.69670564134174,91579.99962602512,101576.37817198022,6.4492097126953585,298.00305632922465,185.8555867417529,1.9038891498755008,75.0,100.0,10.0,90.0,0.0,225.0,3.6776870987109573,23.0,40.872977860920265,100.0,1.0,0.0,0.0,1.0,1.0,1.7815690984008696,1.7940452414751649,,,,,,0.0,1
125.60000000000001,0.0010110358369782475,11.681779853388631,0.18820918010969237,18.727373615976617,91656.67081581442,101664.16206917202,6.46250075083965,297.9676729721525,170.39226717235087,1.9057860067108674,75.0,100.0,10.0,90.0,0.0,225.0,21.75454723987438,23.0,4.0872977860920265,100.0,1.0,0.0,0.0,1.0,1.0,1.756306123405554,1.795877974611332,,,,,,0.0,1
125.80000000000001,0.001000719723136357,11.68502097892041,0.18822425308936314,18.75800208287856,91733.35082699392,101751.9374875054,6.47853013185829,297.9341020118351,155.70760375297928,1.9076547834946864,75.0,100.0,10.0,90.0,0.0,225.0,9.228771235591562,23.0,0.4087297786092027,100.0,1.0,0.0,0.0,1.0,1.0,1.7538401661630374,1.797683667325971,,,,,,0.0,1
126.00000000000001,0.0010141126563894811,11.649574385144719,0.18811396965637162,18.789375178890026,91810.02338623615,101839.78118321979,6.492499682426152,297.95513219050196,164.91396859458953,1.9095247166845422,75.0,100.0,10.0,90.0,0.0,225.0,2.768631370677469,23.0,23.633817695771977,100.0,1.0,0.0,0.0,1.0,1.0,1.7679399907617883,1.799490567203004,,,,,,0.0,1
126.2,0.000987858061216723,11.694631195812006,0.18822913507052647,18.820039198089187,91886.69308887553,101927.52764531958,6.505028453030421,297.9259405475551,152.12398300238988,1.9113688050169382,75.0,100.0,10.0,90.0,0.0,225.0,7.804650656946109,23.0,2.363381769577198,100.0,1.0,0.0,0.0,1.0,1.0,1.752252954921599,1.801272581396745,,,,,,0.0,1
126.4,0.0009672747165501659,11.694092244249259,0.18813390308917646,18.85031748098386,91962.835600833,102014.67320643913,6.5225253052412615,297.9701685325049,171.519441622308,1.9131713365353793,75.0,100.0,10.0,90.0,0.0,222.43560189121592,2.3413951970838327,23.0,36.63157869669473,100.0,1.0,0.0,0.0,1.0,1.0,1.7643818336490869,1.8030145220632587,,,,,,0.0,1
126.60000000000001,0.0009719450633859763,11.65904993379121,0.1880931651641435,18.880877635796033,92037.05144945522,102099.91953790009,6.53869894158326,297.93829026813717,157.5281768663177,1.914963174067139,75.0,100.0,10.0,90.0,0.0,212.8285671323389,15.041757860172899,23.0,3.6631578696694733,100.0,1.0,0.0,0.0,1.0,1.0,1.7693109028120437,1.8047462109527168,,,,,,0.0,1
126.80000000000001,0.0009553206242100153,11.630591953789937,0.18805761560396986,18.911895593553986,92108.03228904789,102181.87819067191,6.549806293427078,298.0078912082482,188.10024135476843,1.9167317509042738,75.0,100.0,10.0,90.0,0.0,196.75035140216232,4.512527358051869,23.0,48.00417978049827,100.0,1.0,0.0,0.0,1.0,1.0,1.7735600563337122,1.8064555008643717,,,,,,0.0,1
127.00000000000001,0.0009519471363112467,11.30139027584505,0.18749785809653832,18.9471382793866,92159.32421044202,102244.16218455044,6.533873659479403,297.9913073743333,180.81100641763408,1.9184835339220518,75.0,100.0,10.0,90.0,0.0,98.37517570108116,26.449823734268733,23.0,4.800417978049827,100.0,1.0,0.0,0.0,1.0,1.0,1.8470257232410923,1.8081486391601351,,,,,,0.0,1
127.2,0.0009207278164748638,11.282323076023008,0.18731400345349022,18.982562044106807,92207.8092978772,102303.5422866161,6.51772659507135,297.9693249421945,171.14318076191725,1.9201937025486517,75.0,100.0,10.0,90.0,0.0,84.3188981032264,20.5023142920962,23.0,0.48004179780498274,100.0,1.0,0.0,0.0,1.0,1.0,1.8708480899285422,1.809801632270345,,,,,,0.0,1
127.4,0.000924193652331116,11.232944730211276,0.18717373613826846,19.018243122463122,92254.76551716107,102361.43065227257,6.500826451149734,297.955406502024,165.0184781052791,1.9218938208282623,75.0,100.0,10.0,90.0,0.0,76.65706328891615,12.716780496061546,23.0,0.04800417978049828,100.0,1.0,0.0,0.0,1.0,1.0,1.8889165538227988,1.8114449855467833,,,,,,0.0,1
127.60000000000001,0.0009446593562534812,11.19992154385109,0.18712756441326267,19.054345747973723,92301.54661998726,102419.2352077461,6.4860909309363075,297.94734554939004,161.4693759357466,1.9236167602751908,75.0,100.0,10.0,90.0,0.0,75.77898634758542,6.9294722105830715,23.0,0.004800417978049828,100.0,1.0,0.0,0.0,1.0,1.0,1.8945703064355757,1.8131104738089243,,,,,,0.0,1
127.80000000000001,0.0009642939350363803,11.187660559218482,0.187142636027415,19.090697536047465,92349.32209509525,102478.12415595792,6.476623744019773,297.9771720262893,174.60873500426882,1.9253704533310574,75.0,100.0,10.0,90.0,0.0,80.8039964894127,2.0788416631749214,23.0,16.39903808014867,100.0,1.0,0.0,0.0,1.0,1.0,1.8921421700939494,1.8148057685615187,,,,,,0.0,1
128.0,0.0009599891211288938,11.209475635940736,0.18713478246884327,19.126257043061152,92398.85253303226,102538.75257008095,6.470988722024089,297.9679365637261,170.53785255291464,1.927132506230096,75.0,100.0,10.0,90.0,0.0,89.61700638790295,10.454891440295677,23.0,1.6399038080148671,100.0,1.0,0.0,0.0,1.0,1.0,1.892734309675829,1.8165092243940795,,,,,,0.0,1
128.2,0.0009206326296718783,11.287648434795273,0.18722495278743642,19.16064378879138,92450.59954448564,102601.45885597783,6.46917508142292,297.95317504719344,164.02757464716333,1.9288505737713884,75.0,100.0,10.0,90.0,0.0,100.69506107104901,6.188909265096436,23.0,0.16399038080148673,100.0,1.0,0.0,0.0,1.0,1.0,1.8804122295804817,1.8181702344539772,,,,,,0.0,1
128.4,0.0009167070970804217,11.34128036843589,0.1874054155270773,19.194605001601072,92504.70917827015,102666.5200774833,6.4703075919115856,297.93995101693247,158.19159718250927,1.9305349816618824,75.0,100.0,10.0,90.0,0.0,112.50044914009268,0.0001,23.0,0.016399038080148674,100.0,1.0,0.0,0.0,1.0,1.0,1.8561836213060576,1.8197987763793275,,,,,,0.0,1
128.6,0.0009339255101365472,11.343320288882417,0.18746554192280424,19.22876952926245,92561.08375827684,102733.94473382192,6.4752737571427454,297.9515804570732,163.32702983864553,1.9322332057378346,75.0,100.0,10.0,90.0,0.0,123.85406605553713,0.0001,23.0,12.286726558636726,100.0,1.0,0.0,0.0,1.0,1.0,1.8478216651226897,1.8214407501014205,,,,,,0.0,1
128.79999999999998,0.0009707168299033352,11.319476055121545,0.18748816402333898,19.26348170815496,92619.32559277953,102803.39972460318,6.482814368753073,297.9406156686274,158.48202918927007,1.9339820754577943,75.0,100.0,10.0,90.0,0.0,133.2121426594937,1.859600210474323,23.0,1.2286726558636727,100.0,1.0,0.0,0.0,1.0,1.0,1.8443950769853008,1.8231317694324007,,,,,,0.0,1
129.0,0.0009567307639594038,11.36552406254168,0.18757373041441394,19.29757861716985,92678.82473524296,102874.04991021259,6.491976309507549,297.9659675311294,169.691938002753,1.935729057271971,75.0,100.0,10.0,90.0,0.0,139.54869205305445,0.5578800631422969,23.0,19.933263053911755,100.0,1.0,0.0,0.0,1.0,1.0,1.8326603410479925,1.8248210418266386,,,,,,0.0,1
129.2,0.0009553619212575316,11.375653984145828,0.1876252880728009,19.331426095033873,92738.85091442811,102945.23702377286,6.5015677044516265,297.94901499078065,162.1906666492495,1.937462191488931,75.0,100.0,10.0,90.0,0.0,142.21210073851907,7.159596113210388,23.0,1.9933263053911756,100.0,1.0,0.0,0.0,1.0,1.0,1.8254162574974633,1.8264970016139088,,,,,,0.0,1
129.4,0.0009492941647614157,11.382862107963103,0.18768026235199273,19.364973279646378,92798.62617824825,103016.16131683238,6.507901885487083,297.98981882722387,180.2583622591681,1.93918490156798,75.0,100.0,10.0,90.0,0.0,141.03066144811152,2.1478788339631163,23.0,28.780325687215214,100.0,1.0,0.0,0.0,1.0,1.0,1.8177223972211092,1.8281629576983218,,,,,,0.0,1
129.6,0.0009426569339326613,11.371659948002547,0.18763846184821,19.398555360302215,92857.65332691619,103086.32162305604,6.51285879943767,297.96930748798303,171.1698746865379,1.9408909552910742,75.0,100.0,10.0,90.0,0.0,137.3195203355487,14.440408613763363,23.0,2.8780325687215216,100.0,1.0,0.0,0.0,1.0,1.0,1.822810701669116,1.829812881387296,,,,,,0.0,1
129.79999999999998,0.0009355756384623217,11.372980960434035,0.18770610861696796,19.43232938594375,92915.543250389,103155.32525124535,6.51323145428179,297.9487884669897,162.07195186474982,1.942577046240899,75.0,100.0,10.0,90.0,0.0,131.61324753560916,6.6761738232443655,23.0,0.2878032568721522,100.0,1.0,0.0,0.0,1.0,1.0,1.813451868771372,1.8314435726425717,,,,,,0.0,1
130.0,0.0009309790142256596,11.349131590600072,0.1876654530951469,19.466454126090007,92972.25683687827,103223.15620227461,6.511309742417753,297.96839017395206,170.76856479921815,1.9442492056060652,75.0,100.0,10.0,90.0,0.0,125.76808994208767,2.0028521469733094,23.0,17.946351913094816,100.0,1.0,0.0,0.0,1.0,1.0,1.8183980590525128,1.8330608622839122,,,,,,0.0,1
130.2,0.0009249991179631104,11.3356634136223,0.18764684512811752,19.500773051636582,93027.95036175985,103289.96491408875,6.506762835732354,297.95200801910084,163.49562613439767,1.9459084050631237,75.0,100.0,10.0,90.0,0.0,120.68695852863284,6.9989012185519055,23.0,1.7946351913094816,100.0,1.0,0.0,0.0,1.0,1.0,1.8204359451387186,1.834665688372851,,,,,,0.0,1
130.4,0.0009337559054751597,11.32096275756945,0.1877361761408704,19.53506129627526,92382.50007786074,102556.13361177048,6.528471898886656,297.9369078511003,156.81991065680734,1.938201566931794,75.0,100.0,10.0,90.0,0.0,117.43175363042354,0.014676515867362738,23.0,0.17946351913094816,100.0,1.0,-4000.0,0.0,1.0,1.0,1.8105872526118825,1.8272120092792794,,,,,,0.0,1
130.6,0.000941356571879564,11.288172896905657,0.18791787762988385,19.569778916030554,91734.71932713666,101819.90214020184,6.543783529208178,297.95067723526296,162.86475564134383,1.9260866274670077,75.0,100.0,10.0,90.0,0.0,105.36939823122432,0.004402954760208821,23.0,13.06761798318078,100.0,1.0,-4000.0,0.0,1.0,1.0,1.7896525367732121,1.8154981167003421,,,,,,0.0,1
130.79999999999998,0.0009296758536251679,11.24362267686279,0.18802478635836556,19.605357277714894,91083.39784065522,101080.00462586437,6.553955752570684,297.9403082180402,158.34231168160863,1.9133360103579524,75.0,100.0,10.0,90.0,0.0,87.26661056383804,2.502136167151249,23.0,1.3067617983180781,100.0,1.0,-4000.0,0.0,1.0,1.0,1.778757536572603,1.8031736646505547,,,,,,0.0,1
131.0,0.0009490532615191616,11.053520770623686,0.1877988088873729,19.643192612202206,90423.4275386958,100331.43841797343,6.544041431810057,297.9821479618742,176.4607129342491,1.9004879299930244,75.0,100.0,10.0,90.0,0.0,43.63330528191902,0.7506408501453746,23.0,20.99354376662386,100.0,1.0,-4000.0,0.0,1.0,1.0,1.8118504425739566,1.7907592320514352,,,,,,0.0,1
131.2,0.0009531125458524531,10.978991078290571,0.18776350346328233,19.681623085577513,89759.90867273143,99579.24188176857,6.525745234175921,297.9797928380229,175.44813415875117,1.8876241893885004,75.0,100.0,10.0,90.0,0.0,25.47299238131571,13.024678278563814,23.0,2.099354376662386,100.0,1.0,-4000.0,0.0,1.0,1.0,1.8197603302259893,1.7783339147007458,,,,,,0.0,1
131.4,0.0009298596670571773,10.973528310663593,0.18795019684623723,19.719969274175504,89094.30881441057,98824.81354440465,6.504484815760494,297.97462176000687,173.24104008900747,1.8747247534047062,75.0,100.0,10.0,90.0,0.0,14.619404023605838,11.22891104138708,23.0,0.20993543766623862,100.0,1.0,-4000.0,0.0,1.0,1.0,1.7983783250970191,1.7658783836396286,,,,,,0.0,1
131.6,0.0009822280389358263,10.884745187025182,0.18793119229413635,19.759584143007384,88428.33329929119,98070.09237428184,6.481998312816536,297.97481411197407,173.32222214049582,1.8618414209100793,75.0,100.0,10.0,90.0,0.0,12.280757034073094,8.704783980603624,23.0,0.020993543766623865,100.0,1.0,-4000.0,0.0,1.0,1.0,1.804143590362551,1.7534426627935769,,,,,,0.0,1
131.79999999999998,0.0010206531325377027,10.841910800649469,0.18795404816410535,19.799898454809284,87763.78769542121,97316.84759520624,6.461150674781159,297.97701383279394,174.24659543256823,1.8489961241413313,75.0,100.0,10.0,90.0,0.0,18.95932122248871,7.858244494665515,23.0,0.0020993543766623865,100.0,1.0,-4000.0,0.0,1.0,1.0,1.8043735207266087,1.7410478934650349,,,,,,0.0,1
132.0,0.0010555438572604997,10.849076739002916,0.18813452135045888,19.840311669914698,87102.34316950577,96566.73478688706,6.445687258883088,297.97809023874964,174.69523507956396,1.836182007004024,75.0,100.0,10.0,90.0,0.0,33.992388670772925,7.67123473679567,23.0,0.00020993543766623866,100.0,1.0,-4000.0,0.0,1.0,1.0,1.783795121292701,1.7286874237326446,1512.5055721044168,58.657477043643944,1084.8617713355643,19.126257043061152,22.38645221474247,0.0,1
132.2,0.0010757013372982229,10.899246661776886,0.18842706685035948,19.880248506078377,86445.23138506185,95820.94108305119,6.438021994253259,297.97585165117795,173.7680003596714,1.8233838778292657,75.0,100.0,10.0,90.0,0.0,55.215995993988564,7.164115615136156,23.0,0.0001,100.0,1.0,-4000.0,0.0,1.0,1.0,1.7484111214844162,1.7163465744229869,,,,,,0.0,1
132.4,0.0010363644588150137,11.027606977758602,0.18873212013051646,19.918447825014745,86493.27662465473,95879.92384313827,6.415227747349833,297.96673825936176,170.00466395278386,1.8200668329446468,75.0,100.0,10.0,90.0,0.0,79.50584774757526,5.562113811344803,23.0,0.0001,100.0,1.0,0.0,0.0,1.0,1.0,1.7089512414991088,1.7131487326725743,,,,,,0.0,1
132.6,0.0010649727052204352,11.105519860260795,0.18888507164713297,19.955646972916742,86548.02295778276,95945.70889695511,6.401376246924307,297.95516784898837,165.2236215775446,1.82128976353864,75.0,100.0,10.0,90.0,0.0,113.01259749739285,1.529219960721436,23.0,0.0001,100.0,1.0,0.0,0.0,1.0,1.0,1.6884220649593278,1.714327682582296,,,,,,0.0,1
132.79999999999998,0.0010796243094102597,11.225237554326155,0.18910414817570048,19.99116217996448,86610.56697015234,96019.34557137334,6.3962575191908195,297.93707737373205,157.74342454086323,1.8229456560031885,75.0,100.0,10.0,90.0,0.0,151.99621453265695,0.0001,23.0,0.0001,100.0,1.0,0.0,0.0,1.0,1.0,1.6590270715399857,1.7159240846255577,,,,,,0.0,1
133.0,0.0011028249577248884,11.335355935691409,0.18933576605598498,20.025254420199808,86681.31351472497,96101.29625359553,6.39867726871577,297.945473831369,161.21824106156373,1.824679117361964,75.0,100.0,10.0,90.0,0.0,193.03244504093328,0.0001,23.0,15.119165237135487,100.0,1.0,0.0,0.0,1.0,1.0,1.6279347048662385,1.7175953439994742,,,,,,0.0,1
133.2,0.0010587560506108303,11.515867181487469,0.18970906867628645,20.057072819070864,86758.45169634063,96189.50445136425,6.408635009045405,297.9186798680514,150.12000163454763,1.8263833416314639,75.0,100.0,10.0,90.0,0.0,225.0,0.0001,23.0,3.8637776210438486,100.0,1.0,0.0,0.0,1.0,1.0,1.578060442619165,1.719238490407926,,,,,,0.0,1
133.4,0.0010405040713051443,11.533955544633537,0.18976411011321012,20.088216915208534,86835.5825419519,96277.65463509201,6.419802820022912,297.93960683095173,158.79626646233245,1.828049232800498,75.0,100.0,10.0,90.0,0.0,225.0,0.0001,23.0,26.40142979422276,100.0,1.0,0.0,0.0,1.0,1.0,1.5703402335778818,1.7208447494222492,,,,,,0.0,1
133.6,0.001030167141639319,11.552478486679991,0.18983613991914544,20.11905171626985,86912.71301506228,96365.7816492956,6.430552076352002,297.9017222450186,143.07357487554958,1.8296921466660374,75.0,100.0,10.0,90.0,0.0,225.0,0.0001,23.0,0.0001,100.0,1.0,0.0,0.0,1.0,1.0,1.5603727746097569,1.7224289232333827,,,,,,0.0,1
133.79999999999998,0.00100276596002103,11.584263770808855,0.18990843350649333,20.149507506820708,86989.83244661441,96453.8351732943,6.43166077147565,297.94107960199705,159.4209642126478,1.831302873064386,75.0,100.0,10.0,90.0,0.0,225.0,0.0001,23.0,36.25276750129015,100.0,1.0,0.0,0.0,1.0,1.0,1.550376372444742,1.7239821275032836,,,,,,0.0,1
134.0,0.0009968754288943726,11.588764535214558,0.18996363506980884,20.180150339254016,87066.94834036105,96541.91120190616,6.435006037485098,297.9009926980025,142.75478773175732,1.8328940611177353,75.0,100.0,10.0,90.0,0.0,225.0,0.0001,23.0,0.0001,100.0,1.0,0.0,0.0,1.0,1.0,1.5426491681282666,1.725516556424771,,,,,,0.0,1
134.2,0.0009806077766759365,11.613800994943547,0.19000361238844315,20.210162593650715,87144.05162339356,96629.92612818288,6.447846181463347,297.95001416556147,163.1534995227348,1.8344618609463734,75.0,100.0,10.0,90.0,0.0,225.0,0.0001,23.0,41.6669708424794,100.0,1.0,0.0,0.0,1.0,1.0,1.536945573583176,1.7270284948287453,,,,,,0.0,1
134.4,0.0009708085226822897,11.604937482903813,0.1899138296986119,20.2401089450387,87221.15184167045,96717.93765679019,6.459275772286533,297.9051161589315,144.45190032286902,1.8360099965781973,75.0,100.0,10.0,90.0,0.0,225.0,13.500384262902795,23.0,4.16669708424794,100.0,1.0,0.0,0.0,1.0,1.0,1.5484536006658578,1.7285215314626863,,,,,,0.0,1
134.6,0.000930181578924614,11.66604024596862,0.1899745470851756,20.26862993807938,87298.2336716022,96805.77899290729,6.475943548003459,297.9820310282949,176.51486310233935,1.8375111584845714,75.0,100.0,10.0,90.0,0.0,225.0,4.050115278870838,23.0,58.201921355344666,100.0,1.0,0.0,0.0,1.0,1.0,1.540017362268452,1.729969324822007,,,,,,0.0,1
134.79999999999998,0.0009156504231144095,11.683019205818402,0.18999901269225988,20.296913802261578,87375.30893179253,96893.58344292543,6.4941378353699415,297.92412961454335,152.3545136209002,1.8389708041518538,75.0,100.0,10.0,90.0,0.0,225.0,27.364336218901858,23.0,5.820192135534467,100.0,1.0,0.0,0.0,1.0,1.0,1.5363981717960125,1.7313771332639998,,,,,,0.0,1
135.0,0.0008962699497916034,11.703513056569072,0.19000064658208998,20.324685263100516,87452.35682878588,96981.30967341305,6.507987392153825,298.03896634102966,200.31461695183285,1.8403988445611335,75.0,100.0,10.0,90.0,0.0,225.0,8.209300865670556,23.0,79.13755477654959,100.0,1.0,0.0,0.0,1.0,1.0,1.5358148909438412,1.7327545116877519,,,,,,0.0,1
135.2,0.0008747144922411049,11.711471792666536,0.18997375912261508,20.35184929797623,87528.64619757599,97068.21687975102,6.524983680052168,297.9664765509885,170.01579882383254,1.8417978557950851,75.0,100.0,10.0,90.0,0.0,221.2574284923134,45.417092651961994,23.0,7.913755477654959,100.0,1.0,0.0,0.0,1.0,1.0,1.5390216522839884,1.7341039414585864,,,,,,0.0,1
135.4,0.0009042670508084538,11.619974718669997,0.18980928481712178,20.380635172543627,87602.84116227819,97153.16883814974,6.534919950120762,297.904154530697,143.94255454161276,1.8432115966261051,75.0,100.0,10.0,90.0,0.0,210.66963506426433,21.008077427721716,23.0,0.791375547765496,100.0,1.0,0.0,0.0,1.0,1.0,1.5604671571490707,1.7354676297481388,,,,,,0.0,1
135.6,0.0008863124471459536,11.59753158840694,0.18978902063251904,20.409570084785205,87674.12279231171,97235.15899904894,6.542811883935011,297.94296677184553,160.1944629898952,1.8446196327424726,75.0,100.0,10.0,90.0,0.0,196.12715926526914,6.302423228316514,23.0,40.75132986548208,100.0,1.0,0.0,0.0,1.0,1.0,1.5627925495046575,1.7368258661984959,,,,,,0.0,1
135.79999999999998,0.0008777650040134639,11.548758068954777,0.18973961429097913,20.439288085741286,87741.85704518323,97313.5855567538,6.550316331984253,297.90013385038606,142.24426148790562,1.8460065141915183,75.0,100.0,10.0,90.0,0.0,178.4010179330161,1.8907269684949541,23.0,0.0001,100.0,1.0,0.0,0.0,1.0,1.0,1.568986236867309,1.738163745848,,,,,,0.0,1
136.0,0.0009093327733309418,11.149296169840522,0.18894683104117874,20.47392630232031,87791.73523102651,97374.29600303147,6.5302077302259,297.9761598286715,174.12592864271124,1.8474161468637735,75.0,100.0,10.0,90.0,0.0,89.20050896650805,0.5672180905484863,23.0,44.41689361626447,100.0,1.0,0.0,0.0,1.0,1.0,1.6736048919673694,1.739523623377038,,,,,,0.0,1
136.2,0.0009383539108799067,11.056631624947556,0.18864234850158682,20.509438139690694,87839.08463543259,97432.58683289425,6.504872821477587,297.9495205402536,162.94814814989542,1.848867478177372,75.0,100.0,10.0,90.0,0.0,76.61778710876382,23.37244689944469,23.0,4.441689361626447,100.0,1.0,0.0,0.0,1.0,1.0,1.713499758013101,1.7409237809364593,,,,,,0.0,1
136.4,0.000936723952160336,11.019999095559669,0.18839469121083077,20.544993649213808,87885.90858775572,97490.36722863301,6.480245570243533,298.0584246694033,208.6715984401886,1.8503304174426964,75.0,100.0,10.0,90.0,0.0,74.13102750997304,7.011734069833406,23.0,60.46661994543938,100.0,1.0,0.0,0.0,1.0,1.0,1.7458559471111066,1.7423351917870373,,,,,,0.0,1
136.6,0.0009567051394322659,11.01345800743096,0.18836211700413605,20.581068072144603,87934.19558735866,97549.72206109414,6.462680653853337,298.01719441064137,191.35133354124474,1.8518078533526894,75.0,100.0,10.0,90.0,0.0,81.50677841408667,42.89047354911216,23.0,6.046661994543939,100.0,1.0,0.0,0.0,1.0,1.0,1.7497845462545372,1.7437606443469298,,,,,,0.0,1
136.79999999999998,0.0009326601020818553,11.098228625841303,0.18855344694045822,20.616015131328872,87985.37591039937,97611.91241827227,6.450458489118615,297.97209775241396,172.39631419857687,1.8532730537736215,75.0,100.0,10.0,90.0,0.0,95.90840550101932,30.040178410252423,23.0,0.6046661994543939,100.0,1.0,0.0,0.0,1.0,1.0,1.7241316133625095,1.7451743471791212,,,,,,0.0,1
137.0,0.0009408465224886823,11.140545851681992,0.18856775967354028,20.650262265909042,88040.4318404367,97678.0205292285,6.448949984032791,297.93547468316837,156.99222033175258,1.854733251474348,75.0,100.0,10.0,90.0,0.0,115.21802579517227,15.435848661562346,23.0,0.06046661994543939,100.0,1.0,0.0,0.0,1.0,1.0,1.7218690939367047,1.7465832778717951,,,,,,0.0,1
137.2,0.0008851243322006932,11.289589080101454,0.18882162222761256,20.682155443556777,88099.46195625568,97747.92769381028,6.457730992878294,297.9600376096035,167.33080948565612,1.8561432274881629,75.0,100.0,10.0,90.0,0.0,135.1146620327237,4.6307545984687035,23.0,28.05366824471517,100.0,1.0,0.0,0.0,1.0,1.0,1.6879452843112288,1.747943802013945,,,,,,0.0,1
137.4,0.0008412016194155949,11.421481543765035,0.18917048043800105,20.712136042489888,88161.76763256449,97820.9752736205,6.473506228131596,297.9179004509692,149.58292501877077,1.8574875244076268,75.0,100.0,10.0,90.0,0.0,151.48942710747613,10.959937856742036,23.0,2.805366824471517,100.0,1.0,0.0,0.0,1.0,1.0,1.6414411009224308,1.7492409980750767,,,,,,0.0,1
137.6,0.0008621803645134032,11.436333008619773,0.18929184993015016,20.742017134782657,88226.07256451307,97896.10556978195,6.489288329782869,297.9747158899449,173.53140422991646,1.8588247836899277,75.0,100.0,10.0,90.0,0.0,161.54561702068912,3.2879813570226104,23.0,46.161726861955906,100.0,1.0,0.0,0.0,1.0,1.0,1.625029990524278,1.7505314490486024,,,,,,0.0,1
137.79999999999998,0.0008804698655745883,11.443578374091139,0.1894083900809139,20.77201204907085,88291.12246934153,97972.04706578876,6.503062166365475,297.92756063432256,153.6395869991046,1.860178885915898,75.0,100.0,10.0,90.0,0.0,165.2922023735183,20.126603404728804,23.0,4.616172686195591,100.0,1.0,0.0,0.0,1.0,1.0,1.609248720028715,1.7518382001290997,,,,,,0.0,1
138.0,0.0008635356377941085,11.465431008201039,0.18950065384739664,20.801554258070087,88355.79753308711,98047.57977975038,6.51939329170495,298.016820371002,191.3212913400291,1.8615231658651732,75.0,100.0,10.0,90.0,0.0,163.51855803477903,6.037981021418641,23.0,62.96491297083069,100.0,1.0,0.0,0.0,1.0,1.0,1.5966815008335153,1.7531355189089626,,,,,,0.0,1
138.2,0.000876798093795436,11.399788022705991,0.18936315176328597,20.832151958038246,88418.7967736095,98121.5132812894,6.534108318946614,297.9614113432941,167.91218629904287,1.8628703620401568,75.0,100.0,10.0,90.0,0.0,155.17633326797318,34.46977838008321,23.0,6.296491297083069,100.0,1.0,0.0,0.0,1.0,1.0,1.6145530635602134,1.754435698527096,,,,,,0.0,1
138.4,0.0008598638990700511,11.360408929550216,0.18922196923344886,20.862925883731762,88478.96549087773,98192.57351809491,6.544243835758885,297.91313754458326,147.50297279840208,1.8642044336846244,75.0,100.0,10.0,90.0,0.0,140.9417612961963,15.314979708347764,23.0,0.6296491297083069,100.0,1.0,0.0,0.0,1.0,1.0,1.6329097190841018,1.7557232575181558,,,,,,0.0,1
138.6,0.0008463187190997585,11.31845231399039,0.18912827623904868,20.893886931703403,88535.47050362611,98259.91018951243,6.55016076070997,297.9467232903619,161.71195181940078,1.8655111436780065,75.0,100.0,10.0,90.0,0.0,122.64878823014807,4.594493912504329,23.0,33.3173534779837,100.0,1.0,0.0,0.0,1.0,1.0,1.6449809723060198,1.7569844530735153,,,,,,0.0,1
138.79999999999998,0.0008647031934025476,11.060594083685794,0.1887034181832191,20.928268713993592,88579.70506642161,98315.07178025584,6.525379979017386,297.92627181842107,153.05465516368466,1.8668242077898514,75.0,100.0,10.0,90.0,0.0,61.324394115074035,1.3783481737512986,23.0,0.0001,100.0,1.0,0.0,0.0,1.0,1.0,1.7008611405573,1.7582518255350732,,,,,,0.0,1
139.0,0.000836504111934695,11.065598690053653,0.1886597796257853,20.961908150910787,88621.80116127818,98367.9970163575,6.497411903499201,297.97175075016594,172.31660773478356,1.8681180442647434,75.0,100.0,10.0,90.0,0.0,50.68958363833117,0.41350445212538955,23.0,30.65586251643787,100.0,1.0,0.0,0.0,1.0,1.0,1.7063028611583995,1.7595006826905621,,,,,,0.0,1
139.2,0.0008235985966126157,11.081759140662907,0.18867814771013983,20.99483699914559,88663.99234933456,98420.97969723998,6.471780139422405,297.94530269379663,161.10893454869318,1.8693883733953436,75.0,100.0,10.0,90.0,0.0,51.19034329910412,13.492315134450857,23.0,3.0655862516437873,100.0,1.0,0.0,0.0,1.0,1.0,1.7035509584401807,1.7607268914909706,,,,,,0.0,1
139.4,0.0008661428395940383,11.052519733154517,0.18863418521845174,21.02863859853279,88708.31903263995,98476.28578677982,6.456573950190583,298.0151671360895,190.72996306836234,1.870689072061996,75.0,100.0,10.0,90.0,0.0,61.95728021629437,4.047694540335257,23.0,43.73592622213204,100.0,1.0,0.0,0.0,1.0,1.0,1.7090336666268884,1.761982457938519,,,,,,0.0,1
139.6,0.0008907358532700184,11.079125757228143,0.18868846101805933,21.062631845858306,88756.00640874848,98535.07025926866,6.449326718154948,297.98043543002507,175.99648339164733,1.8720234340396822,75.0,100.0,10.0,90.0,0.0,78.79766601000712,26.29813857150849,23.0,4.373592622213205,100.0,1.0,0.0,0.0,1.0,1.0,1.7015170244234976,1.7632705647287485,,,,,,0.0,1
139.79999999999998,0.0008692554907694562,11.192792706929898,0.18893698064271325,21.095139930969687,88807.6564321354,98597.74539205222,6.452006026500488,297.94120870914077,159.3462440620221,1.873343204113213,75.0,100.0,10.0,90.0,0.0,98.55248146924002,14.360484265447425,23.0,0.4373592622213205,100.0,1.0,0.0,0.0,1.0,1.0,1.6683038093510576,1.7645446303661307,,,,,,0.0,1
140.0,0.0008634002664558954,11.27577495913555,0.18914005538646544,21.12659266912584,88863.03674285092,98664.14246733935,6.463925223974329,297.96699523339856,170.29860857759334,1.8746411958935263,75.0,100.0,10.0,90.0,0.0,117.22543306481336,4.308145279634227,23.0,29.203832186482813,100.0,1.0,0.0,0.0,1.0,1.0,1.6410917115576753,1.7657977154891913,,,,,,0.0,1
140.2,0.000833004984692995,11.36358981580268,0.18932999983600265,21.15660807976425,88921.19629340078,98733.23971493107,6.481545082428424,297.925324875166,152.58809612825482,1.8759089727153198,75.0,100.0,10.0,90.0,0.0,131.11844064387304,11.294023147984998,23.0,2.9203832186482814,100.0,1.0,0.0,0.0,1.0,1.0,1.6156119107405595,1.7670216727269565,,,,,,0.0,1
140.4,0.000815466094943592,11.398056271408523,0.18935685935940633,21.185817868298745,88980.7115065426,98803.65750113924,6.497700874136757,297.9779045962526,174.95089149702966,1.8771489075379764,75.0,100.0,10.0,90.0,0.0,137.9534050783108,3.3882069443954994,23.0,45.17678664901115,100.0,1.0,0.0,0.0,1.0,1.0,1.6117366589588387,1.7682187901873225,,,,,,0.0,1
140.6,0.0008222704717368122,11.38289728860683,0.1893027504716253,21.215228545246763,89040.29922816026,98874.18393141768,6.513869543240688,297.9311592855149,155.05571573376142,1.8783819465457352,75.0,100.0,10.0,90.0,0.0,138.32914716582937,19.040421224741827,23.0,4.517678664901115,100.0,1.0,0.0,0.0,1.0,1.0,1.6185895708872322,1.7694092890769555,,,,,,0.0,1
140.79999999999998,0.0008453908676446514,11.34009448503771,0.1892832708872843,21.245171839727536,89098.64525188103,98943.55805847676,6.526021787260364,298.0160005420133,191.18922735062964,1.879633860140169,75.0,100.0,10.0,90.0,0.0,132.21188611194307,5.712126367422548,23.0,59.9770876147065,100.0,1.0,0.0,0.0,1.0,1.0,1.6208500184290067,1.7706180512872063,,,,,,0.0,1
141.0,0.0008484474554236367,11.304389989011382,0.18928257177822655,21.275771714011196,89154.7869174825,99010.7559357964,6.53039628886562,297.9660534041512,169.90258542206467,1.880893488040039,75.0,100.0,10.0,90.0,0.0,121.23083892819278,32.75142289669555,23.0,5.99770876147065,100.0,1.0,0.0,0.0,1.0,1.0,1.620620743143553,1.7718343024925094,,,,,,0.0,1
141.2,0.0008296254975017329,11.276397827754693,0.18921566125588973,21.306681267557085,89208.39960957598,99075.38251793628,6.527158121116004,297.92031537340114,150.39719635070037,1.8821327880445764,75.0,100.0,10.0,90.0,0.0,108.50677148357259,15.483371236034266,23.0,0.599770876147065,100.0,1.0,0.0,0.0,1.0,1.0,1.6291668198327716,1.7730309655515333,,,,,,0.0,1
141.4,0.0008311977447156929,11.251155955296174,0.18929027109060126,21.338078935036293,89259.72179904928,99137.74102114134,6.518902907948384,297.9539948792927,164.76906088590738,1.883361307502246,75.0,100.0,10.0,90.0,0.0,97.08244617075798,4.64501137081028,23.0,32.65492131529721,100.0,1.0,0.0,0.0,1.0,1.0,1.6189701504651082,1.774217257859337,,,,,,0.0,1
141.6,0.0008174567417120246,11.236969154130078,0.18926678192831742,21.369439671715273,89309.41952142806,99198.44112806884,6.51311421281542,297.91821225657935,149.49052172835965,1.8845731471648803,75.0,100.0,10.0,90.0,0.0,88.96332134927698,13.61930263656005,23.0,3.265492131529721,100.0,1.0,0.0,0.0,1.0,1.0,1.6217720847089458,1.775387481644287,,,,,,0.0,1
141.79999999999998,0.0008207678405281447,11.201171379581604,0.18914382117708967,21.401259331207456,89357.93689277745,99257.98563307448,6.5074080812938195,297.98855325772496,179.54149630201107,1.885773885246608,75.0,100.0,10.0,90.0,0.0,83.14307070516041,4.085790790968015,23.0,49.13151460757318,100.0,1.0,0.0,0.0,1.0,1.0,1.6377513671463788,1.7765470222623814,,,,,,0.0,1
142.0,0.0008171173725284787,11.203096332304966,0.18918348694051101,21.433071510961625,89405.74393549356,99316.81893580833,6.503156773679372,297.9459605348939,161.3343492723288,1.8869637123465024,75.0,100.0,10.0,90.0,0.0,79.62033479456694,25.55476547827814,23.0,4.913151460757319,100.0,1.0,0.0,0.0,1.0,1.0,1.6321943442451579,1.7776960627573246,,,,,,0.0,1
142.2,0.0007968188810672611,11.225077862158454,0.1892701737210488,21.46469079412328,89453.16205803287,99375.22231070382,6.499727385749319,298.04822017844026,205.07167684342687,1.8881300351210561,75.0,100.0,10.0,90.0,0.0,77.79906078991029,7.666429643483442,23.0,66.72572563521092,100.0,1.0,0.0,0.0,1.0,1.0,1.6204138105907635,1.7788224399090655,,,,,,0.0,1
142.4,0.0007994183903561182,11.218116151354359,0.1892986919268616,21.49662980958113,89500.48560641464,99433.56171291797,6.496651824359263,297.9918468363841,180.9464369905157,1.8892851307457605,75.0,100.0,10.0,90.0,0.0,77.35587431219726,41.23897214672775,23.0,6.672572563521093,100.0,1.0,0.0,0.0,1.0,1.0,1.6163404235573668,1.7799380088461376,,,,,,0.0,1
142.6,0.0007857629852798759,11.23574818773587,0.18929744568508894,21.5279917533403,89547.98701937395,99492.03815509213,6.491488564469523,297.9381685457071,157.96185394814685,1.8904236671699859,75.0,100.0,10.0,90.0,0.0,78.14827318068687,22.83147850227388,23.0,0.6672572563521093,100.0,1.0,0.0,0.0,1.0,1.0,1.61621449274516,1.7810376187451469,,,,,,0.0,1
142.79999999999998,0.0007959125165704538,11.232423187053415,0.18932740063410666,21.559745390970576,89596.05672886907,99551.14584298777,6.488585891423232,297.97801366969384,175.0325989281743,1.8915607144741493,75.0,100.0,10.0,90.0,0.0,81.02044355938916,6.849443550682165,23.0,37.207921049942826,100.0,1.0,0.0,0.0,1.0,1.0,1.611954878617512,1.7821358236476916,,,,,,0.0,1
143.0,0.000809372808548986,11.25278520051229,0.18953368597039033,21.591564651728508,89644.92929272565,99611.12595627467,6.4870956090604235,297.9366578360798,157.30557043512408,1.8927117116082395,75.0,100.0,10.0,90.0,0.0,85.04314319335418,18.67991897020934,23.0,3.720792104994283,100.0,1.0,0.0,0.0,1.0,1.0,1.5843197246304666,1.7832475356470014,,,,,,0.0,1
143.2,0.0007839922654166205,11.303226258423104,0.18963722176307796,21.622404268858258,89694.7121414429,99671.94286118822,6.486661624334859,298.009431887702,188.5194009419769,1.8938456953394083,75.0,100.0,10.0,90.0,0.0,89.6664041596571,5.603975691062802,23.0,53.71638283515031,100.0,1.0,0.0,0.0,1.0,1.0,1.5703011546110632,1.7843428481953747,,,,,,0.0,1
143.4,0.0007977710348263899,11.294920825910799,0.18960929741928792,21.65336809358862,89745.44971215054,99733.78238100166,6.486926721752304,297.959767289109,167.20475839017035,1.89497680779097,75.0,100.0,10.0,90.0,0.0,94.46485165399616,28.645861105826015,23.0,5.371638283515032,100.0,1.0,0.0,0.0,1.0,1.0,1.5737142006803988,1.785435420270063,,,,,,0.0,1
143.6,0.0007967816136823973,11.324182085979992,0.18968458343629307,21.68392579247472,89797.14320246542,99796.58069900038,6.490746964285476,297.9138080220797,147.46764348514353,1.8961039131866724,75.0,100.0,10.0,90.0,0.0,99.15802444078618,11.319464992886395,23.0,0.5371638283515032,100.0,1.0,0.0,0.0,1.0,1.0,1.5634410395538085,1.7865241544960055,,,,,,0.0,1
143.79999999999998,0.0008055033955887872,11.310390745282707,0.1896323552175888,21.714758764913608,89849.46306017603,99860.06936530638,6.495249953227272,297.93713372826414,157.49042676461238,1.8972350077690483,75.0,100.0,10.0,90.0,0.0,102.30892300628697,3.3958394978659183,23.0,29.929491037467614,100.0,1.0,0.0,0.0,1.0,1.0,1.57007770747551,1.787616774892352,,,,,,0.0,1
144.0,0.0008336965257703218,11.282772107853097,0.18958911284335908,21.74626057074259,89902.0537899968,99923.93297843134,6.5005582863416,297.90080729266,141.8721059789161,1.8983852004605966,75.0,100.0,10.0,90.0,0.0,103.66216856019088,1.0187518493597754,23.0,0.0001,100.0,1.0,0.0,0.0,1.0,1.0,1.5755172553530548,1.788727877463267,1522.0228413492275,66.293696328604,1054.6888602819927,21.12659266912584,22.636803082459874,0.0,1
144.2,0.0008229300338982213,11.283073001968031,0.18954227596790799,21.777452778011906,89954.4776799275,99987.61221652296,6.505744822664205,297.9435668070995,160.26896468175704,1.8995340762664537,75.0,100.0,10.0,90.0,0.0,102.88491906683787,0.3056255548079326,23.0,37.58665054472374,100.0,1.0,0.0,0.0,1.0,1.0,1.5814333013797757,1.789837741816637,,,,,,0.0,1
144.4,0.0008090034407048867,11.276287594855678,0.18945515208298358,21.808620317130988,90006.3306421487,100050.70312255742,6.508574838437787,297.9068058678383,144.44372397780293,1.900664039687353,75.0,100.0,10.0,90.0,0.0,100.02941144952769,0.09168766644237977,23.0,0.0001,100.0,1.0,0.0,0.0,1.0,1.0,1.5926945037903248,1.7909293690402666,,,,,,0.0,1
144.6,0.0007697032954560907,11.313117162732546,0.18947989799125942,21.83880052295452,90057.37697403027,100112.86535255355,6.508781649856352,297.952768768932,164.24106250765325,1.901751012503999,75.0,100.0,10.0,90.0,0.0,96.04561002560968,0.027506299932713932,23.0,40.44867448703728,100.0,1.0,0.0,0.0,1.0,1.0,1.5891356703731434,1.7919794951411956,,,,,,0.0,1
144.79999999999998,0.0007410875618428274,11.338926372241,0.18957161739169942,21.868095652991585,90107.607326821,100174.13497023893,6.508106753516724,297.9105497362941,146.04537011842893,1.902798930720487,75.0,100.0,10.0,90.0,0.0,91.97988345166806,12.665634265664199,23.0,4.044867448703728,100.0,1.0,0.0,0.0,1.0,1.0,1.5767061603370405,1.7929919192607173,,,,,,0.0,1
145.0,0.0007388903001505876,11.340803594876636,0.1896896928927418,21.897549252682374,90157.05966647402,100234.65460218916,6.505742450653114,297.9824644913298,177.05873487851218,1.9038310875155262,75.0,100.0,10.0,90.0,0.0,88.179468712168,3.7996902796992593,23.0,54.71212207164028,100.0,1.0,0.0,0.0,1.0,1.0,1.5607815141396846,1.7939891433848525,,,,,,0.0,1
145.2,0.0007746734256680923,11.261071549237489,0.18946708328078216,21.92818476730434,90205.93792775928,100294.75056881395,6.50736383395417,297.9397238444554,158.61728333150776,1.9048871524228244,75.0,100.0,10.0,90.0,0.0,85.33055211366904,25.572538622816747,23.0,5.471212207164029,100.0,1.0,0.0,0.0,1.0,1.0,1.590031511411771,1.795009494787145,,,,,,0.0,1
145.4,0.0007909432857029694,11.236640900138465,0.18943793835192133,21.95939633986125,90254.09015780035,100354.18465697131,6.507149552006868,298.04236544727854,202.92998139450057,1.9059627412918578,75.0,100.0,10.0,90.0,0.0,81.81245472177284,7.671761586845024,23.0,68.42865255297318,100.0,1.0,0.0,0.0,1.0,1.0,1.5936199113787528,1.7960487393440276,,,,,,0.0,1
145.6,0.0008147260614914638,11.182061864410233,0.1892629706034315,21.991089017592707,90301.54806995903,100413.01719799366,6.504168156471446,297.9959389429845,182.87551637448678,1.9070587640670797,75.0,100.0,10.0,90.0,0.0,78.39918228406233,41.14331357946848,23.0,6.842865255297318,100.0,1.0,0.0,0.0,1.0,1.0,1.6165296731825312,1.7971077579103676,,,,,,0.0,1
145.79999999999998,0.0008054589854662654,11.184338250569539,0.1892455981417335,22.022647990293166,90348.5816974213,100471.41159987477,6.501390090089261,297.9465056487226,161.50945328486466,1.908153044006263,75.0,100.0,10.0,90.0,0.0,76.1855132525906,25.94506184978907,23.0,0.6842865255297319,100.0,1.0,0.0,0.0,1.0,1.0,1.6185519319035255,1.7981651232662041,,,,,,0.0,1
146.0,0.0007910373706644664,11.209499668091746,0.18929911589079168,22.05365909724261,90395.38527766512,100529.52551845371,6.498706366294918,297.98960723979525,180.14864463154598,1.9092247046575765,75.0,100.0,10.0,90.0,0.0,75.0770661648073,7.7835185549367205,23.0,39.86729431030763,100.0,1.0,0.0,0.0,1.0,1.0,1.6111858490062525,1.7992006621892742,,,,,,0.0,1
146.2,0.0008043507250610136,11.186243259757394,0.18925046075145976,22.0850447885354,90442.18165135059,100587.7044602029,6.495339115346284,297.9498657726807,162.9533674209341,1.9102943682924902,75.0,100.0,10.0,90.0,0.0,75.04585674606761,21.018279009055377,23.0,3.986729431030763,100.0,1.0,0.0,0.0,1.0,1.0,1.617360143021699,1.8002343008285442,,,,,,0.0,1
146.4,0.0008143544542802842,11.171024049601392,0.18918952992574953,22.116864091637908,90489.22512428323,100646.19461413809,6.49260297672533,298.0235521866445,194.85376991655775,1.911368902531428,75.0,100.0,10.0,90.0,0.0,76.3683430894851,6.305483702716613,23.0,53.742962375431816,100.0,1.0,0.0,0.0,1.0,1.0,1.6251590987107352,1.8012726756310948,,,,,,0.0,1
146.6,0.0007997525781144152,11.193076657322184,0.18918579224624804,22.1481515479612,90536.74779701969,100705.13826234669,6.490799584263785,297.977678693433,174.9830720088008,1.9124309159059614,75.0,100.0,10.0,90.0,0.0,78.78443806600691,30.14532399911282,23.0,5.374296237543182,100.0,1.0,0.0,0.0,1.0,1.0,1.625382926579522,1.802298980059542,,,,,,0.0,1
146.79999999999998,0.0008139393224010291,11.201699519173392,0.1893067730576612,22.179912576496623,90584.91321403306,100764.81105350963,6.491946200291559,297.9333008120156,155.74987112106305,1.9134929686866262,75.0,100.0,10.0,90.0,0.0,81.9230919900023,14.649527735585153,23.0,0.5374296237543182,100.0,1.0,0.0,0.0,1.0,1.0,1.6090792876311237,1.803325351548504,,,,,,0.0,1
147.0,0.000810073053122555,11.21548640336637,0.18932487889554805,22.211289014524475,90633.60983503117,100825.0208084667,6.49367242960045,297.95603715809216,165.60953728695804,1.9145501585160283,75.0,100.0,10.0,90.0,0.0,84.59496132871627,4.394858320675546,23.0,29.834356454810305,100.0,1.0,0.0,0.0,1.0,1.0,1.6064090319577442,1.8043470522468552,,,,,,0.0,1
147.2,0.0008086247036951247,11.218086409151164,0.18930297658209275,22.24255470691379,90682.70714805511,100885.65304952148,6.493331598783836,297.9185535342886,149.3449521972538,1.9155994701590942,75.0,100.0,10.0,90.0,0.0,86.58174686496653,10.070512278302964,23.0,2.9834356454810305,100.0,1.0,0.0,0.0,1.0,1.0,1.6090436248097046,1.8053611676214008,,,,,,0.0,1
147.4,0.0007647393177513643,11.285166186145585,0.18942871658831234,22.272814580173154,90732.22049154747,100946.57522860507,6.495700610787714,297.96588748375245,169.8937435129834,1.9166094966641518,75.0,100.0,10.0,90.0,0.0,88.71395247736332,3.021153683490889,23.0,43.28897908078667,100.0,1.0,0.0,0.0,1.0,1.0,1.592116524380858,1.806337342292853,,,,,,0.0,1
147.6,0.0007580619522553017,11.298632427324806,0.18950578076041177,22.302940969476122,90781.96491518144,101007.74258661497,6.498343594065968,297.9226768911358,151.12339610828607,1.917592671879247,75.0,100.0,10.0,90.0,0.0,89.88003367325084,16.578250962867823,23.0,4.328897908078667,100.0,1.0,0.0,0.0,1.0,1.0,1.581645982556645,1.8072875907947954,,,,,,0.0,1
147.79999999999998,0.0007424361743277226,11.314591159330858,0.18948332583160554,22.332404477493426,90831.71415690581,101068.8759178683,6.49943879783517,297.99471763488066,182.43539115345365,1.9185534619736628,75.0,100.0,10.0,90.0,0.0,89.9933878513073,4.973475288860347,23.0,56.8395378866762,100.0,1.0,0.0,0.0,1.0,1.0,1.5843775954976482,1.8082162278559166,,,,,,0.0,1
148.0,0.0007136242253108537,11.366090503301045,0.18963817122659082,22.361140281357834,90881.39648843634,101129.85369733152,6.501319366512893,297.9443089229632,160.5137968550615,1.919478038797304,75.0,100.0,10.0,90.0,0.0,89.67324661650758,27.251994743060198,23.0,5.68395378866762,100.0,1.0,0.0,0.0,1.0,1.0,1.5636026448350488,1.8091098859289916,,,,,,0.0,1
148.2,0.0007076784068302789,11.36073024171933,0.1895864325605475,22.389423041899285,90930.84028346911,101190.58509137828,6.502670367059765,298.04152680839536,202.81663334921814,1.9203805626561317,75.0,100.0,10.0,90.0,0.0,88.5909368538534,8.175598422918059,23.0,71.52300966186895,100.0,1.0,0.0,0.0,1.0,1.0,1.5702345446361972,1.809982249699074,,,,,,0.0,1
148.4,0.0006934753311908183,11.392872216265527,0.18970939745978616,22.41733975892183,90979.95478203068,101250.94582442127,6.503921618908623,297.98455685618603,178.0130918470856,1.9212600216092717,75.0,100.0,10.0,90.0,0.0,86.97076826871259,40.00541884750922,23.0,7.152300966186896,100.0,1.0,0.0,0.0,1.0,1.0,1.5536954321953143,1.8108323394733934,,,,,,0.0,1
148.6,0.0006962243287881452,11.374007423393762,0.1896890191195345,22.445691346129024,91028.66533851568,101310.95367833604,6.5016220247011205,297.9257372279867,152.3903067381578,1.9221305310351393,75.0,100.0,10.0,90.0,0.0,84.84712729770004,21.178906509375736,23.0,0.7152300966186896,100.0,1.0,0.0,0.0,1.0,1.0,1.5561759660947478,1.8116737981624256,,,,,,0.0,1
148.79999999999998,0.0006759070773124014,11.400038953736336,0.18972893734835744,22.47327251301896,91077.1366021662,101370.67283279772,6.498682656568429,297.9555535776383,165.38601102547813,1.9229823351299482,75.0,100.0,10.0,90.0,0.0,83.65762456662554,6.353671952812721,23.0,39.43486131950243,100.0,1.0,0.0,0.0,1.0,1.0,1.5506605122568673,1.8124971946101591,,,,,,0.0,1
149.0,0.0006887182711709733,11.398070556879977,0.1897967695721135,22.501032601089793,91125.60678287955,101430.45062615199,6.497058702816084,297.90713434062025,144.27035534886065,1.9238302917561554,75.0,100.0,10.0,90.0,0.0,83.63830621466549,14.296605843605011,23.0,3.9434861319502432,100.0,1.0,0.0,0.0,1.0,1.0,1.5414406460709162,1.8133168904253583,,,,,,0.0,1
149.2,0.000679026346588173,11.426353632126421,0.1898921047468366,22.528004325992335,91174.18885468454,101490.3205045757,6.496607516041455,297.9693300214121,171.40968167389826,1.9246704896579356,75.0,100.0,10.0,90.0,0.0,84.26423795614444,4.2889817530815035,23.0,54.84959623786291,100.0,1.0,0.0,0.0,1.0,1.0,1.5285698948959665,1.8141291043287966,,,,,,0.0,1
149.4,0.0006660355065379519,11.44169292195128,0.18995806023663075,22.554769580364795,91222.93381249066,101550.36333876579,6.495575349778838,297.91692493968895,148.52903456356165,1.9254979849342237,75.0,100.0,10.0,90.0,0.0,85.07157669723577,22.627173677157675,23.0,5.484959623786292,100.0,1.0,0.0,0.0,1.0,1.0,1.5196002560937931,1.814929056422181,,,,,,0.0,1
149.6,0.0006392759869349253,11.50488559606787,0.19016224227733122,22.580325508795696,91271.90423925404,101610.54761149515,6.497168793289438,298.00615769878584,187.50827885402646,1.9262984001521495,75.0,100.0,10.0,90.0,0.0,86.29875622020984,6.788152103147302,23.0,70.51263045426141,100.0,1.0,0.0,0.0,1.0,1.0,1.492275487979885,1.815702846564133,,,,,,0.0,1
149.79999999999998,0.0005914994505613669,11.562740251654597,0.19024809140319965,22.604555659762376,91320.98638900588,101670.70125237982,6.502554309876842,297.94234733875146,159.6181760129795,1.927046248509387,75.0,100.0,10.0,90.0,0.0,86.87604919627462,34.851177342832706,23.0,7.051263045426142,100.0,1.0,0.0,0.0,1.0,1.0,1.480676279226671,1.8164258333158088,,,,,,0.0,1
150.0,0.0005641081182515206,11.601666159056956,0.19041042998828275,22.62834688186781,91369.7272328051,101730.463396196,6.50750353991399,298.0596542584038,210.9177950219725,1.927751227171907,75.0,100.0,10.0,90.0,0.0,85.28825466641881,10.455353202849812,23.0,87.83300737707683,100.0,1.0,0.0,0.0,1.0,1.0,1.4589180171878728,1.817107388705281,,,,,,0.0,1
150.2,0.0005869049456806981,11.53685957072723,0.1902056729068039,22.653145617729475,91417.74725013033,101789.61684710669,6.509094867275606,297.98938109237537,180.17011977307038,1.9284542083966765,75.0,100.0,10.0,90.0,0.0,81.72802269880239,49.24284338633837,23.0,8.783300737707682,100.0,1.0,0.0,0.0,1.0,1.0,1.4859498107827698,1.8177870257451867,,,,,,0.0,1
150.4,0.0006092944927088928,10.265100060458948,0.18956009335793422,22.683615459066168,90746.48808067455,101028.01523786006,6.537085423005121,297.94297795763543,159.93583382608446,1.9200204871387092,75.0,100.0,10.0,90.0,0.0,77.53885062809701,26.355833899284825,23.0,0.8783300737707682,0.0,0.9,-4000.0,0.0,1.0,1.0,1.573820536274009,1.8096342044944542,,,,,,0.0,1
150.6,0.000626522810237313,10.171863038736026,0.18938363497213467,22.715559714241444,90072.21367811905,100263.38632261219,6.557020540082793,297.98169535817885,176.68353745342972,1.9066074215028497,75.0,100.0,10.0,90.0,0.0,62.0183263652637,7.906750169785447,23.0,34.11289128707407,0.0,0.9,-4000.0,0.0,1.0,1.0,1.600653323893386,1.7966716499553361,,,,,,0.0,1
150.79999999999998,0.000636125737434471,10.033513273241693,0.18929550920684324,22.749512186643802,89391.8207893757,99492.60827144119,6.557370896414163,297.9544987146328,165.00623587441808,1.8928451078424786,75.0,100.0,10.0,90.0,0.0,31.00916318263185,19.473950279143303,23.0,3.4112891287074074,0.0,0.9,-4000.0,0.0,1.0,1.0,1.6158520475680032,1.783376381081309,,,,,,0.0,1
151.0,0.0006221610137570812,9.964270465518005,0.18918477060584113,22.783959423731748,88708.42246629627,98718.70194424721,6.546732915959401,297.9307038809724,154.86585018611746,1.8790235427842217,75.0,100.0,10.0,90.0,0.0008791255388887067,15.504581591315924,9.114303683383064,23.0,0.34112891287074076,0.0,0.9,-4000.0,0.0,1.0,1.0,1.634051927709742,1.7700287655339662,,,,,,0.0,1
151.2,0.0006411359109081044,9.862135320954525,0.18910288583018872,22.81972512449351,88022.00751525316,97941.76803779848,6.523393303475244,297.965052796121,169.38901402314005,1.8651946871276357,75.0,100.0,10.0,90.0,0.0,0.0,2.734291105014919,23.0,23.312816700517992,0.0,0.9,-4000.0,0.0,1.0,1.0,1.6484228596246608,1.7566790151052345,,,,,,0.0,1
151.4,0.0006586340107513351,9.846286297596736,0.18927084254241794,22.855841326064393,87335.68202613828,97164.87988816731,6.501295397010187,297.9489894967497,162.65132742076156,1.8513679773924627,75.0,100.0,10.0,90.0,0.0,0.0,12.164523620198466,23.0,2.331281670051799,0.0,0.9,-4000.0,0.0,1.0,1.0,1.6297159236922456,1.743336239504045,,,,,,0.0,1
151.6,0.0006664068657152451,9.836178986226638,0.18946709785136207,22.89207651684771,86649.42760862669,96387.9457899463,6.4805380449990535,298.0105802843124,188.29172342167325,1.8375349233153373,75.0,100.0,10.0,90.0,0.0,0.0,3.6493570860595397,23.0,35.77284286880196,0.0,0.9,-4000.0,0.0,1.0,1.0,1.6072614454135472,1.7299922452417458,,,,,,0.0,1
151.79999999999998,0.0006932375412647344,9.837208047297468,0.18971282310742116,22.928674739904267,85964.70684119652,95612.48712407041,6.465863660204179,297.98984851863037,179.72818626487958,1.8237095203296032,75.0,100.0,10.0,90.0,0.0,7.256068065723216,23.105759668605813,23.0,3.577284286880196,0.0,0.9,-4000.0,0.0,1.0,1.0,1.5782475820187607,1.7166605296422952,,,,,,0.0,1
152.0,0.0007367047650184482,9.823391571849704,0.18983924752030681,22.96605215472002,85282.71098437073,94839.76746106849,6.4603672840336825,297.96605649875005,169.979535446017,1.809909959594256,75.0,100.0,10.0,90.0,0.0,20.383688075315646,15.888130263291188,23.0,0.35772842868801963,0.0,0.9,-4000.0,0.0,1.0,1.0,1.565030199842923,1.7033586138930505,,,,,,0.0,1
152.2,0.0007484594655184099,9.874485212161575,0.19011133372595232,23.003077367493283,84603.87381883893,94070.10180155441,6.464049251601532,297.94377132363724,160.91848762620003,1.7961153938084413,75.0,100.0,10.0,90.0,0.0,35.705600484931324,7.454691095835656,23.0,0.03577284286880197,0.0,0.9,-4000.0,0.0,1.0,1.0,1.5325045217220536,1.6900663835502503,,,,,,0.0,1
152.4,0.0007187535593181328,9.961707697966313,0.1903766665894328,23.039040909863147,84626.10285108713,94103.10126876508,6.452404209158042,297.96379599394095,169.03328597119236,1.7919503472598852,75.0,100.0,10.0,90.0,0.0,49.549710047351276,2.2364073287506967,23.0,19.4379739321529,0.0,0.9,0.0,0.0,1.0,1.0,1.4983876207005387,1.6860539658277642,,,,,,0.0,1
152.6,0.000744280734545285,10.010004374952747,0.19054313130146985,23.074661295741947,84652.05130376456,94139.86474259195,6.450867462699161,297.9392175857722,159.0698343169557,1.7922456201648558,75.0,100.0,10.0,90.0,0.0,68.14512858302473,7.20348203327391,23.0,1.94379739321529,0.0,0.9,0.0,0.0,1.0,1.0,1.4762246624258843,1.6863384037965075,,,,,,0.0,1
152.79999999999998,0.0007654370291304351,10.063244403983152,0.19065648321806303,23.109597406329687,84681.8172666828,94180.4583450733,6.457963761703604,297.9805189370243,175.81833212672825,1.7929547983552638,75.0,100.0,10.0,90.0,0.0,87.2745506620758,2.1610446099821727,23.0,31.739654905380387,0.0,0.9,0.0,0.0,1.0,1.0,1.4609967125867578,1.6870215680491571,,,,,,0.0,1
153.0,0.0007755389972739841,10.111172588810723,0.19070574009282135,23.143813714278465,84714.83842796658,94224.29248343199,6.470548409892664,297.9478647543758,162.57103776060697,1.793713098425605,75.0,100.0,10.0,90.0,0.0,103.56139097365622,14.315008319685706,23.0,3.173965490538039,0.0,0.9,0.0,0.0,1.0,1.0,1.4542619371864984,1.687752066531773,,,,,,0.0,1
153.2,0.000758750292310662,10.174633780322447,0.19082999630634895,23.177080346716874,84750.09713285563,94270.27863429798,6.4869846289777415,298.00964438087175,187.64481036295425,1.7944614434426533,75.0,100.0,10.0,90.0,0.0,114.80931652274393,4.294502495905712,23.0,44.86365005210608,0.0,0.9,0.0,0.0,1.0,1.0,1.4375689285772768,1.6884729893614074,,,,,,0.0,1
153.4,0.0007415888634155276,10.226849411267098,0.1910435774035745,23.20959792805975,84786.28328103719,94317.0976930235,6.504858331398528,297.96710665055383,170.3727523725626,1.795189047700187,75.0,100.0,10.0,90.0,0.0,119.46783520277374,23.898308295959772,23.0,4.486365005210608,0.0,0.9,0.0,0.0,1.0,1.0,1.4090071456606115,1.689173945184247,,,,,,0.0,1
153.6,0.0007470757822381015,10.204426180729472,0.19100338680921888,23.242260628531593,84821.98420468367,94363.39974534737,6.520990403781721,297.92479100215894,153.1822317398407,1.7959087242727685,75.0,100.0,10.0,90.0,0.0,116.96203353317287,9.121108420249278,23.0,0.44863650052106085,0.0,0.9,0.0,0.0,1.0,1.0,1.4141616043496974,1.689867276992694,,,,,,0.0,1
153.8,0.0007657308129735526,10.155405779506859,0.19102516650586676,23.276059000492566,84855.88835290946,94407.92408822959,6.53494200528156,297.9471597355464,162.27309429490307,1.7966340036073687,75.0,100.0,10.0,90.0,0.0,107.99265562005128,2.7363325260747833,23.0,26.22316992744883,0.0,0.9,0.0,0.0,1.0,1.0,1.4110801290828785,1.690566019868628,,,,,,0.0,1
154.0,0.000797743981657319,10.055371416300762,0.19092897064521702,23.31186445274292,84886.87953015073,94449.61431774539,6.5434854737498425,297.917836914022,150.35129566218689,1.7973790233017095,75.0,100.0,10.0,90.0,0.0,93.42533706681827,0.820899757822435,23.0,0.0001,0.0,0.9,0.0,0.0,1.0,1.0,1.423668787903909,1.691283794854718,,,,,,0.0,1
154.2,0.0008247360715149612,9.943005925723925,0.19076223784677276,23.34986886959632,84914.26461882467,94487.75570146031,6.540697064694975,297.9650601319937,169.5581601266582,1.7981430799437832,75.0,100.0,10.0,90.0,0.0,75.43956300197077,0.24626992734673048,23.0,31.642546757594136,0.0,0.9,0.0,0.0,1.0,1.0,1.4456175794584518,1.6920199253705943,,,,,,0.0,1
154.4,0.0007986403854239744,9.909294377958147,0.19074793380778826,23.387896805795325,84938.27516697804,94522.39817823692,6.529252985053638,297.942784560899,160.49516985580044,1.798894635654204,75.0,100.0,10.0,90.0,0.0,58.5929879004683,13.677085564838677,23.0,3.164254675759414,0.0,0.9,0.0,0.0,1.0,1.0,1.447323212488881,1.6927440264298068,,,,,,0.0,1
154.6,0.0008342405464089776,9.79597551680074,0.19048590282714542,23.427623388534702,84959.81713230835,94554.66364731872,6.508712511025943,298.0206274069182,192.17585837325885,1.7996564356242934,75.0,100.0,10.0,90.0,0.0,46.33188838808723,4.103125669451603,23.0,43.60864920638156,0.0,0.9,0.0,0.0,1.0,1.0,1.4819114404590181,1.693478012266822,,,,,,0.0,1
154.8,0.0008453385692198837,9.746130377685597,0.19030524970844429,23.46796399431847,84980.54609663968,94586.12410340889,6.486993745708761,297.9975074958461,182.76357311615325,1.8004315700997418,75.0,100.0,10.0,90.0,0.0,42.31635122320871,28.980395363005957,23.0,4.360864920638156,0.0,0.9,0.0,0.0,1.0,1.0,1.5056805553696229,1.6942248609897443,,,,,,0.0,1
155.0,0.0008931037726627672,9.722061836181556,0.19034105475365268,23.50936546055461,85002.21739471142,94618.64500956245,6.46919246009062,297.97244716938934,172.55860292482367,1.8012319550694138,75.0,100.0,10.0,90.0,0.0,46.99041216745571,21.193732457414942,23.0,0.43608649206381567,0.0,0.9,0.0,0.0,1.0,1.0,1.5007250821529783,1.6949960549101597,,,,,,0.0,1
155.2,0.000916718160903217,9.744227484016614,0.1904010460681043,23.550631626000158,85026.25643084571,94653.57080736688,6.460339808042261,297.9503208251389,163.54550859886143,1.802054782392701,75.0,100.0,10.0,90.0,0.0,58.78979265434134,12.627850257104516,23.0,0.04360864920638157,0.0,0.9,0.0,0.0,1.0,1.0,1.4925542829440266,1.6957888897674787,,,,,,0.0,1
155.4,0.0009258468912187314,9.78777235345526,0.19044538035454867,23.591487503806285,85053.36853984371,94691.55959832294,6.460946450147563,297.92984773554855,155.203078408023,1.802882500470094,75.0,100.0,10.0,90.0,0.0,74.12373039940496,4.148982791219513,23.0,0.004360864920638158,0.0,0.9,0.0,0.0,1.0,1.0,1.4864585351979407,1.6965864545841933,,,,,,0.0,1
155.6,0.0009521223605123219,9.824966921666936,0.19053014710975244,23.632089518143115,85083.4940448693,94732.60115948555,6.471937003769131,297.950537185905,163.63700793459944,1.8037196536672488,75.0,100.0,10.0,90.0,0.0,89.21191582697566,1.244694837365854,23.0,18.78977649599074,0.0,0.9,0.0,0.0,1.0,1.0,1.4749932420297405,1.6973931286339554,,,,,,0.0,1
155.8,0.000974237153467995,9.827878578094998,0.19044889922376504,23.67264925792542,85115.75357478941,94775.80952878813,6.483735554624156,297.9296864464704,155.13392156168163,1.8045680654905363,75.0,100.0,10.0,90.0,0.0,99.88717228800036,5.905393465331725,23.0,1.878977649599074,0.0,0.9,0.0,0.0,1.0,1.0,1.4855577637895134,1.6982106696986503,,,,,,0.0,1
156.0,0.0009766410910776024,9.837283199469887,0.1904100103843855,23.71313742362312,85149.19646274843,94820.18891749808,6.498836343939016,297.9751312001246,173.6746341041424,1.8054170815324688,75.0,100.0,10.0,90.0,0.0,105.8594487355805,1.7716180395995176,23.0,31.39568859073985,0.0,0.9,0.0,0.0,1.0,1.0,1.4904997575573031,1.6990288114328953,1557.1693786091787,73.82491806142616,1057.62326145546,22.96605215472002,22.694373425528063,0.0,1
156.2,0.0009896047218592296,9.817203842903231,0.19038461446838284,23.75406280153838,85182.61639294702,94864.55662612032,6.511315244515513,297.95116786525665,163.89357868078102,1.8062691932761912,75.0,100.0,10.0,90.0,0.0,105.76435601721296,14.969680338710319,23.0,3.1395688590739854,0.0,0.9,0.0,0.0,1.0,1.0,1.4936502870272306,1.6998499548388066,,,,,,0.0,1
156.4,0.0010306346500773313,9.738801194543047,0.1901471203834386,23.795809887917237,85215.0255414041,94907.9809026702,6.523096248475944,297.92906533528276,154.86858487023125,1.8071403121941934,75.0,100.0,10.0,90.0,0.0,100.6809070161535,5.428914161526606,23.0,0.31395688590739856,0.0,0.9,0.0,0.0,1.0,1.0,1.5249292277406243,1.7006894338454535,,,,,,0.0,1
156.6,0.0010002598745265262,9.71631097220621,0.1900572605455829,23.837417926541704,85245.46641843884,94949.33334537083,6.532369382330484,297.95398095846537,165.0463772827638,1.8080036533209705,75.0,100.0,10.0,90.0,0.0,90.86338142822919,1.6286742484579817,23.0,20.255772380149935,0.0,0.9,0.0,0.0,1.0,1.0,1.536622456895166,1.7015214367163352,,,,,,0.0,1
156.8,0.0010058089717484902,9.653547891656451,0.18997837271834023,23.87968453023649,85273.19742682128,94987.96207054296,6.534634829015153,297.93803368792965,158.52953972553058,1.8088604467156189,75.0,100.0,10.0,90.0,0.0,77.33007012041003,7.730283294365263,23.0,2.0255772380149937,0.0,0.9,0.0,0.0,1.0,1.0,1.5468605933760846,1.7023471483865635,,,,,,0.0,1
157.0,0.0009934137289660209,9.598220588663995,0.1898572916760202,23.922322068449073,85298.03224894985,95023.63361285998,6.525711340573326,297.9917065400919,180.46979521628245,1.8097075134627036,75.0,100.0,10.0,90.0,0.0,62.90248748516085,2.3190849883095788,23.0,31.13663266480357,0.0,0.9,0.0,0.0,1.0,1.0,1.5626909798275481,1.7031635047276474,,,,,,0.0,1
157.2,0.0009648906946784043,9.564907437503267,0.18973456888663293,23.964963334721556,85320.69114273715,95057.0280823147,6.510834864018391,297.97526362015805,173.746014708023,1.8105316701610314,75.0,100.0,10.0,90.0,0.0,52.07076572096132,18.63208681067061,23.0,3.113663266480357,0.0,0.9,0.0,0.0,1.0,1.0,1.578740223827557,1.7039577992475319,,,,,,0.0,1
157.4,0.0009776252941430272,9.52601576503898,0.18964680916369128,24.007974222405057,85342.38000365395,95089.44935928537,6.495026337409456,297.95717608055855,166.34739216955145,1.8113500419015676,75.0,100.0,10.0,90.0,0.0,47.19298771027687,12.24572829571667,23.0,0.31136632664803576,0.0,0.9,0.0,0.0,1.0,1.0,1.5901556939774955,1.704746535619651,,,,,,0.0,1
157.6,0.0009573735434540055,9.538980366911952,0.18960742472573638,24.050315954749145,85364.36367680994,95122.08848609275,6.482461374365589,297.9410860948068,159.76397826242942,1.8121575179118514,75.0,100.0,10.0,90.0,0.0,48.64276883429322,5.201234789322736,23.0,0.031136632664803578,0.0,0.9,0.0,0.0,1.0,1.0,1.5951653537357626,1.7055247876234962,,,,,,0.0,1
157.8,0.0009520260164173636,9.568859287619368,0.18966201695943136,24.09210398721838,85387.63828126794,95155.97871427113,6.473871485537053,297.9632020231888,168.81577151454974,1.8129532568663673,75.0,100.0,10.0,90.0,0.0,55.120406793779914,1.560370436796821,23.0,17.28912665362,0.0,0.9,0.0,0.0,1.0,1.0,1.58773120994853,1.7062917436818184,,,,,,0.0,1
158.0,0.0009878844671065475,9.570048641404426,0.189671410900971,24.13396708699314,85412.8947944666,95191.9203823171,6.47324020860645,297.9478110081394,162.5143654135287,1.8137620237223198,75.0,100.0,10.0,90.0,0.0,65.04170037534041,7.101769176977304,23.0,1.728912665362,0.0,0.9,0.0,0.0,1.0,1.0,1.5862799521747866,1.7070712730119864,,,,,,0.0,1
158.2,0.000968801722615658,9.619962354731234,0.18964634074007536,24.174327623013994,85440.17422389255,95229.78765064222,6.477363575524001,297.9879986348596,178.9737364197893,1.8145650309824066,75.0,100.0,10.0,90.0,0.0,75.20283686522235,2.130530753093191,23.0,27.68585415940571,0.0,0.9,0.0,0.0,1.0,1.0,1.5893952508473572,1.7078452675231974,,,,,,0.0,1
158.4,0.0009700518982962497,9.648439721994922,0.18974478175612353,24.214466311662637,85469.15259075219,95269.350315964,6.485493003732592,297.9664289609543,170.13626507452383,1.8153645827001597,75.0,100.0,10.0,90.0,0.0,83.71958695486173,14.153607389654477,23.0,2.768585415940571,0.0,0.9,0.0,0.0,1.0,1.0,1.57614989511829,1.7086159477393923,,,,,,0.0,1
158.6,0.0009565341899431891,9.680034021370476,0.18981592156549892,24.254101524194592,85499.18981296872,95309.90887092895,6.49822562962052,297.9407173923382,159.5977171936663,1.8161537892461699,75.0,100.0,10.0,90.0,0.0,88.97676316383833,5.9606114991676495,23.0,0.27685854159405715,0.0,0.9,0.0,0.0,1.0,1.0,1.5665215756531516,1.7093766723910657,,,,,,0.0,1
158.8,0.0009825952149958772,9.643838033130825,0.18976375874090834,24.294508201043687,85529.2523099925,95350.55622539493,6.5090578628463795,297.96219471194615,168.40418405459002,1.8169488624362453,75.0,100.0,10.0,90.0,0.0,89.12274412531235,1.7881834497502949,23.0,20.13818514005792,0.0,0.9,0.0,0.0,1.0,1.0,1.5732298727707341,1.7101430680851593,,,,,,0.0,1
159.0,0.001011487185019183,9.596642126186248,0.18972912304263093,24.33598239490062,85558.4772991407,95390.42643536277,6.518856852129767,297.9437947172321,160.85664931603387,1.8177599370158086,75.0,100.0,10.0,90.0,0.0,84.9429977064443,7.167597691806566,23.0,2.0138185140057923,0.0,0.9,0.0,0.0,1.0,1.0,1.577611221004743,1.7109249046878727,,,,,,0.0,1
159.2,0.001020253903544251,9.551398217930368,0.18968690065166313,24.378033332174873,85586.0675217019,95428.66764676898,6.521641929264538,297.9896129681334,179.65810420963365,1.8185806701964333,75.0,100.0,10.0,90.0,0.0,76.82811388827378,2.1502793075419695,23.0,29.29798256160085,0.0,0.9,0.0,0.0,1.0,1.0,1.5829948734560568,1.7117160688560094,,,,,,0.0,1
159.4,0.0010430160813212094,9.495402426455074,0.18968563661289828,24.421280442199986,85611.8097395272,95465.1133107728,6.517541945984025,297.9741165327443,173.2970359098854,1.8194116734365624,75.0,100.0,10.0,90.0,0.0,67.61526194672604,15.987877725041605,23.0,2.929798256160085,0.0,0.9,0.0,0.0,1.0,1.0,1.5829496371694087,1.7125171506474128,,,,,,0.0,1
159.6,0.0010177901362924933,9.489468326227135,0.1897146023299671,24.46427161737132,85636.04336544979,95499.95653076947,6.50683747427183,297.9555977164019,165.69285032921022,1.8202320110261607,75.0,100.0,10.0,90.0,0.0,60.04798714796112,9.90845693905023,23.0,0.2929798256160085,0.0,0.9,0.0,0.0,1.0,1.0,1.5789021638560212,1.7133079681599748,,,,,,0.0,1
159.8,0.001016702751680793,9.48051726270147,0.1897788475066721,24.507495028574873,85659.6277163017,95534.13206441354,6.495794047676944,297.9410204543907,159.70501050444904,1.821042699942893,75.0,100.0,10.0,90.0,0.0,56.776099746112806,2.665058544248714,23.0,0.02929798256160085,0.0,0.9,0.0,0.0,1.0,1.0,1.570182023609907,1.7140895011354793,,,,,,0.0,1
160.0,0.0010481817595791492,9.449447819790182,0.18974342647545772,24.55117049367494,85683.43531623497,95568.59505530988,6.485458546732405,297.9594566440969,167.28015573785817,1.8218654214096142,75.0,100.0,10.0,90.0,0.0,57.91554916709233,0.7995175632746141,23.0,14.204442183863867,0.0,0.9,0.0,0.0,1.0,1.0,1.5746648597363928,1.7148826511200064,,,,,,0.0,1
160.2,0.0010526040367041768,9.443721083733703,0.189635905416138,24.594707659879433,85708.29730197038,95604.11122669894,6.479298118736854,297.94736238838243,162.30912667626347,1.8226964001220682,75.0,100.0,10.0,90.0,0.0,63.19861597715272,5.057599516656106,23.0,1.4204442183863868,0.0,0.9,0.0,0.0,1.0,1.0,1.5886970818136046,1.715683779147549,,,,,,0.0,1
160.4,0.0008717391602538068,11.401567844542326,0.19295935486454904,24.610791892730848,85812.70834940257,95718.63276673507,6.478457999863555,297.92767559997276,154.21140758098565,1.8234396738018952,75.0,100.0,10.0,80.0,0.0,70.94189658277017,1.5172798549968318,23.0,23.822445981071645,400.0,0.9,0.0,0.0,1.0,1.0,1.1463967332539973,1.7164003676902542,,,,,,0.0,1
160.6,0.0008859906481544756,11.437785437879052,0.19336656780626482,24.626387135085494,85918.73589891422,95834.7843022974,6.48275586021064,297.8975980612547,141.8229042369479,1.824142184789747,75.0,100.0,10.0,80.0,0.0,79.01813905745723,0.4551839564990495,23.0,18.864632454724916,400.0,0.9,0.0,0.0,1.0,1.0,1.091784850585987,1.7170776700129164,,,,,,0.0,1
160.8,0.0008849675134547185,11.47647452379177,0.19344776654237608,24.641844236904312,86026.03326836725,95952.18975766879,6.489430311210684,297.88130389646994,135.10328903447763,1.824840979002565,75.0,100.0,10.0,80.0,0.0,85.37019586025042,0.13655518694971486,23.0,25.037136218552668,400.0,0.9,0.0,0.0,1.0,1.0,1.0807410617859963,1.7177514014685538,,,,,,0.0,1
161.0,0.0009108898703029705,11.488548584338128,0.19350137780017623,24.657871002464184,86134.06633774572,96070.37586369339,6.493392202707301,297.85678850502836,124.98204559083696,1.8255447591445664,75.0,100.0,10.0,80.0,0.0,89.05294220459974,0.04096655608491446,23.0,21.244640648879418,400.0,0.9,0.0,0.0,1.0,1.0,1.0733841594269664,1.7184299526671822,,,,,,0.0,1
161.2,0.0009205327762245259,11.514543479185404,0.19358010035193707,24.67371939727991,86242.51558597712,96188.98077279479,6.50017158190697,297.8558342343594,124.58750516378629,1.8262576293224695,75.0,100.0,10.0,80.0,0.0,91.16255636687742,0.012289966825474338,23.0,31.964341786695332,400.0,0.9,0.0,0.0,1.0,1.0,1.0626638373522526,1.7191172809740576,,,,,,0.0,1
161.4,0.0009191558206449035,11.510804881149154,0.19345439339337986,24.68939433916051,86350.83492246989,96307.4345230984,6.50253185142023,297.835301672504,116.08712894324718,1.8269721984645528,75.0,100.0,10.0,80.0,0.0,90.53390261580644,0.003686990047642301,23.0,23.002876435235375,400.0,0.9,0.0,0.0,1.0,1.0,1.0792929260930253,1.7198062604315372,,,,,,0.0,1
161.6,0.0009139951525794637,11.52377411373774,0.19345314595926089,24.705337656151904,86458.83375324063,96425.5480570795,6.505411471010679,297.84942896553554,121.94244027077414,1.8276806728762456,75.0,100.0,10.0,80.0,0.0,88.98172159347155,0.0011060970142926902,23.0,38.86455337863663,400.0,0.9,0.0,0.0,1.0,1.0,1.0792730425105752,1.720489376327905,,,,,,0.0,1
161.8,0.0009197326160906684,11.527480311943359,0.19345536086955448,24.721471906523725,86566.28258540288,96543.095767955,6.5078425223435525,297.8239606730031,111.37310959891148,1.8283856809769403,75.0,100.0,10.0,80.0,0.0,86.25811053465378,0.000331829104287807,23.0,20.743984616587376,400.0,0.9,0.0,0.0,1.0,1.0,1.0787909297510303,1.7211691627430385,,,,,,0.0,1
162.0,0.0008636262523403523,11.577334654445126,0.19347556248955947,24.736217351491966,86672.97956822612,96659.72050916302,6.507234161001458,297.8543939897181,124.01736083542202,1.8290631945604883,75.0,100.0,10.0,80.0,0.0,82.5620897782402,0.0001,23.0,46.380508246095786,400.0,0.9,0.0,0.0,1.0,1.0,1.0759099466738355,1.7218224502519581,,,,,,0.0,1
162.2,0.0008391345203035054,11.598390426555138,0.19343952658236407,24.75010976493837,86778.98283853041,96775.54415860314,6.50684332634247,297.8133991897091,106.9644716800413,1.829714741444289,75.0,100.0,10.0,80.0,0.0,79.11876062284428,0.0001,23.0,13.624233908768954,400.0,0.9,0.0,0.0,1.0,1.0,1.0805586793079744,1.722450710649268,,,,,,0.0,1
162.4,0.0008347164683928654,11.60351070849347,0.1934250691348812,24.764171794173503,86884.31016148892,96890.66101021573,6.509422544961657,297.8672350334225,129.38739123485442,1.8303537741496605,75.0,100.0,10.0,80.0,0.0,75.82179614042194,0.0001,23.0,57.2270312396287,400.0,0.9,0.0,0.0,1.0,1.0,1.082324107665772,1.7230669146895268,,,,,,0.0,1
162.6,0.0008323653373094927,11.60047627181689,0.19336963309238725,24.77836218184038,86988.7701546664,97004.8759592408,6.508754501095759,297.7967850264459,100.00812398409919,1.830985327493561,75.0,100.0,10.0,80.0,0.0,71.48073438925807,0.0001,23.0,0.15364019923279337,400.0,0.9,0.0,0.0,1.0,1.0,1.0895723303293443,1.7236759168351332,,,,,,0.0,1
162.8,0.0008212995959515231,11.613341522956855,0.19338988279791305,24.79264705171957,87092.40237659206,97118.21525313886,6.504251546210607,297.8895617749648,138.73737022747054,1.8316051054704983,75.0,100.0,10.0,80.0,0.0,67.42797621412284,0.0001,23.0,75.23705773215309,400.0,0.9,0.0,0.0,1.0,1.0,1.086700715575918,1.724273574014399,,,,,,0.0,1
163.0,0.0008181658137471605,11.63579202708179,0.19348540241641093,24.806959287112203,87195.57436608721,97231.05807744653,6.496200702144665,297.81892964151,109.21323401862566,1.8322160415199873,75.0,100.0,10.0,80.0,0.0,65.184394534069,0.0001,23.0,0.0001,400.0,0.9,0.0,0.0,1.0,1.0,1.073762277424269,1.7248627144765705,,,,,,0.0,1
163.2,0.0007964781313643986,11.667338145771238,0.19349375552327067,24.820749906274074,87298.92101335975,97343.99955878283,6.491037500509115,297.92264111069596,152.61311429361777,1.8328141697577895,75.0,100.0,10.0,80.0,0.0,66.17073400823998,0.0001,23.0,80.59799886417264,400.0,0.9,0.0,0.0,1.0,1.0,1.0724870239135023,1.7254395133163802,,,,,,0.0,1
163.4,0.000813990765512501,11.660080619998174,0.19337799481882567,24.834998550154552,87402.8649620291,97457.5775409192,6.487583038581569,297.8518946252491,122.97120478397183,1.8334133595515785,75.0,100.0,10.0,80.0,0.0,69.20791907032319,0.0001,23.0,0.0001,400.0,0.9,0.0,0.0,1.0,1.0,1.0878142979406757,1.7260173450446883,,,,,,0.0,1
163.6,0.0008521220167307865,11.643302373885383,0.19323271146306098,24.85007954475821,87507.67376940849,97572.1123784518,6.487562384690437,297.9466927570528,162.73538581652443,1.8340297262396503,75.0,100.0,10.0,80.0,0.0,73.63481349947801,0.0001,23.0,76.77298788073327,400.0,0.9,0.0,0.0,1.0,1.0,1.1070801706690092,1.7266117509938859,,,,,,0.0,1
163.8,0.00086479757028479,11.653464616942383,0.19311768692879094,24.864895618131587,87613.36119506072,97687.53554900963,6.4895174737129215,297.8758909755632,132.99675420848138,1.8346596452310928,75.0,100.0,10.0,80.0,0.0,78.06418260420479,0.0001,23.0,0.0001,400.0,0.9,0.0,0.0,1.0,1.0,1.1222913113843673,1.727219236441375,,,,,,0.0,1
164.0,0.000863276123350093,11.673623434150317,0.19303376608584902,24.879443103595822,87719.75621539466,97803.63958354096,6.4938801208010375,297.9550314658157,166.2768026299118,1.8352897848669865,75.0,100.0,10.0,80.0,0.0,81.71362178396743,0.0001,23.0,69.76197228516438,400.0,0.9,0.0,0.0,1.0,1.0,1.1333417533787435,1.7278269448448986,,,,,,0.0,1
164.2,0.0008781065447642926,11.665402672423113,0.19289711098910658,24.894377828148173,87826.52604996771,97920.1480410681,6.49788641827268,297.89520035434106,141.08694775987396,1.8359233927780128,75.0,100.0,10.0,80.0,0.0,83.61099177250652,23.180494081899464,23.0,6.976197228516438,400.0,0.9,0.0,0.0,1.0,1.0,1.1514344650784092,1.7284380083181665,,,,,,0.0,1
164.4,0.000846570190373961,11.721542322898129,0.19296301932457932,24.908301177195092,87933.33097572581,98036.56189099232,6.502119921142016,297.99842596681253,184.59549370813326,1.8365397533436487,75.0,100.0,10.0,80.0,0.0,83.90970755074895,6.954148224569839,23.0,81.87487921920021,400.0,0.9,0.0,0.0,1.0,1.0,1.1424670027114912,1.7290324479927166,,,,,,0.0,1
164.6,0.0008212195520538398,11.765265861637797,0.19308261158884452,24.921511326904596,88039.84219018524,98152.58782435702,6.5035369718606715,297.93405582445075,157.43124390832313,1.837134067720633,75.0,100.0,10.0,80.0,0.0,82.50775865534564,39.08573115107858,23.0,8.187487921920022,400.0,0.9,0.0,0.0,1.0,1.0,1.1263289230733537,1.729605634768381,,,,,,0.0,1
164.8,0.0008829437061862699,11.717136423302888,0.19304020134976305,24.93649859764569,88145.93038589117,98268.36429084612,6.503622606521799,298.06760190652136,213.85614963859965,1.8377474889410843,75.0,100.0,10.0,80.0,0.0,80.5471764774084,11.725719345323574,23.0,97.39201208733166,400.0,0.9,0.0,0.0,1.0,1.0,1.1318358486427056,1.7301972586375627,,,,,,0.0,1
165.0,0.0008730342863229835,11.74083817017973,0.1930333735245958,24.950745267312218,88251.601041234,98383.6584437089,6.503287588646829,298.0024011777249,186.2745849337209,1.838367069279824,75.0,100.0,10.0,80.0,0.0,78.5475707124628,55.80898714430021,23.0,9.739201208733167,400.0,0.9,0.0,0.0,1.0,1.0,1.132585512050797,1.730794832552031,,,,,,0.0,1
165.2,0.0008575076208339083,11.764482610082403,0.19302548871548836,24.96447273529159,88356.92047091117,98498.52228068268,6.502005466057518,297.92382231923386,152.99345470868394,1.8389748053401749,75.0,100.0,10.0,80.0,0.0,76.67951063447278,34.84821158853976,23.0,0.9739201208733168,400.0,0.9,0.0,0.0,1.0,1.0,1.1334795444162609,1.7313809924308654,,,,,,0.0,1
165.4,0.0008709578377067502,11.759744715881203,0.1930104753184163,24.978988799763844,88461.95848435043,98613.14034735494,6.500207067358264,297.97256567890264,173.66429850868118,1.839580130490329,75.0,100.0,10.0,80.0,0.0,75.3277025041508,10.454463476561928,23.0,57.35722308995805,400.0,0.9,0.0,0.0,1.0,1.0,1.1353268652052846,1.731964836399183,,,,,,0.0,1
165.6,0.0008301490319828784,11.807044631897549,0.19304521600287075,24.9924667879387,88566.87187208378,98727.4941729362,6.498183458552184,297.9078481373707,146.188250187983,1.8401675507468094,75.0,100.0,10.0,80.0,0.0,74.69620004647281,25.003600972242424,23.0,5.735722308995805,400.0,0.9,0.0,0.0,1.0,1.0,1.1305295859742772,1.7325314198403574,,,,,,0.0,1
165.8,0.0008285236087353973,11.827690001612444,0.1930423008370839,25.005591609011297,88671.79658526156,98841.8196803466,6.495892482418432,297.99450581980176,183.02419050262367,1.8407414651129017,75.0,100.0,10.0,80.0,0.0,74.87578780426489,7.501080291672727,23.0,75.03507587487545,400.0,0.9,0.0,0.0,1.0,1.0,1.1307683518912943,1.733084985006729,,,,,,0.0,1
166.0,0.0008154897564556655,11.853512592700888,0.19301962912309292,25.018337367738365,88776.93670171348,98956.30498319722,6.494103411889611,297.92942888279026,155.33127010118085,1.8413028334216106,75.0,100.0,10.0,80.0,0.0,75.97481002071406,34.427667443276924,23.0,7.503507587487545,400.0,0.9,0.0,0.0,1.0,1.0,1.1336508395181257,1.7336264571238937,,,,,,0.0,1
166.2,0.0008406989590443463,11.85844510935958,0.19301722111659117,25.031582075985998,88882.41717303003,99071.17862660614,6.494966349770983,298.04525707676385,204.67341026608355,1.8418649507481863,75.0,100.0,10.0,80.0,0.0,77.78919487225308,10.328300232983077,23.0,89.7293925964369,400.0,0.9,0.0,0.0,1.0,1.0,1.1338249333039894,1.7341686598025283,,,,,,0.0,1
166.4,0.0008278451031013609,11.882613356017076,0.19302697095063825,25.04479471940279,88988.17066471351,99186.29582864486,6.492139543737238,297.9738423740934,174.2151403524239,1.8424235567594929,75.0,100.0,10.0,80.0,0.0,79.25020869196287,48.130687286090726,23.0,8.97293925964369,400.0,0.9,0.0,0.0,1.0,1.0,1.132375088531914,1.7347074835848895,,,,,,0.0,1
166.6,0.0008489839481761913,11.869073388435261,0.19290244671906268,25.05888126333285,89094.47236854037,99302.0235458573,6.487009258549644,297.89572370646124,140.85462917122035,1.8429860532620874,75.0,100.0,10.0,80.0,0.0,81.86613214734763,24.32104378863192,23.0,0.8972939259643691,400.0,0.9,0.0,0.0,1.0,1.0,1.1488673512772571,1.7352500681615448,,,,,,0.0,1
166.8,0.0008561674544331093,11.890313629581998,0.19286738269903214,25.073033179558884,89201.70204177404,99418.6871172852,6.48754707139847,297.93019549474235,155.59448094465014,1.8435532885726724,75.0,100.0,10.0,80.0,0.0,86.5362592039971,7.296313136589575,23.0,50.75822711842482,400.0,0.9,0.0,0.0,1.0,1.0,1.153403086247117,1.7357972320062969,,,,,,0.0,1
167.0,0.0008274498147954926,11.954865717619123,0.19300949799930234,25.08638808113986,89309.82069475282,99536.15400074085,6.489774090649483,297.85922450566136,125.21446679411211,1.844108467199837,75.0,100.0,10.0,80.0,0.0,90.96455582988327,2.188893940976872,23.0,0.0001,400.0,0.9,0.0,0.0,1.0,1.0,1.134267505156899,1.7363327737737937,,,,,,0.0,1
167.2,0.0008516174127507739,11.97548356847722,0.19311182039370664,25.100148304566872,89418.64065866872,99654.36601893026,6.492744420730046,297.9161883090968,149.6261199422496,1.8446627404762732,75.0,100.0,10.0,80.0,0.0,94.51192820881249,0.6566681822930617,23.0,60.25323660327957,400.0,0.9,0.0,0.0,1.0,1.0,1.1204448850913655,1.7368674500919632,,,,,,0.0,1
167.4,0.000845950641595231,11.997616836828819,0.19309105570865845,25.113634328264432,89527.92781024758,99773.01110499693,6.495281052013464,297.84606765820564,119.53533345863103,1.845216536135701,75.0,100.0,10.0,80.0,0.0,96.87045116638274,0.1970004546879185,23.0,0.0001,400.0,0.9,0.0,0.0,1.0,1.0,1.1230750600764232,1.7374016735422118,,,,,,0.0,1
167.6,0.0008391193067542427,12.02743541102911,0.19314424774995734,25.127047415177923,89637.46812785827,99891.88062121414,6.498415307033177,297.9156212938978,149.41799079789118,1.8457632775272872,75.0,100.0,10.0,80.0,0.0,98.21495993425673,0.05910013640637554,23.0,66.26061493977343,400.0,0.9,0.0,0.0,1.0,1.0,1.1158202034724716,1.737929099745731,,,,,,0.0,1
167.8,0.0008429551631028554,12.039395108002322,0.19316595465138875,25.140625577957206,89747.02163111648,100010.7661418358,6.501372300461604,297.84559768568414,119.29510421189386,1.8463082259659038,75.0,100.0,10.0,80.0,0.0,98.2984598643841,0.017730040921912663,23.0,0.0001,400.0,0.9,0.0,0.0,1.0,1.0,1.1127746084702097,1.7384548039601748,,,,,,0.0,1
168.0,0.0008448513189623749,12.035185788103643,0.1930820190638288,25.15452660313728,89856.33390015233,100129.40965771195,6.504025879143133,297.92115377864616,151.8387762742469,1.846852886119724,75.0,100.0,10.0,80.0,0.0,97.19791275595371,0.005319012276573799,23.0,69.29368429123164,400.0,0.9,0.0,0.0,1.0,1.0,1.123852745405031,1.738980237674622,1589.40650792154,77.42737928987603,1068.2953927156145,24.879443103595822,22.457748355492566,0.0,1
168.2,0.0008385640349658168,12.06417953123173,0.19319585329799274,25.168411539905794,89965.21147853715,100247.58083329126,6.506951476423773,297.85115139166123,121.65315491845018,1.8473926030786794,75.0,100.0,10.0,80.0,0.0,95.03297528582772,0.0015957036829721397,23.0,0.0001,400.0,0.9,0.0,0.0,1.0,1.0,1.1084914753531687,1.7395009101877208,,,,,,0.0,1
168.4,0.0008327322755324879,12.073484355221579,0.1932134314098217,25.182322713531516,90073.40245008704,100365.03663552807,6.510159377769498,297.9271824335158,154.47843372255355,1.847925357165478,75.0,100.0,10.0,80.0,0.0,91.69217007101432,0.0004787111048916419,23.0,69.66105670741811,400.0,0.9,0.0,0.0,1.0,1.0,1.1060006958725301,1.7400148728419282,,,,,,0.0,1
168.6,0.0009109731348298666,11.997618792398825,0.19304990864001115,25.198673850531247,90180.66368461253,100481.76862866305,6.510014216509649,297.85717459373205,124.21879788966781,1.8484833090959787,75.0,100.0,10.0,80.0,0.0,87.06399673901555,0.00014361333146749257,23.0,0.0001,400.0,0.9,0.0,0.0,1.0,1.0,1.1277163531816108,1.7405531523535909,,,,,,0.0,1
168.8,0.0008975440924101656,12.005239440374272,0.19298120471700997,25.21478563938876,90287.00106732443,100597.5218880387,6.507226827223746,297.93068195782473,156.02542464165333,1.849048437827587,75.0,100.0,10.0,80.0,0.0,82.50601659808167,0.0001,23.0,68.575337265676,400.0,0.9,0.0,0.0,1.0,1.0,1.136750668684892,1.7410983637579767,,,,,,0.0,1
169.0,0.0009040511175212354,11.990256705590777,0.19288819630452061,25.231450702168523,90392.64277843684,100712.59551136597,6.500945041918169,297.8607387509424,125.72060521536677,1.8496137403151998,75.0,100.0,10.0,80.0,0.0,79.0645303256314,0.0001,23.0,0.0001,400.0,0.9,0.0,0.0,1.0,1.0,1.1490310850066772,1.7416437509836522,,,,,,0.0,1
169.2,0.0009646486811347668,11.95351019868941,0.1927870028573708,25.249477498768403,90498.08501643888,100827.6140962699,6.494713938145122,297.9310170467891,156.20410725659576,1.8502017725419888,75.0,100.0,10.0,80.0,0.0,78.14682047124668,0.0001,23.0,67.21215289938723,400.0,0.9,0.0,0.0,1.0,1.0,1.1623962162656554,1.7422110758848242,,,,,,0.0,1
169.4,0.0009992209803791714,11.940896003398908,0.19268428258528128,25.26822304851761,90603.83683695809,100943.01515824522,6.487699195008065,297.8610738009347,125.8306970182883,1.8508120327274487,75.0,100.0,10.0,80.0,0.0,79.71803416425604,0.0001,23.0,0.0001,400.0,0.9,0.0,0.0,1.0,1.0,1.1759561980798214,1.7427998553672774,,,,,,0.0,1
169.6,0.00099275042888967,11.982792701746233,0.1927213781555742,25.28641279992145,90710.45118576426,101059.2408390224,6.48123713752504,297.92924277705896,155.46948225675115,1.8514251798437567,75.0,100.0,10.0,80.0,0.0,84.10660837644005,0.0001,23.0,66.3378875310573,400.0,0.9,0.0,0.0,1.0,1.0,1.1708410374205596,1.7433914297761801,,,,,,0.0,1
169.8,0.0009956795760862947,12.005358694317762,0.19262653810517594,25.304104665133252,90818.45861675567,101176.84940076574,6.475042671215648,297.8593915576454,125.06265191515455,1.8520364908648168,75.0,100.0,10.0,80.0,0.0,91.08358261185793,0.0001,23.0,0.0001,400.0,0.9,0.0,0.0,1.0,1.0,1.1833465310619333,1.7439812422833127,,,,,,0.0,1
170.0,0.000966470426599496,12.064130702849937,0.1925875284133441,25.320373133955545,90928.34384952181,101296.2502821912,6.471682779255589,297.92689637760077,154.48134628454085,1.852637805918083,75.0,100.0,10.0,80.0,0.0,100.54671051974056,0.0001,23.0,66.11939832605768,400.0,0.9,0.0,0.0,1.0,1.0,1.1883978198371543,1.7445614197049244,,,,,,0.0,1
170.2,0.000977911574504886,12.107088315963809,0.19260751903517023,25.336207090928568,91040.3852568388,101417.82728111472,6.471779708076512,297.857118686078,124.03338331599672,1.8532378276929882,75.0,100.0,10.0,80.0,0.0,111.34933825472112,0.0001,23.0,0.0001,400.0,0.9,0.0,0.0,1.0,1.0,1.1855713494062345,1.7451403585484953,,,,,,0.0,1
170.4,0.000980939605119567,11.172648020698949,0.19089718967863073,25.365144311267564,90407.25484654316,100691.51523484245,6.500995848626556,297.9301783458144,155.81041594628874,1.844911817846674,75.0,100.0,10.0,80.0,0.0,122.11080540096111,0.0001,23.0,66.38587523006575,150.0,0.9,-4000.0,0.0,1.0,1.0,1.4156090103817414,1.7371077236141181,,,,,,0.0,1
170.6,0.0009886748674568873,11.16297148759536,0.19070126473898652,25.394400305055544,89773.98228920694,99965.01282160179,6.530447801143975,297.8648926490364,127.60553235435314,1.8320156498641589,75.0,100.0,10.0,80.0,0.0,121.06517402743327,0.0001,23.0,0.0001,150.0,0.9,-4000.0,0.0,1.0,1.0,1.4449764629531834,1.7246694708850432,,,,,,0.0,1
170.8,0.0009829170766051834,11.151712144007886,0.19093506435643104,25.42406103944979,89138.22726925225,99235.92641983737,6.555462872311893,297.936399304276,158.26524598322254,1.8186633221203574,75.0,100.0,10.0,80.0,0.0,108.29267098714116,0.0001,23.0,64.87219416021642,150.0,0.9,-4000.0,0.0,1.0,1.0,1.4173599069268898,1.7117957439886329,,,,,,0.0,1
171.0,0.0010217243106582948,10.902697605863803,0.19056759077870097,25.457317721279654,88491.7164154643,98496.10303626157,6.557479333834668,297.8819479436488,135.08433295381008,1.805294445561227,75.0,100.0,10.0,80.0,0.0,54.14633549357058,0.0001,23.0,0.0001,150.0,0.9,-4000.0,0.0,1.0,1.0,1.4696174386660357,1.6989106339559243,,,,,,0.0,1
171.2,0.0010536340803702752,10.792184569239422,0.19051110209710143,25.49269888360067,87839.86005413103,97750.92781588661,6.545802879746766,297.9576158608502,167.06219643170567,1.791938053955209,75.0,100.0,10.0,80.0,0.0009164645846683993,27.07316774678529,0.0001,23.0,57.82258326829347,150.0,0.9,-4000.0,0.0,1.0,1.0,1.4805542873625843,1.6860421236699608,,,,,,0.0,1
171.4,0.0010978805086864273,10.684949827036986,0.1903964783708576,25.529792874157145,87184.29278745638,97002.06509956127,6.523425578325704,297.9266338924354,154.05892446559685,1.7786007819787815,75.0,100.0,10.0,80.0,0.0,8.185406535191156,22.086964526007588,23.0,5.782258326829347,150.0,0.9,-4000.0,0.0,1.0,1.0,1.499192240171206,1.6731965869132515,,,,,,0.0,1
171.6,0.00112785634563824,10.638817593762376,0.1904783542145296,25.568060563064176,86527.15893753553,96251.63510217408,6.498176210951639,298.0272616855188,195.94376981730514,1.765282431217393,75.0,100.0,10.0,80.0,0.0,0.0,6.626089357802276,23.0,64.97175586370315,150.0,0.9,-4000.0,0.0,1.0,1.0,1.4917573711963281,1.6603738107907238,,,,,,0.0,1
171.8,0.0011647810236426208,10.620957586891116,0.1906050427320034,25.606918252013315,85870.137231832,95501.32128416291,6.47418072677442,298.00337826003476,186.07902613795028,1.7519805522010605,75.0,100.0,10.0,80.0,0.0,0.19284454203921414,38.823813701010444,23.0,6.497175586370315,150.0,0.9,-4000.0,0.0,1.0,1.0,1.4783751172220716,1.6475714165804531,,,,,,0.0,1
172.0,0.0011808749706829433,10.66392136856167,0.1908732860770369,25.645347793413446,85215.16930590534,94753.01841962896,6.455639659490247,297.9644200222292,170.10557922619014,1.7386876103634201,75.0,100.0,10.0,80.0,0.0,10.000030664345786,30.85163666784951,23.0,0.6497175586370316,150.0,0.9,-4000.0,0.0,1.0,1.0,1.446207780084737,1.6347821373695306,,,,,,0.0,1
172.2,0.0011797846143301793,10.732225180308113,0.19108595139991744,25.682459093601985,84563.74571953154,94008.16757311752,6.445710700707194,297.9179490391678,151.1959786247102,1.7253949712777956,75.0,100.0,10.0,80.0,0.0,27.231425914147557,17.716855067365465,23.0,0.06497175586370317,150.0,0.9,-4000.0,0.0,1.0,1.0,1.421408369516825,1.6219976588689329,,,,,,0.0,1
172.4,0.0011424287080176987,10.840526221192821,0.19130453999680064,25.717500092272203,84613.76168037158,94067.50113845749,6.421449747659655,297.9510223621353,164.61565138335337,1.721322843401753,75.0,100.0,10.0,80.0,0.0,48.43483059455329,5.315056520209639,23.0,38.328782700832996,150.0,0.9,0.0,0.0,1.0,1.0,1.3934336458598078,1.6180821051838747,,,,,,0.0,1
172.6,0.0010890343756494887,11.02974208070185,0.19171325654338914,25.748802904025776,84669.98137504862,94132.8844113158,6.410666768924819,297.8970181420031,142.68864857645116,1.7215382870194624,75.0,100.0,10.0,80.0,0.0,79.44380321916982,13.996974285744232,23.0,3.8328782700832997,150.0,0.9,0.0,0.0,1.0,1.0,1.3390622693517404,1.6182892543521532,,,,,,0.0,1
172.8,0.0010870154344408609,11.169851344897229,0.19197908256680557,25.7781525685179,84733.23849884055,94205.31476941392,6.410433621959171,297.96140568278497,168.85067634140907,1.7221152399043234,75.0,100.0,10.0,80.0,0.0,114.68692373397951,4.199092285723269,23.0,59.06294266664925,150.0,0.9,0.0,0.0,1.0,1.0,1.3035556960483607,1.618844000728598,,,,,,0.0,1
173.0,0.0010685831741943284,11.329222783502862,0.19227031097514763,25.804761565536168,84803.55931255521,94284.75768548835,6.414749723754449,297.9052452957302,146.01442307057613,1.722719587478834,75.0,100.0,10.0,80.0,0.0,150.03210039450363,22.9560058315747,23.0,5.906294266664926,150.0,0.9,0.0,0.0,1.0,1.0,1.2646353270188893,1.619425096496508,,,,,,0.0,1
173.2,0.0010380700988958862,11.494153013264922,0.192575498840611,25.828369261314485,84880.58825790694,94370.83023860214,6.423155349386846,298.0038517246135,186.14791996802325,1.723315438550065,75.0,100.0,10.0,80.0,0.0,183.66524805019566,6.88680174947241,23.0,74.85194799743401,150.0,0.9,0.0,0.0,1.0,1.0,1.223827746849678,1.6199980317773996,,,,,,0.0,1
173.4,0.0010396450060825577,11.614404275848283,0.19278337471206253,25.850162430254134,84963.65808913755,94462.93800922619,6.437948276666181,297.9461316746067,162.63303174111766,1.723906557098308,75.0,100.0,10.0,80.0,0.0,213.92844564474788,37.77392120701411,23.0,7.485194799743401,150.0,0.9,0.0,0.0,1.0,1.0,1.1959651859260685,1.6205664254909395,,,,,,0.0,1
173.6,0.0010359309442556797,11.672079612154384,0.19289529541258016,25.870889638394317,85048.9124980116,94557.19759495596,6.454135977039002,298.07649621152507,215.79788578563753,1.7244940040438073,75.0,100.0,10.0,80.0,0.0,225.0,11.332176362104233,23.0,90.51520850855202,150.0,0.9,0.0,0.0,1.0,1.0,1.1808872269817803,1.6211312975816083,,,,,,0.0,1
173.8,0.001062268690199771,11.638788650595464,0.19272514028532237,25.892047880432248,85134.152289276,94651.49655904848,6.474314193928388,298.01529673857067,190.81470712847903,1.7250877036278744,75.0,100.0,10.0,80.0,0.0,225.0,54.72077977174243,23.0,9.051520850855203,150.0,0.9,0.0,0.0,1.0,1.0,1.2034200598634395,1.621702190973018,,,,,,0.0,1
174.0,0.001084532253854354,11.634442071720368,0.19272808450075915,25.91364441057609,85219.4111800699,94745.85621720039,6.49659627024945,297.9401136106651,160.0948098920394,1.7256912478344575,75.0,100.0,10.0,80.0,0.0,225.0,35.497835507776955,23.0,0.9051520850855204,150.0,0.9,0.0,0.0,1.0,1.0,1.202869775055986,1.6222825600343536,,,,,,0.0,1
174.2,0.0010815010638835251,11.646512683746883,0.19271841088933975,25.93481627541743,85304.66213492992,94840.17073555452,6.518927949019393,297.99070647654594,180.79172400873452,1.7262945957122935,75.0,100.0,10.0,80.0,0.0,225.0,10.649350652333085,23.0,54.730183507830844,150.0,0.9,0.0,0.0,1.0,1.0,1.2040016390980288,1.6228627495928167,,,,,,0.0,1
174.4,0.001074846609716279,11.627408502159387,0.19269113062816687,25.956159390158636,85388.28665198988,94932.83253422362,6.53903526024311,297.926282138339,154.41155374803967,1.7268931156824348,75.0,100.0,10.0,80.0,0.0,216.85209202096462,26.422023240457207,23.0,5.473018350783085,150.0,0.9,0.0,0.0,1.0,1.0,1.207481809662984,1.6234383057280148,,,,,,0.0,1
174.6,0.0010702699580135524,11.564698649469833,0.1925542084963968,25.978681529152798,85468.6492151309,95022.2163106597,6.554110341761546,298.017789372836,191.91592478283204,1.7274850960500092,75.0,100.0,10.0,80.0,0.0,200.6414553185552,7.9266069721371615,23.0,73.14111350495446,150.0,0.9,0.0,0.0,1.0,1.0,1.225576081956197,1.6240075821589992,,,,,,0.0,1
174.8,0.0010475991586353314,11.178451704920013,0.19185792262125853,26.006793161726456,85528.94112568659,95091.47260472336,6.543396461673174,297.95216465778685,164.9982574621186,1.728066021385127,75.0,100.0,10.0,80.0,0.0,100.3207276592776,37.21536559786199,23.0,7.3141113504954465,150.0,0.9,0.0,0.0,1.0,1.0,1.318128530731647,1.6245662362366449,,,,,,0.0,1
175.0,0.001060120229025122,11.106710443466499,0.19166076139526925,26.036155612029486,85585.67949525396,95157.19814287593,6.527121632300984,297.8844918072118,137.2206651881203,1.7286452357876765,75.0,100.0,10.0,80.0,0.0,82.43768397866765,14.555636128535497,23.0,0.7314111350495447,150.0,0.9,0.0,0.0,1.0,1.0,1.3441989106652872,1.625123253545786,,,,,,0.0,1
175.2,0.0011038615344690493,11.036933313328111,0.19150255275765485,26.06666988313795,85640.13503447431,95220.72853124572,6.505627259150691,297.9139789003276,149.3321750697498,1.729240254631479,75.0,100.0,10.0,80.0,0.0,71.02245950407685,4.366690838560649,23.0,41.552951096401756,150.0,0.9,0.0,0.0,1.0,1.0,1.365075787577937,1.6256954785385296,,,,,,0.0,1
175.4,0.0010782503216797792,11.04961742888048,0.19150841491211273,26.09660272429275,85694.03714640475,95283.63763425664,6.4840085971926,297.85258770679815,124.09950056470196,1.729835851122229,75.0,100.0,10.0,80.0,0.0,68.23262949615474,1.3100072515681946,23.0,0.0001,150.0,0.9,0.0,0.0,1.0,1.0,1.3641423963534054,1.626268268095289,,,,,,0.0,1
175.6,0.0011035728016207894,11.039485323112405,0.19137792729640543,26.126607344249383,85749.10317686967,95347.77413680365,6.462150289400689,297.91571528165326,150.06295014528325,1.7304380799040506,75.0,100.0,10.0,80.0,0.0,74.10102085933622,0.3930021754704584,23.0,56.58159722972424,150.0,0.9,0.0,0.0,1.0,1.0,1.3813267825225986,1.626847445177262,,,,,,0.0,1
175.8,0.0010835778752719132,11.112591019090425,0.19141387615053954,26.154778335275562,85807.09499603616,95414.7666073915,6.445304336448239,297.8500156091178,123.02480655777026,1.7310379387235688,75.0,100.0,10.0,80.0,0.0,88.73919210832157,0.11790065264113751,23.0,0.0001,150.0,0.9,0.0,0.0,1.0,1.0,1.3763948833727035,1.6274243522111014,,,,,,0.0,1
176.0,0.001086642575331786,11.194095760759854,0.1915382771059006,26.182063362823172,85869.3514707592,95486.04221475768,6.437050368964569,297.9280525954455,155.1651918025565,1.7316330414386956,75.0,100.0,10.0,80.0,0.0,110.11770011205667,0.035370195792341255,23.0,65.60657430349698,150.0,0.9,0.0,0.0,1.0,1.0,1.3597076546344329,1.6279966941900774,,,,,,0.0,1
176.2,0.0011076743511083675,11.302128858358916,0.1918729311202949,26.208189255909378,85936.53803702671,95562.29183768215,6.43302237814002,297.86192388475683,127.90995896775732,1.7322332861113698,75.0,100.0,10.0,80.0,0.0,134.79476863079213,0.010611058737702376,23.0,0.0001,150.0,0.9,0.0,0.0,1.0,1.0,1.315049567473676,1.628573990616621,,,,,,0.0,1
176.4,0.001073973980496399,11.430606423275034,0.19209256042676082,26.232060269854706,86008.97381074738,95643.71380070213,6.4354087802916915,297.9426524581949,161.2119031228985,1.7328257658104003,75.0,100.0,10.0,80.0,0.0,161.10110743458458,0.0031833176213107127,23.0,66.973693895883,150.0,0.9,0.0,0.0,1.0,1.0,1.2856684348556207,1.6291438279510888,,,,,,0.0,1
176.6,0.001052684859631243,11.553215232695784,0.1923414231662455,26.254040062870963,86086.47241987268,95730.15455758836,6.450001372729014,297.87653252752057,133.91171486878872,1.7334040378762685,75.0,100.0,10.0,80.0,0.0,186.44274847619897,0.0009549952863932138,23.0,0.0001,150.0,0.9,0.0,0.0,1.0,1.0,1.2523805671051529,1.629700009252153,,,,,,0.0,1
176.8,0.0010469335955542115,11.641309732885764,0.19253221678813798,26.27466844561521,86167.85114347195,95820.45683102345,6.47139073441782,297.9519793175205,165.09165243393983,1.7339758647694021,75.0,100.0,10.0,80.0,0.0,205.91156389525952,0.0002864985859179641,23.0,64.71257205299706,150.0,0.9,0.0,0.0,1.0,1.0,1.2268119429254196,1.6302499999849458,,,,,,0.0,1
177.0,0.0010205052829932405,11.695705862846209,0.1925486597290681,26.293977540499423,86251.40467130856,95912.85585682411,6.496219740383869,297.8916087001208,140.11769712727974,1.7345357736603024,75.0,100.0,10.0,80.0,0.0,216.8166510318402,21.89529831064547,23.0,6.471257205299707,150.0,0.9,0.0,0.0,1.0,1.0,1.2244744537033123,1.630788535908629,,,,,,0.0,1
177.2,0.0010133206136656915,11.713011218224532,0.19260016862480978,26.313119050855573,86335.12330789129,96005.39654571269,6.518018481035247,297.9983049780947,184.30004774461582,1.7350868920971942,75.0,100.0,10.0,80.0,0.0,217.77027276652632,6.568589493193641,23.0,80.54644100638555,150.0,0.9,0.0,0.0,1.0,1.0,1.2174654700398742,1.6313186247415148,,,,,,0.0,1
177.4,0.0010344942799682532,11.6626596146334,0.1924586197134225,26.33317455550435,86417.27927429591,96096.41123382631,6.538945749468484,297.9340127060761,157.65222090841823,1.7356404413221183,75.0,100.0,10.0,80.0,0.0,209.99728462554654,39.76691127922528,23.0,8.054644100638555,150.0,0.9,0.0,0.0,1.0,1.0,1.2361843915825346,1.6318510594100526,,,,,,0.0,1
177.6,0.0009966203827641567,11.62058748154822,0.19225235916224379,26.35300168174891,86496.16949789737,96184.04537939417,6.5516420242161715,298.0775993076864,217.21989072931223,1.7361823761490878,75.0,100.0,10.0,80.0,0.0,193.81816695907534,11.930073383767585,23.0,98.92612116307852,150.0,0.9,0.0,0.0,1.0,1.0,1.2635184351257989,1.6323723302744164,,,,,,0.0,1
177.8,0.0010279475882050734,11.213277002677293,0.19152721314197677,26.379296273802918,86555.66141001756,96252.35433232515,6.53368901418322,298.0072089998016,187.99492573519467,1.7367281669062968,75.0,100.0,10.0,80.0,0.0,96.90908347953767,59.47511945731733,23.0,9.892612116307852,150.0,0.9,0.0,0.0,1.0,1.0,1.359858248258676,1.6328973176172292,,,,,,0.0,1
178.0,0.0010579436520235385,11.14969081062066,0.19134587133518888,26.40668112742543,86612.38702999099,96317.95189806445,6.516069969604425,297.9278786855718,155.03466918838964,1.737289407796381,75.0,100.0,10.0,80.0,0.0,82.93867047019859,37.02353776322638,23.0,0.9892612116307853,150.0,0.9,0.0,0.0,1.0,1.0,1.3838132584319789,1.633437174121711,,,,,,0.0,1
178.2,0.001034575044548196,11.149489099864182,0.19137626760487053,26.43398400175445,86667.70798731175,96382.09944854962,6.497018274505051,297.98319483206046,178.03258231673138,1.7378503330161612,75.0,100.0,10.0,80.0,0.0,75.94002741521066,11.107061328967914,23.0,57.649317946617764,150.0,0.9,0.0,0.0,1.0,1.0,1.379629180909391,1.6339767350151666,,,,,,0.0,1
178.4,0.0010492818832978236,11.157753226230732,0.1914470510421993,26.46121733028636,86723.16085669243,96446.40746696368,6.4807924877693255,297.9202119305913,151.82936104719184,1.738413396315499,75.0,100.0,10.0,80.0,0.0,76.59239431355925,28.08155993322754,23.0,5.764931794661777,150.0,0.9,0.0,0.0,1.0,1.0,1.370076732444934,1.6345183606292404,,,,,,0.0,1
178.6,0.0010431618474532663,11.186386277443237,0.19143271114401275,26.487688603493414,86780.02318599085,96512.09983927046,6.468222134738377,298.0171153855556,192.17175181757054,1.73897550924315,75.0,100.0,10.0,80.0,0.0,83.74124837224961,8.424467979968261,23.0,76.76308087789647,150.0,0.9,0.0,0.0,1.0,1.0,1.3718370190720623,1.6350590801259874,,,,,,0.0,1
178.8,0.0010378357346811204,11.249852500022728,0.19152781948570144,26.512775367594102,86839.31879062424,96580.18685820067,6.460424508958944,297.95250754373933,165.25644282455576,1.7395328838807715,75.0,100.0,10.0,80.0,0.0,95.93033056692772,39.336479100850404,23.0,7.676308087789647,150.0,0.9,0.0,0.0,1.0,1.0,1.3590509248265463,1.6355952496293191,,,,,,0.0,1
179.0,0.001020383443219236,11.323521537030057,0.19165127651439495,26.536645472874632,86901.69833894778,96651.3097616146,6.4638401708908875,297.8810579722444,135.47156095333514,1.740081343346202,75.0,100.0,10.0,80.0,0.0,111.24360965515139,16.961824720340225,23.0,0.7676308087789647,150.0,0.9,0.0,0.0,1.0,1.0,1.3424942613173565,1.6361228508747434,,,,,,0.0,1
179.2,0.0010219627942031015,11.380276744507965,0.19170356053850118,26.559234254860588,86966.86287393884,96725.19466335373,6.4742084189057545,297.912972979388,148.786755710628,1.7406256233388515,75.0,100.0,10.0,80.0,0.0,125.16508598311981,5.088547416102068,23.0,46.03314126588314,150.0,0.9,0.0,0.0,1.0,1.0,1.3353999324411194,1.6366464391848061,,,,,,0.0,1
179.4,0.001022720437103561,11.404754849106515,0.19163824421125736,26.581193390023532,87033.9891011782,96801.03777899462,6.48904156323605,297.8467077231921,121.11767358009386,1.7411692814379764,75.0,100.0,10.0,80.0,0.0,134.94012949772846,1.5265642248306202,23.0,0.0001,150.0,0.9,0.0,0.0,1.0,1.0,1.34394509510936,1.6371694367915397,,,,,,0.0,1
179.6,0.0010340118044358062,11.413380123229162,0.19161429100766808,26.60309205154024,87101.86585764556,96877.64437503289,6.504804989002513,297.9108090538327,147.90515707207825,1.741714992954489,75.0,100.0,10.0,80.0,0.0,138.77149652455034,0.45796926744918603,23.0,60.043348231080245,150.0,0.9,0.0,0.0,1.0,1.0,1.3469886987577455,1.6376944173667403,,,,,,0.0,1
179.8,0.0010169956392017258,11.414513717957094,0.1915789465156107,26.62480881945793,87169.24696974896,96953.71159441202,6.520907628433454,297.845097692419,120.42751421673375,1.7422553220248045,75.0,100.0,10.0,80.0,0.0,136.28889896082794,0.13739078023475582,23.0,0.0001,150.0,0.9,0.0,0.0,1.0,1.0,1.351548144607811,1.6382142274574907,,,,,,0.0,1
180.0,0.0010461322917153359,11.362378190519134,0.19149048066616395,26.64767370716871,87234.82721860128,97028.04574036559,6.5336768130477205,297.92391613236765,153.4136714053448,1.742801750172348,75.0,100.0,10.0,80.0,0.0,127.34606457006404,0.041217234070426746,23.0,66.85659338067906,150.0,0.9,0.0,0.0,1.0,1.0,1.3631675472174694,1.6387399125918112,1631.9776016957273,70.88825340246309,1157.6102547225246,26.182063362823172,21.63440328657258,0.0,1
180.2,0.0010011815982470397,11.33721274460077,0.1913696337471336,26.67018762642848,87297.59330496743,97099.44170133559,6.547585682206926,297.8582294616373,125.90264831511051,1.7433372512858194,75.0,100.0,10.0,80.0,0.0,113.29035792475321,0.012365170221128024,23.0,0.0001,150.0,0.9,0.0,0.0,1.0,1.0,1.3790906441061945,1.639255092888504,,,,,,0.0,1
180.4,0.0009957427304892223,11.266743277143714,0.19121263559582977,26.693620130945728,87356.41487209027,97166.86901592869,6.554022146279758,297.93875323276495,159.6512184564391,1.7438622477952876,75.0,100.0,10.0,80.0,0.0,93.6372635190074,0.003709551066338407,23.0,67.77708404903541,150.0,0.9,0.0,0.0,1.0,1.0,1.3998143058120338,1.6397601743081822,,,,,,0.0,1
180.6,0.0009709566713227964,11.097434534327776,0.19087893626905317,26.71939305676059,87405.86916789129,97224.87043951642,6.53618387500042,297.87583708682564,133.2655417079202,1.7443769196880452,75.0,100.0,10.0,80.0,0.0,46.8186317595037,0.0011128653199015221,23.0,0.0001,150.0,0.9,0.0,0.0,1.0,1.0,1.443991048067386,1.6402553295919442,,,,,,0.0,1
180.8,0.000989636972314701,11.017433934136596,0.19064768312971678,26.746399452417663,87452.31146321443,97279.91751009367,6.509676372427634,297.9544714939973,166.26198750670616,1.7448961162353325,75.0,100.0,10.0,80.0,0.0,31.82636499703382,0.0003338595959704566,23.0,63.83948206390358,150.0,0.9,0.0,0.0,1.0,1.0,1.4745421282553037,1.6407548448041718,,,,,,0.0,1
181.0,0.001021795112207045,10.964980076114138,0.1904304512415442,26.774235886114496,87497.8687490077,97334.15858218183,6.482111662975165,297.9017618465667,144.13227111866334,1.7454307133501077,75.0,100.0,10.0,80.0,0.0,27.42313689507944,22.94496618432106,23.0,6.383948206390358,150.0,0.9,0.0,0.0,1.0,1.0,1.5032129169232515,1.6412691839804356,,,,,,0.0,1
181.2,0.0010423579174933958,10.974349612360859,0.19039106365964983,26.80212814247226,87544.73521901075,97389.7658161778,6.460428496926157,298.0092347577631,189.27674997269756,1.7459787240786484,75.0,100.0,10.0,80.0,0.0,34.05608239738403,6.883489855296318,23.0,78.06409289305577,150.0,0.9,0.0,0.0,1.0,1.0,1.508293868981731,1.6417964360495738,,,,,,0.0,1
181.4,0.0010149760239128983,11.045089853355227,0.19043869510305614,26.82847790493859,87594.65172528845,97448.36076157463,6.449669775147332,297.94619846850424,162.78150124053693,1.746523194341878,75.0,100.0,10.0,80.0,0.0,49.36530383519248,40.6730358200345,23.0,7.806409289305577,150.0,0.9,0.0,0.0,1.0,1.0,1.5018391966399216,1.6423202893586262,,,,,,0.0,1
181.6,0.001031438366413771,11.121144786936773,0.19061166935978632,26.853837356496776,87648.46207183153,97510.89095219577,6.449864817014245,298.0828939309998,220.27185650560625,1.7470690056382634,75.0,100.0,10.0,80.0,0.0,68.97326984264245,12.20191074601035,23.0,97.21245669595322,150.0,0.9,0.0,0.0,1.0,1.0,1.4787600454449392,1.642845440517019,,,,,,0.0,1
181.8,0.0009952211377482758,11.241578621195021,0.19096817219140164,26.87750880515298,87706.16581559615,97577.23881890949,6.463804935547442,298.01135439353976,190.1650138135001,1.7476055760312,75.0,100.0,10.0,80.0,0.0,88.50203343386833,57.81706004532156,23.0,9.721245669595323,150.0,0.9,0.0,0.0,1.0,1.0,1.4313125319974909,1.6433617079734435,,,,,,0.0,1
182.0,0.0010310051953519499,11.274500390779906,0.19106878202662014,26.900987871488116,87766.68296372124,97646.47565574605,6.482925829140124,297.9306012948266,156.1568169742449,1.748148184116972,75.0,100.0,10.0,80.0,0.0,102.42867727694221,35.21922606539237,23.0,0.9721245669595323,150.0,0.9,0.0,0.0,1.0,1.0,1.4178133406060534,1.6438837921410763,,,,,,0.0,1
182.2,0.0010142385460971091,11.312234603269996,0.1911357011441234,26.923729481578558,87828.45578719399,97716.93520681525,6.503973689650337,297.9786287552636,176.39626322415413,1.748691683746396,75.0,100.0,10.0,80.0,0.0,108.7112082942668,10.56576781961771,23.0,55.44001234901702,150.0,0.9,0.0,0.0,1.0,1.0,1.4087853736459601,1.6444067416653034,,,,,,0.0,1
182.4,0.0010228303070622586,11.297610519510993,0.19109904499395122,26.94697902647839,87889.80047383705,97786.98051259574,6.522056525237815,297.9124671188418,148.491385807965,1.7492328901639844,75.0,100.0,10.0,80.0,0.0,106.558569268282,25.13843846673813,23.0,5.544001234901702,150.0,0.9,0.0,0.0,1.0,1.0,1.413514102759617,1.6449274921795336,,,,,,0.0,1
182.6,0.0010200541761927297,11.265978312928553,0.19101599548294293,26.97066740590318,87949.24678790965,97855.1104999224,6.5368998106568466,298.0024766600954,186.47932404473946,1.7497707577323078,75.0,100.0,10.0,80.0,0.0,97.16508954928356,7.541531540021438,23.0,74.5003707341886,150.0,0.9,0.0,0.0,1.0,1.0,1.4244039959696368,1.6454450374516478,,,,,,0.0,1
182.8,0.0010165061510696476,11.22120436105698,0.1909805115024053,26.99508573017095,88005.6198278819,97920.14892247185,6.541936247878457,297.9372087621779,158.91525505611116,1.7503058916564846,75.0,100.0,10.0,80.0,0.0,81.81527727381885,35.80855250224691,23.0,7.450037073418861,150.0,0.9,0.0,0.0,1.0,1.0,1.4289773922025215,1.645959959695269,,,,,,0.0,1
183.0,0.0009717786679197917,11.194323489476753,0.1909288616014761,27.019276943687053,88058.49824436933,97981.56982276727,6.539568122997473,298.0590139816313,210.38860746264177,1.7508252077206656,75.0,100.0,10.0,80.0,0.0,64.46576987434325,10.742565750674073,23.0,90.44955475533048,150.0,0.9,0.0,0.0,1.0,1.0,1.4357007088699698,1.6464596685004083,,,,,,0.0,1
183.2,0.0009486179975049067,11.15624430101295,0.1908604541483493,27.043373209088116,88108.08656867534,98039.6237804035,6.526888643055852,297.9912777235966,181.74720342808044,1.7513307462256469,75.0,100.0,10.0,80.0,0.0,48.05969827692671,50.900204278165816,23.0,9.04495547553305,150.0,0.9,0.0,0.0,1.0,1.0,1.4446511559447663,1.6469461265451553,,,,,,0.0,1
183.4,0.0010032024430895045,11.069442904393862,0.19069445546982003,27.069552767163838,88155.43880648502,98095.57940052653,6.504760037335018,297.9200083082698,151.59508374546624,1.7518504091521763,75.0,100.0,10.0,80.0,0.0,36.752951904892775,28.8306804214683,23.0,0.904495547553305,150.0,0.9,0.0,0.0,1.0,1.0,1.4665466015101862,1.6474461827171631,,,,,,0.0,1
183.6,0.000978768425855022,11.071457108983056,0.19061726887094776,27.095465284617255,88202.30385594512,98150.99406527303,6.481897899394216,297.9614234179327,169.1265066510321,1.752370286915982,75.0,100.0,10.0,80.0,0.0,34.324756550799066,8.64920412644049,23.0,49.275778856873686,150.0,0.9,0.0,0.0,1.0,1.0,1.4766529747063484,1.6479464525203424,,,,,,0.0,1
183.8,0.000953337194536331,11.121891203179896,0.19068671639427248,27.120166957812003,88250.51615280031,98207.67467584273,6.463885342584563,297.90041756581365,143.28761888428076,1.7528778257009925,75.0,100.0,10.0,80.0,0.0,41.04205659084062,20.472249135197792,23.0,4.927577885687369,150.0,0.9,0.0,0.0,1.0,1.0,1.4673088433876065,1.648434855385071,,,,,,0.0,1
184.0,0.0010591299072081803,11.103743179127063,0.1907082296904418,27.14672416059422,88301.49893205319,98267.40332755266,6.45265989236219,297.98339037049897,178.45089409557374,1.7534133401121197,75.0,100.0,10.0,80.0,0.0,54.967542592574695,6.1416747405593375,23.0,69.04426902389014,150.0,0.9,0.0,0.0,1.0,1.0,1.464316449275294,1.6489501862321385,,,,,,0.0,1
184.2,0.001067117984746306,11.165942888122828,0.19076836463261929,27.172407825766417,88356.16310376278,98330.83200402942,6.450451642571324,297.9177527564666,150.61676281559903,1.753966990765422,75.0,100.0,10.0,80.0,0.0,73.38938837715892,31.4904949658967,23.0,6.904426902389014,150.0,0.9,0.0,0.0,1.0,1.0,1.4561939614138717,1.6494829774646407,,,,,,0.0,1
184.4,0.001094055858844093,11.221678017831632,0.19083799334531573,27.197475834876663,88414.66405414738,98398.16028922301,6.454559450556536,298.03533172791816,200.50960265704094,1.754530344776262,75.0,100.0,10.0,80.0,0.0,92.68916465293321,9.44714848976901,23.0,88.37442905361571,150.0,0.9,0.0,0.0,1.0,1.0,1.446807491208281,1.6500251145040554,,,,,,0.0,1
184.6,0.001104051567937639,11.271718242644805,0.19080940435723134,27.22135367982844,88476.68755112696,98469.01947178306,6.46442058474496,297.96861441385664,172.17892401316305,1.7551008527067824,75.0,100.0,10.0,80.0,0.0,110.34930969968626,47.41990411329894,23.0,8.837442905361572,150.0,0.9,0.0,0.0,1.0,1.0,1.4504550279852684,1.6505741442925346,,,,,,0.0,1
184.8,0.0011084417345121995,11.33122447581002,0.1909515470364606,27.244617716936556,88541.4767170926,98542.65791939311,6.476020978849808,297.8945910875242,140.72317102419868,1.7556746289148997,75.0,100.0,10.0,80.0,0.0,124.05494816486302,24.84552827311873,23.0,0.8837442905361572,150.0,0.9,0.0,0.0,1.0,1.0,1.431437572361423,1.6511263276997532,,,,,,0.0,1
185.0,0.0011178398398880387,11.350734117453474,0.19094548079650586,27.267736705708973,88608.07395227911,98618.13868442876,6.48707865559722,297.9352255935226,158.00467435467021,1.7562523962959735,75.0,100.0,10.0,80.0,0.0,133.11942738971953,7.453658481935619,23.0,51.45498015263584,150.0,0.9,0.0,0.0,1.0,1.0,1.4320939125933874,1.6516823605763071,,,,,,0.0,1
185.2,0.0011399977041654445,11.339532883035083,0.1908552585889791,27.29142518205676,88675.60164845437,98694.6176224089,6.500959379749449,297.86887456343254,129.7679579162036,1.7568386116579875,75.0,100.0,10.0,80.0,0.0,137.75475652578217,2.236097544580686,23.0,0.0001,150.0,0.9,0.0,0.0,1.0,1.0,1.4439205126720966,1.6522465323497895,,,,,,0.0,1
185.4,0.0011476884326155226,11.343362142709056,0.19092755290706248,27.315538035081367,88742.92986468152,98770.93377182003,6.515174748660696,297.9273529843816,154.67726649978707,1.7574319497088502,75.0,100.0,10.0,80.0,0.0,136.8093924818171,0.6708292633742058,23.0,58.52512038469372,150.0,0.9,0.0,0.0,1.0,1.0,1.434169856369182,1.6528175679129646,,,,,,0.0,1
185.6,0.0011368600409324332,11.31361798553888,0.19079737631273894,27.339763353224875,88808.93357992447,98845.89506344154,6.523884645001012,297.8619341790282,126.79213449251698,1.758023921407562,75.0,100.0,10.0,80.0,0.0,130.16746182075542,0.20124877901226174,23.0,0.0001,150.0,0.9,0.0,0.0,1.0,1.0,1.4512979764073086,1.6533872974427124,,,,,,0.0,1
185.8,0.0011875875747624166,11.253362923459056,0.19070995044107775,27.365242254906928,88872.90328547066,98918.93016658282,6.52839187635286,297.9280776668754,155.00604441492905,1.7586312955954784,75.0,100.0,10.0,80.0,0.0,120.04920294746992,0.060374633703678515,23.0,62.059659816673914,150.0,0.9,0.0,0.0,1.0,1.0,1.462744060970549,1.6539718600457776,,,,,,0.0,1
186.0,0.0012142208075030096,11.193990679285418,0.19059085466749584,27.39164865926389,88934.48460876301,98989.63435459333,6.523452832320106,297.86269222710183,127.09489882552676,1.759257431384309,75.0,100.0,10.0,80.0,0.0,108.11813388226385,0.018112390111103552,23.0,0.0001,150.0,0.9,0.0,0.0,1.0,1.0,1.4783844872091167,1.6545744894699579,,,,,,0.0,1
186.2,0.001319866993183333,11.0820465120677,0.1903379104942519,27.420529657247858,88994.06703226865,99058.58589046396,6.5141914316588005,297.9370046829977,158.83920129000035,1.7599224846077424,75.0,100.0,10.0,80.0,0.0,98.1869322481455,0.005433717033331066,23.0,63.63117086362954,150.0,0.9,0.0,0.0,1.0,1.0,1.5117587274758069,1.655214586258141,,,,,,0.0,1
186.4,0.001341134285462209,11.029448822308519,0.1901468503381175,27.45073569763264,89052.39905820282,99126.3622604214,6.501311019113537,297.8792660454226,134.15850671049924,1.760611487859552,75.0,100.0,10.0,80.0,0.0,91.95645887511856,0.0016301151099993197,23.0,0.0001,150.0,0.9,0.0,0.0,1.0,1.0,1.536906165942659,1.6558777462531666,,,,,,0.0,1
186.6,0.0013245531727992966,11.043578344488076,0.19017490004141005,27.480724349051208,89110.50417802158,99193.88226578422,6.4892680844486295,297.9480225147622,163.57050567442477,1.7613011828895266,75.0,100.0,10.0,80.0,0.0,90.89282032959537,0.0004890345329997958,23.0,60.04812627710913,150.0,0.9,0.0,0.0,1.0,1.0,1.5330120921049262,1.6565415842228977,,,,,,0.0,1
186.8,0.0012807516355685907,11.07068387655963,0.19011491985842913,27.509556750703517,89169.36008119074,99262.05487497931,6.4794848753695105,297.88774722142904,137.77019386982863,1.7619778512081439,75.0,100.0,10.0,80.0,0.0,94.64709715284262,0.00014671035989993875,23.0,0.0001,150.0,0.9,0.0,0.0,1.0,1.0,1.5407868835349163,1.6571928956683397,,,,,,0.0,1
187.0,0.0012823893260351335,11.104917385297847,0.19016878357729022,27.537845703789657,89229.74065909033,99331.76019600312,6.471262773289092,297.9475347040863,163.37970170472207,1.7626484172424204,75.0,100.0,10.0,80.0,0.0,102.32188646273954,0.0001,23.0,57.72240775941361,150.0,0.9,0.0,0.0,1.0,1.0,1.5334770529866335,1.6578383450392908,,,,,,0.0,1
187.2,0.0012607002534660652,11.16189736568042,0.19024528029129828,27.564889726113275,89292.31694587677,99403.61403088162,6.469216752761922,297.8824762377173,135.49312056813176,1.763312291534781,75.0,100.0,10.0,80.0,0.0,113.29749156926839,0.0001,23.0,0.0001,150.0,0.9,0.0,0.0,1.0,1.0,1.523167831615577,1.6584773646285182,,,,,,0.0,1
187.4,0.0012760710184998247,11.19754815483682,0.19027517275760775,27.59111401611262,89357.24129011862,99477.85183724063,6.472327461576417,297.93918647117124,159.81919991758303,1.7639793950169644,75.0,100.0,10.0,80.0,0.0,125.07862266348418,0.0001,23.0,57.969263031560814,150.0,0.9,0.0,0.0,1.0,1.0,1.5190340511632805,1.6591195038510647,,,,,,0.0,1
187.6,0.00131282011610138,11.218957972320757,0.19033431644237098,27.61760274292771,89424.27315836045,99554.28814674477,6.482159083251427,297.8738286213365,131.7623289956081,1.764658468149579,75.0,100.0,10.0,80.0,0.0,135.61463936126754,0.0001,23.0,0.0001,150.0,0.9,0.0,0.0,1.0,1.0,1.5110186647130268,1.6597731764736663,,,,,,0.0,1
187.8,0.0012372547342970495,11.304352190095548,0.19051859769535912,27.64216864374792,89492.61334126089,99631.8730489826,6.493023418979813,297.9326658694003,157.03924476567337,1.7653205402296137,75.0,100.0,10.0,80.0,0.0,142.20060939018447,0.0001,23.0,59.01928904661443,150.0,0.9,0.0,0.0,1.0,1.0,1.4864095942122748,1.6604104953042838,,,,,,0.0,1
188.0,0.0012612970440815622,11.286884087554732,0.19043383306023198,27.667044646033983,89561.40137459457,99709.95744265406,6.5016554690926665,297.8673778645335,128.9692634934622,1.765978067303812,75.0,100.0,10.0,80.0,0.0,144.4456202894825,0.0001,23.0,0.0001,150.0,0.9,0.0,0.0,1.0,1.0,1.497483266713009,1.6610434501388842,,,,,,0.0,1
188.2,0.0012567689376346638,11.283338369373176,0.19037475756815195,27.691621973590607,89629.93479840242,99787.78248551222,6.512121179848041,297.92979713747906,155.82923876711305,1.7666391245544384,75.0,100.0,10.0,80.0,0.0,143.2375843026612,0.0001,23.0,60.820240569279605,150.0,0.9,0.0,0.0,1.0,1.0,1.5051474935021245,1.661679814359217,,,,,,0.0,1
188.4,0.001311228649446084,11.228084965487131,0.19026641188777235,27.717449161709627,89697.38612312458,99864.65965086098,6.514917780926618,297.8645399276964,127.72865397432375,1.7673194415527242,75.0,100.0,10.0,80.0,0.0,137.81657131352875,0.0001,23.0,0.0001,150.0,0.9,0.0,0.0,1.0,1.0,1.5193378285192738,1.6623347305587524,,,,,,0.0,1
188.6,0.0013369799888165786,11.190422547687216,0.19017328942421127,27.7441499792843,89763.52510059743,99940.28299405931,6.515923266431272,297.9298952588802,155.89269951817187,1.7680155940195512,75.0,100.0,10.0,80.0,0.0,131.30438051366409,0.0001,23.0,62.274095631900906,150.0,0.9,0.0,0.0,1.0,1.0,1.5315028391239986,1.6630049032234564,,,,,,0.0,1
188.8,0.0013576796477700684,11.154115441876549,0.1901038597096439,27.771495529619898,89828.2742846767,100014.57373824342,6.515451396648865,297.86598650194134,128.33174440619814,1.7687242820798392,75.0,100.0,10.0,80.0,0.0,124.3699475894152,0.0001,23.0,0.0001,150.0,0.9,0.0,0.0,1.0,1.0,1.5405223985039596,1.6636871563827607,,,,,,0.0,1
189.0,0.0013284833804625903,11.133784422352756,0.1899979285356703,27.799008173624,89891.6665381158,100087.47428705182,6.511101621719685,297.933489727805,157.4630560143871,1.7694319056851688,75.0,100.0,10.0,80.0,0.0,117.62399481648164,0.0001,23.0,62.314259489346824,150.0,0.9,0.0,0.0,1.0,1.0,1.5543768450876074,1.6643683975960142,,,,,,0.0,1
189.2,0.001267381125771122,11.164789954806123,0.1900971530915623,27.825846650966874,89954.05637427888,100159.24814508462,6.505723270938985,297.86954290126863,129.84450616812273,1.7701172299505692,75.0,100.0,10.0,80.0,0.0,112.63166149847504,0.0001,23.0,0.0001,150.0,0.9,0.0,0.0,1.0,1.0,1.541053913299969,1.6650281830533382,,,,,,0.0,1
189.4,0.0012657625447970065,11.14929745333263,0.1900123848356436,27.852295217916165,90015.86396793892,100230.43824711794,6.497364536147686,297.9357780327295,158.47224904950434,1.7707950595765796,75.0,100.0,10.0,80.0,0.0,109.78856143126146,0.0001,23.0,62.15137417310669,150.0,0.9,0.0,0.0,1.0,1.0,1.5521122493744224,1.6656807649659078,,,,,,0.0,1
189.6,0.0012640697906674179,11.170223750945572,0.1900831981323937,27.878473886335314,90077.77732509626,100301.71302265952,6.487187040922362,297.87168027587904,130.74870434009577,1.7714696427823908,75.0,100.0,10.0,80.0,0.0,110.30610424109959,0.0001,23.0,0.0001,150.0,0.9,0.0,0.0,1.0,1.0,1.5425563574867343,1.6663302330364484,,,,,,0.0,1
189.8,0.001258011038522606,11.191254780404577,0.19012324259068447,27.90435917397577,90140.59640837289,100373.89686105016,6.47665926324383,297.9348249105752,158.0794877882993,1.7721419119011692,75.0,100.0,10.0,80.0,0.0,114.90374708818587,0.0001,23.0,61.45215474454656,150.0,0.9,0.0,0.0,1.0,1.0,1.5370771407831023,1.6669774847432697,,,,,,0.0,1
190.0,0.0012771436236849124,11.207163265117327,0.19013682511645252,27.930154953437818,90205.17861867476,100447.91387236916,6.473430671665115,297.8696372366242,129.84700785037882,1.7728219593076413,75.0,100.0,10.0,80.0,0.0,123.72062757807038,0.0001,23.0,0.0001,150.0,0.9,0.0,0.0,1.0,1.0,1.535102554599267,1.6676322370314456,,,,,,0.0,1
190.2,0.0012841181284575624,11.260618604566806,0.19032315891074533,27.955493987253686,90271.76942698185,100523.96039403205,6.468060286981778,297.9324979574724,157.09397105494634,1.7735086988344584,75.0,100.0,10.0,80.0,0.0,133.80767548615444,0.0001,23.0,61.41511353447723,150.0,0.9,0.0,0.0,1.0,1.0,1.5102243866570364,1.668293444512137,,,,,,0.0,1
190.4,0.0013259816230576991,11.289648367584359,0.19046233205197916,27.98037555035046,89644.6352810134,99802.53476487254,6.4910897588937075,297.8672857041999,128.93458681909405,1.7654704529705803,75.0,100.0,10.0,80.0,0.0,146.07972123944828,0.0001,23.0,0.0001,150.0,0.9,-4000.0,0.0,1.0,1.0,1.4938340809952815,1.6605548047308307,,,,,,0.0,1
190.6,0.0013493163181016155,11.291817925823585,0.1905850023281441,28.00542761330578,89018.1532411237,99081.74822199233,6.515349673923104,297.9322090402366,156.7572513283359,1.7532422596663721,75.0,100.0,10.0,80.0,0.0,149.0117927581991,0.0001,23.0,61.821815353804055,150.0,0.9,-4000.0,0.0,1.0,1.0,1.4807087773354404,1.6487855530206432,,,,,,0.0,1
190.8,0.0013946209852242232,11.253537995921763,0.19068361814264415,28.031307980527703,88390.3969026718,98359.70777456679,6.537947653580916,297.86672202245876,128.8714120341512,1.740581189855706,75.0,100.0,10.0,80.0,0.0,142.2959723510172,0.0001,23.0,0.0001,150.0,0.9,-4000.0,0.0,1.0,1.0,1.4708859489890502,1.636603694628828,,,,,,0.0,1
191.0,0.0013980836734208684,11.188654800645631,0.1906202733446084,28.057991889162746,87759.54564515098,97634.507651344,6.556886495115438,297.9348013279847,157.67246301860973,1.7278604111047122,75.0,100.0,10.0,80.0,0.0,126.51987866329429,0.0001,23.0,62.5326348507829,150.0,0.9,-4000.0,0.0,1.0,1.0,1.4825608422314105,1.6243685075675462,,,,,,0.0,1
191.2,0.001429607130268838,10.916542774519996,0.19024138518347247,28.0891420848511,87116.1176557922,96896.74275504862,6.551045591594478,297.8834225579732,136.1040412382598,1.715142317234712,75.0,100.0,10.0,80.0,0.0,63.259939331647146,0.0001,23.0,0.0001,150.0,0.9,-4000.0,0.0,1.0,1.0,1.5360416109588084,1.612140029597613,,,,,,0.0,1
191.4,0.0015044822326609746,10.757128209561705,0.190053235973128,28.122899511612353,86466.4313873985,96152.80533222473,6.534880504566748,297.9613526554343,168.57783813156686,1.7024524766946576,75.0,100.0,10.0,80.0,0.0016450212134976239,31.629969665823573,0.0001,23.0,55.749045790307406,150.0,0.9,-4000.0,0.0,1.0,1.0,1.564205322219178,1.5999428277851495,,,,,,0.0,1
191.6,0.0015579809597908066,10.680664695097741,0.19010916587877505,28.15848764358406,85813.9141476651,95406.09202348183,6.513521893113851,297.9238585963871,153.06805020192712,1.6897902284888393,75.0,100.0,10.0,80.0,0.0,17.115909932500884,22.899670323176874,23.0,5.574904579030741,150.0,0.9,-4000.0,0.0,1.0,1.0,1.5600429831340927,1.5877762376907838,,,,,,0.0,1
191.8,0.0015858727287207971,10.649855653204854,0.19019956136395735,28.19428924159377,85160.27050354269,94658.23216228253,6.4909081309258765,298.0346934469063,198.5442028955524,1.6771462530320014,75.0,100.0,10.0,80.0,0.0,11.157891111577108,6.869901096953062,23.0,68.85869312520865,150.0,0.9,-4000.0,0.0,1.0,1.0,1.5513148341537968,1.575631280345744,,,,,,0.0,1
192.0,0.001590782492255658,10.66822201110568,0.19040642730700427,28.22977752683641,84507.31980376209,93911.00916538625,6.470743676647266,297.990064753071,180.3687856897828,1.6645080216663213,75.0,100.0,10.0,80.0,0.0,14.26167381958312,42.53382733345153,23.0,6.885869312520865,150.0,0.9,-4000.0,0.0,1.0,1.0,1.5271664257446425,1.5634959079709974,1684.5059286705348,71.72884678387483,1189.8765512893242,27.667044646033983,21.175420724328614,0.0,1
192.2,0.001620452085367307,10.709671097770155,0.19063648285821247,28.26436253323736,83856.70627386,93166.09289015476,6.456188194821457,297.9374308318911,159.0977296204096,1.6518771159294514,75.0,100.0,10.0,80.0,0.0,25.443631703148604,27.60667084036347,23.0,0.6885869312520865,150.0,0.9,-4000.0,0.0,1.0,1.0,1.4999395912330575,1.5513716308926029,,,,,,0.0,1
192.4,0.0015954653582235705,10.808766617445272,0.19098780003040272,28.29734990150556,83905.57755301538,93224.57853159486,6.427200149736864,297.988808549693,179.80336667731203,1.6482273561116692,75.0,100.0,10.0,80.0,0.0,42.454172130535476,8.28200125210904,23.0,44.75350735728673,150.0,0.9,0.0,0.0,1.0,1.0,1.454322558616077,1.5478690196025158,,,,,,0.0,1
192.6,0.001652705121287207,10.885795335032803,0.19109219970021848,28.32882404536613,83960.18791738058,93288.93007043764,6.411461961265689,297.93704590893776,158.92950916990108,1.648609616453439,75.0,100.0,10.0,80.0,0.0,71.15755824038769,24.055724498519936,23.0,4.475350735728673,150.0,0.9,0.0,0.0,1.0,1.0,1.4403817957505602,1.5482358523488875,,,,,,0.0,1
192.8,0.001674999830468359,11.02543581537605,0.19142185749791832,28.358087337143818,84021.76882305049,93360.32513512994,6.406795495299377,298.02252897837167,193.42585705215726,1.6494235136741815,75.0,100.0,10.0,80.0,0.0,106.08290405095893,7.216717349555981,23.0,65.01976438799934,150.0,0.9,0.0,0.0,1.0,1.0,1.3964382721071036,1.5490169139775214,,,,,,0.0,1
193.0,0.0016945512291473702,11.168665360628836,0.19169890600830655,28.384825302802263,84090.70256350836,93439.12136855956,6.412219781540649,297.9558447027001,166.49431723381235,1.6502862347766358,75.0,100.0,10.0,80.0,0.0,142.8857491860978,34.735817695083625,23.0,6.501976438799935,150.0,0.9,0.0,0.0,1.0,1.0,1.3594323284055962,1.5498448481478255,,,,,,0.0,1
193.2,0.0017052530495930763,11.30201898679382,0.19194492761417303,28.409276102309626,84166.58374033414,93524.90053119596,6.42290323054223,297.88449109036287,137.65206526662038,1.65116302533574,75.0,100.0,10.0,80.0,0.0,177.51563563812272,11.93345625658273,23.0,0.6501976438799936,150.0,0.9,0.0,0.0,1.0,1.0,1.3265196115591311,1.550686303857251,,,,,,0.0,1
193.4,0.00164663700225449,11.454806182506582,0.19220287874193176,28.43088236643431,84248.53933501986,93616.66949621782,6.440193909710152,297.90472159841335,145.83763080600312,1.6520311885565928,75.0,100.0,10.0,80.0,0.0,207.8760130352851,3.5800368769748188,23.0,39.770252967295704,150.0,0.9,0.0,0.0,1.0,1.0,1.2920014955254204,1.5515194991777683,,,,,,0.0,1
193.6,0.001638216764874935,11.513228015899122,0.19224905541527482,28.45140696385699,84333.92327567664,93711.88213555314,6.46034851836925,297.8377186868026,118.70029415895678,1.6528927785949246,75.0,100.0,10.0,80.0,0.0,225.0,1.0740110630924455,23.0,0.0001,150.0,0.9,0.0,0.0,1.0,1.0,1.2856362377563304,1.5523464050245286,,,,,,0.0,1
193.8,0.0016136154438957206,11.536719530586033,0.19230941054940115,28.471316268571254,84419.2956833995,93807.03982307366,6.478593710585196,297.9020771653931,144.7950420456546,1.653748133120093,75.0,100.0,10.0,80.0,0.0,225.0,0.32220331892773363,23.0,58.688774198420404,150.0,0.9,0.0,0.0,1.0,1.0,1.2773856480702601,1.5531673450531696,,,,,,0.0,1
194.0,0.0015179973347077005,11.588821816475468,0.19235797408465452,28.48974130129429,84504.66626641157,93902.01851541239,6.493128265718408,297.8357732325591,117.88437397830948,1.6545742161058523,75.0,100.0,10.0,80.0,0.0,225.0,0.09666099567832008,23.0,0.0001,150.0,0.9,0.0,0.0,1.0,1.0,1.270710065375738,1.5539602089254756,,,,,,0.0,1
194.2,0.0015052503293143794,11.626436315151073,0.19254581207803953,28.507682294567555,84590.01921412586,93996.94444067884,6.505124060708679,297.9227417384091,153.21773339522514,1.6553801094158125,75.0,100.0,10.0,80.0,0.0,225.0,0.028998298703496024,23.0,68.92281398168117,150.0,0.9,0.0,0.0,1.0,1.0,1.2455033657923718,1.5547337117336462,,,,,,0.0,1
194.4,0.0015036648236727479,11.622147360973472,0.1926042405101533,28.52593068570777,84674.84754594458,94091.35958596703,6.516229582607929,297.8564182521696,126.24239109029716,1.6561826182400763,75.0,100.0,10.0,80.0,0.0,222.40080333277268,0.008699489611048807,23.0,0.0001,150.0,0.9,0.0,0.0,1.0,1.0,1.2375162053926951,1.5555039825033448,,,,,,0.0,1
194.6,0.0015044700959066673,11.588405273438903,0.19251287036185805,28.544805832780938,84758.24341024818,94184.35646913997,6.527606405278446,297.9460947668422,162.7497361025511,1.6569849249433752,75.0,100.0,10.0,80.0,0.0,215.33973448132173,0.002609846883314642,23.0,70.36422139004964,150.0,0.9,0.0,0.0,1.0,1.0,1.249469887874535,1.5562740756491846,,,,,,0.0,1
194.8,0.0015351189612794864,11.5267472052512,0.19238489017608615,28.56466061924493,84839.30643681386,94275.0808134553,6.535830894343725,297.8796462883613,135.67323818018622,1.6577975702544323,75.0,100.0,10.0,80.0,0.0,203.70899923389962,0.0007829540649943926,23.0,0.0001,150.0,0.9,0.0,0.0,1.0,1.0,1.2662899042389595,1.557054108989452,,,,,,0.0,1
195.0,0.0015259268693421694,11.473932059515672,0.19228460825172936,28.585623904289005,84917.37027859146,94362.79738290166,6.541563776841631,297.9601708272299,168.5176837844675,1.6586113731871945,75.0,100.0,10.0,80.0,0.0,188.7884847065576,0.00023488621949831776,23.0,66.42519749421612,150.0,0.9,0.0,0.0,1.0,1.0,1.2794200198565018,1.55783527033257,,,,,,0.0,1
195.2,0.0015314137309464409,11.405167278125367,0.19215969419793133,28.60770445931523,84991.98439323231,94447.08439420357,6.543491774669847,297.89620253653254,142.4029736380402,1.6594260146949784,75.0,100.0,10.0,80.0,0.0,171.56494243198233,23.766300198037566,23.0,6.642519749421613,150.0,0.9,0.0,0.0,1.0,1.0,1.2958227195195196,1.5586172534913159,,,,,,0.0,1
195.4,0.001526763913022529,11.339160924014752,0.19203270898357097,28.63086347562358,85062.976546902,94527.74983977764,6.54117023913912,298.0108529979574,189.2494426790333,1.6602402747020386,75.0,100.0,10.0,80.0,0.0,153.5720257495122,7.129890059411269,23.0,83.84741481788,150.0,0.9,0.0,0.0,1.0,1.0,1.3124960312927456,1.5593988873165707,,,,,,0.0,1
195.6,0.0015085310673635468,11.293603072303048,0.19203088405184676,28.6547682229882,85130.5485899565,94604.98677781309,6.539175706100281,297.93980283603184,160.19385955617832,1.66105347362439,75.0,100.0,10.0,80.0,0.0,136.51274134508324,43.27165655118294,23.0,8.384741481788,150.0,0.9,0.0,0.0,1.0,1.0,1.3125275344225111,1.5601795194099741,,,,,,0.0,1
195.8,0.0015140128032829843,11.228093206889794,0.1919225251317787,28.679684122650823,85194.83332107519,94678.95645139285,6.529755941293137,298.10081647060684,226.0900564284183,1.661869524513306,75.0,100.0,10.0,80.0,0.0,120.23932468461533,12.981496965354882,23.0,105.28875327868734,150.0,0.9,0.0,0.0,1.0,1.0,1.3267198949991423,1.5609629061699013,,,,,,0.0,1
196.0,0.0015092653892696773,11.17613099037766,0.19180408747370653,28.70528974867617,85256.6093837291,94750.42996572932,6.515880261537503,298.02358331575687,194.45743349354606,1.6626892129166289,75.0,100.0,10.0,80.0,0.0,107.77224611498983,66.80668345936537,23.0,10.528875327868734,150.0,0.9,0.0,0.0,1.0,1.0,1.342246942071904,1.5617498019037372,,,,,,0.0,1
196.2,0.0014700736628176418,11.16360302325938,0.1917147896354051,28.730813406161932,85317.03052298796,94820.49120070506,6.498445837676521,297.94183349985207,160.95138123595223,1.6635006391003662,75.0,100.0,10.0,80.0,0.0,100.86481981198469,42.73426042456718,23.0,1.0528875327868734,150.0,0.9,0.0,0.0,1.0,1.0,1.353900839551481,1.5625287827979113,,,,,,0.0,1
196.4,0.001444234972188737,11.174629269829177,0.19166019806136672,28.75564232647025,85377.46300397605,94890.51611022934,6.485786589890743,298.00463818801694,186.71209117060602,1.664300951104192,75.0,100.0,10.0,80.0,0.0,100.95105769408443,12.820278127370154,23.0,59.58421651309946,150.0,0.9,0.0,0.0,1.0,1.0,1.3609454190204309,1.5632971103302833,,,,,,0.0,1
196.6,0.0013975646043055867,11.219762348583336,0.1916777587669504,28.779201166382023,85438.92366887645,94961.47496839763,6.472529494053514,297.93535389160553,158.2732564806736,1.6650846257633067,75.0,100.0,10.0,80.0,0.0,106.08963188325902,32.919775407990265,23.0,5.958421651309947,150.0,0.9,0.0,0.0,1.0,1.0,1.3584098773779996,1.564049481224023,,,,,,0.0,1
196.8,0.0014180768796611676,11.23583041419965,0.19161551666014037,28.80244438739188,85502.46124884755,95034.56842585579,6.462601561274379,298.044913566053,203.27644600174145,1.665867874246665,75.0,100.0,10.0,80.0,0.0,116.56437402984804,9.875932622397078,23.0,82.33545805152605,150.0,0.9,0.0,0.0,1.0,1.0,1.3664745530394125,1.5648014585819139,,,,,,0.0,1
197.0,0.0014441657977035038,11.28582967019841,0.19172568369079598,28.825040549517244,85568.87869087773,95110.59957779071,6.458479075849032,297.96825269964023,171.7621361433206,1.6666621937227037,75.0,100.0,10.0,80.0,0.0,131.0091076495479,45.769423465076166,23.0,8.233545805152605,150.0,0.9,0.0,0.0,1.0,1.0,1.3516346639181165,1.565564080869282,,,,,,0.0,1
197.2,0.0014054479255622325,11.381432183361408,0.19193797471438134,28.846045235030722,85638.53990733904,95189.81390582446,6.45685494039027,297.8928819735513,140.75288048310176,1.667450319544328,75.0,100.0,10.0,80.0,0.0,147.0992004314503,20.18398572129437,23.0,0.8233545805152606,150.0,0.9,0.0,0.0,1.0,1.0,1.3232184812312584,1.5663207725292512,,,,,,0.0,1
197.4,0.001456117162948048,11.396080644238593,0.19186227418917037,28.86673136465478,85711.55190433314,95272.50350226872,6.459479771334031,297.922434738415,152.9218636279624,1.6682522876561385,75.0,100.0,10.0,80.0,0.0,163.85123066107928,6.055195716388311,23.0,45.05359223450947,150.0,0.9,0.0,0.0,1.0,1.0,1.3330723354994118,1.5670907706113602,,,,,,0.0,1
197.6,0.0014456830943031262,11.458353118998373,0.19194333300668293,28.88657990608987,85787.70638600446,95358.3372380279,6.469622273199828,297.8553685419802,125.28116836261786,1.669062914551487,75.0,100.0,10.0,80.0,0.0,179.5443457772263,1.8165587149164932,23.0,0.0001,150.0,0.9,0.0,0.0,1.0,1.0,1.3220877632629218,1.567869098934605,,,,,,0.0,1
197.8,0.0014699018493523276,11.496433004569573,0.19202131162876843,28.90601614831692,85866.174654303,95446.53270397193,6.483782175199478,297.9166260362115,150.55020189856828,1.669879058416516,75.0,100.0,10.0,80.0,0.0,191.15750697269476,0.5449676144749479,23.0,58.25090046522895,150.0,0.9,0.0,0.0,1.0,1.0,1.3115088325251858,1.5686527413060491,,,,,,0.0,1
198.0,0.0014904201898312563,11.51478790257636,0.19209470398346773,28.925433990229386,85945.82845389273,95535.9588550757,6.503288783553668,297.8505549753944,123.26933130778393,1.6707046973312252,75.0,100.0,10.0,80.0,0.0,197.1005878497238,0.16349028434248436,23.0,0.0001,150.0,0.9,0.0,0.0,1.0,1.0,1.301535053504963,1.5694455178547206,,,,,,0.0,1
198.2,0.0014650310994983244,11.534457683175939,0.19220915727822427,28.944948906939445,86025.09354112564,95624.96428362385,6.5220106792837145,297.9270428961883,154.87858358920946,1.6715242791593081,75.0,100.0,10.0,80.0,0.0,195.21193725214567,0.049047085302745305,23.0,65.18818700840015,150.0,0.9,0.0,0.0,1.0,1.0,1.2860988126269137,1.5702324955640647,,,,,,0.0,1
198.4,0.0014713550204335255,11.4993201184899,0.19217334586305843,28.9645735546864,86102.47455210933,95712.10103277296,6.5355080315658585,297.8609992257801,127.55847168943554,1.6723469512905662,75.0,100.0,10.0,80.0,0.0,185.82980694218472,0.014714125590823591,23.0,0.0001,150.0,0.9,0.0,0.0,1.0,1.0,1.2906486537950455,1.5710224578352026,,,,,,0.0,1
198.6,0.0015017791610356624,11.430856777022596,0.1920620132080321,28.985516293719538,86176.88513114533,95796.31565404577,6.549491994252167,297.94051246283345,160.47912154070727,1.6731803489353454,75.0,100.0,10.0,80.0,0.0,171.04510784698257,0.0044142376772470775,23.0,66.74995029050164,150.0,0.9,0.0,0.0,1.0,1.0,1.3052393150967987,1.5718227367345297,,,,,,0.0,1
198.8,0.0014905885569523765,11.098698837455803,0.19150571893787957,29.01183739165357,86234.183077238,95863.40288113999,6.5321961897488166,297.8860027367393,137.89325365462554,1.6740164984654504,75.0,100.0,10.0,80.0,0.0,85.52255392349129,0.0013242713031741233,23.0,0.0001,150.0,0.9,0.0,0.0,1.0,1.0,1.3789482070123964,1.5726256759293518,,,,,,0.0,1
199.0,0.001513163224475829,11.0216068723087,0.19123055283473944,29.039395015807496,86288.79454489361,95927.86732217221,6.51123379161213,297.96372609843485,170.11901039581667,1.6748609650584994,75.0,100.0,10.0,80.0,0.0,72.15328484349016,0.000397281390952237,23.0,59.03200401503675,150.0,0.9,0.0,0.0,1.0,1.0,1.4152587606260223,1.5734366199133532,,,,,,0.0,1
199.2,0.0015374585853236192,10.982313585136845,0.1911113273036761,29.06791474225565,86342.38874616356,95991.37895415477,6.489154885757511,297.9142379566651,149.58682440313416,1.6757159739354577,75.0,100.0,10.0,80.0,0.0,67.10855897905437,22.948882639793545,23.0,5.903200401503675,150.0,0.9,0.0,0.0,1.0,1.0,1.4308578862610544,1.574257706182669,,,,,,0.0,1
199.4,0.0014946429490822024,11.029452315258771,0.19121408747712618,29.095428911892686,86396.7239040512,96055.56487400268,6.473373612312974,298.02066213854846,193.77001651413318,1.6765648636370571,75.0,100.0,10.0,80.0,0.0,70.91532627680964,6.8846647919380635,23.0,74.37857426159647,150.0,0.9,0.0,0.0,1.0,1.0,1.4170040464018692,1.5750729344680505,,,,,,0.0,1
199.6,0.0014415637590801166,11.10659558776193,0.19133814091703816,29.121202166287432,86453.07187608482,96121.65100106156,6.4621761851843305,297.95787699008457,167.6864542052726,1.6773905321496592,75.0,100.0,10.0,80.0,0.0,81.02947899783086,40.756091979914544,23.0,7.437857426159647,150.0,0.9,0.0,0.0,1.0,1.0,1.4003257611221702,1.5758658799657301,,,,,,0.0,1
199.8,0.0014032718593637757,11.199885216343795,0.19155633322706442,29.14542801441343,86512.36456669767,96190.60197910263,6.456524531314961,297.8893337841068,139.1913070252991,1.678192268007262,75.0,100.0,10.0,80.0,0.0,95.6409316292071,19.07186459131509,23.0,0.7437857426159648,150.0,0.9,0.0,0.0,1.0,1.0,1.3711458417120912,1.5766358579207285,,,,,,0.0,1
200.0,0.00143599044419688,11.249624235982463,0.19164611661482153,29.16854862514449,86575.0311300182,96262.98725677421,6.455010331906569,297.92397881557804,153.60459550662154,1.6789987200979442,75.0,100.0,10.0,80.0,0.0,112.51604618772384,5.721559377394527,23.0,46.07178244732353,150.0,0.9,0.0,0.0,1.0,1.0,1.3590104242118393,1.577410381802861,,,,,,0.0,1
200.2,0.001454344230445581,11.30432082921738,0.191692476227592,29.190620241763614,86641.1989372053,96338.90741181314,6.457833349727975,297.8576162870649,125.97467982345347,1.6798167184119406,75.0,100.0,10.0,80.0,0.0,130.00276492351017,1.7164678132183582,23.0,0.0001,150.0,0.9,0.0,0.0,1.0,1.0,1.3526390991996513,1.5781960116993525,,,,,,0.0,1
200.4,0.0014842816957533066,11.408162508062166,0.19022490227598118,29.2057095154471,86729.43019459174,96436.96062873179,6.46881522058525,297.9169551008971,150.7010659910965,1.9098765831900637,65.0,100.0,4.0,80.0,0.0,146.3560486597857,0.5149403439655075,23.0,58.76322682199425,250.0,0.9,0.0,0.0,1.0,1.0,1.289757490780082,1.5598531717009894,,,,,,0.0,1
200.6,0.0014783375836830606,11.486585608257819,0.19018324942423692,29.219973793057942,86820.04383658723,96537.38318563446,6.47992359605208,297.8491339807199,122.4084367917018,1.9317153985727196,65.0,100.0,4.0,80.0,0.0,158.29085975090467,0.15448210318965225,23.0,0.0001,250.0,0.9,0.0,0.0,1.0,1.0,1.2896770123697188,1.578148074905141,,,,,,0.0,1
200.8,0.0015053354315861997,11.510364388936544,0.19015654646257807,29.233685601103108,86912.1452862882,96639.31918174202,6.4917972176163135,297.92303796264014,153.26991239721622,1.9356183488372194,65.0,100.0,4.0,80.0,0.0,165.7948007890617,0.04634463095689567,23.0,65.50872547041962,250.0,0.9,0.0,0.0,1.0,1.0,1.2918803954004665,1.5814187897571181,,,,,,0.0,1
201.0,0.0015338429426207218,11.51049687220457,0.19014141541837848,29.247507909781564,87004.78732773382,96741.85189500212,6.500805789298778,297.85523809800213,124.92718176254594,1.936943802631322,65.0,100.0,4.0,80.0,0.0,168.53259816873071,0.0139033892870687,23.0,0.0001,250.0,0.9,0.0,0.0,1.0,1.0,1.2933268078519897,1.582529611700951,,,,,,0.0,1
201.2,0.0015557127621072262,11.504097563263475,0.19017746636609026,29.261836720192715,87097.24473253511,96844.27183239213,6.512277016307767,297.9337362262299,157.77557558865922,1.9379865272097565,65.0,100.0,4.0,80.0,0.0,167.66751589048565,0.00417101678612061,23.0,67.7822386603217,250.0,0.9,0.0,0.0,1.0,1.0,1.288942451511208,1.5834035145275853,,,,,,0.0,1
201.4,0.0015631123993285782,11.478771912649615,0.1900566172687674,29.276290135864084,87188.5959913176,96945.58880300197,6.521982779381168,297.8659290778604,129.36866809900351,1.9390011369103564,65.0,100.0,4.0,80.0,0.0,162.18186474418425,0.001251305035836183,23.0,0.0001,250.0,0.9,0.0,0.0,1.0,1.0,1.3026312555218356,1.584253877662936,,,,,,0.0,1
201.6,0.0014989834988726942,11.492951270386966,0.1900900246526604,29.290584745179657,87278.05612918077,97044.90250637618,6.530059959991222,297.941813697501,161.19515487687576,1.9399918686654594,65.0,100.0,4.0,80.0,0.0,152.81480999065397,0.0003753915107508549,23.0,66.78211230073082,250.0,0.9,0.0,0.0,1.0,1.0,1.2985637907929701,1.5850842503930112,,,,,,0.0,1
201.8,0.0014639170358679908,11.453457262984768,0.1899371248816281,29.305342984358585,87364.99201359952,97141.63122123215,6.536699845399144,297.87402512206097,132.7384913655233,1.9409591220179665,65.0,100.0,4.0,80.0,0.0,140.2056908654852,0.00011261745322525646,23.0,0.0001,250.0,0.9,0.0,0.0,1.0,1.0,1.3159497595711274,1.5858949660229678,,,,,,0.0,1
202.0,0.00149531778969255,11.365833232863125,0.18964430354994702,29.321143363865026,87448.86152701473,97235.35122130341,6.540593771673658,297.9448034814027,162.47953991505068,1.9419289353521638,65.0,100.0,4.0,80.0,0.0,124.93101860948306,0.0001,23.0,64.5028157474166,250.0,0.9,0.0,0.0,1.0,1.0,1.3494247147354377,1.586707848272095,,,,,,0.0,1
202.2,0.0014571043147567706,11.331033008040572,0.1895728633214791,29.33784809750544,87529.3594812955,97325.63829986022,6.5367258683858065,297.8770441979186,133.98026000447376,1.9428914885990698,65.0,100.0,4.0,80.0,0.0,108.09779674256244,0.0001,23.0,0.0001,250.0,0.9,0.0,0.0,1.0,1.0,1.3574266422939432,1.5875146659622463,,,,,,0.0,1
202.4,0.0014439079283229397,11.279962161832602,0.18944842796882838,29.35512464316793,87606.79403433493,97412.85262816265,6.525714864742676,297.9435441881795,161.97583741862684,1.9438468312318067,65.0,100.0,4.0,80.0,0.0,92.83383326014786,0.0001,23.0,62.613635296924286,250.0,0.9,0.0,0.0,1.0,1.0,1.3715216951528202,1.5883154600970746,,,,,,0.0,1
202.6,0.001415837903111349,11.246779958651867,0.18925930066325025,29.37249417236603,87682.05536755643,97497.83230159995,6.5087145379146705,297.8758224093801,133.44264786880015,1.9447925247392555,65.0,100.0,4.0,80.0,0.0,81.98787321975357,0.0001,23.0,0.0001,250.0,0.9,0.0,0.0,1.0,1.0,1.3930489983781866,1.5891081861129417,,,,,,0.0,1
202.8,0.0013844746019760295,11.243889121219432,0.18920738776104137,29.389934674789096,87756.50357960832,97581.97638312979,6.492330762030286,297.94038345360536,160.66870423604826,1.9457284913683484,65.0,100.0,4.0,80.0,0.0,77.96126339933798,0.0001,23.0,61.77714932902373,250.0,0.9,0.0,0.0,1.0,1.0,1.3988062889340187,1.5898927782214434,,,,,,0.0,1
203.0,0.0013390803460540505,11.29228500336175,0.1892473855295548,29.406307569833274,87831.45436447383,97666.51956450338,6.4762613937638225,297.8727607578414,132.1262938484049,1.946642262418811,65.0,100.0,4.0,80.0,0.0,80.48771909696323,0.0001,23.0,0.0001,250.0,0.9,0.0,0.0,1.0,1.0,1.3940078983943458,1.590658783299621,,,,,,0.0,1
203.2,0.0013566239190101977,11.32359506826002,0.18932119077048987,29.422492499686168,87908.18932754119,97752.88600352762,6.46753474729381,297.9373519326255,159.41307020336535,1.9475523032067432,65.0,100.0,4.0,80.0,0.0,89.46253300087689,0.0001,23.0,61.87501821724223,250.0,0.9,0.0,0.0,1.0,1.0,1.3853244018466766,1.5914216798392269,,,,,,0.0,1
203.4,0.0013790409902999104,11.360907829323686,0.18934161055840457,29.438104244608024,87987.41225114596,97841.77823790991,6.462397658637281,297.8697612538417,130.8345289738799,1.9484713843544197,65.0,100.0,4.0,80.0,0.0,101.91523823584978,0.0001,23.0,0.0001,250.0,0.9,0.0,0.0,1.0,1.0,1.3827735010086581,1.5921921737471156,,,,,,0.0,1
203.6,0.0013269699395573554,11.434278389843646,0.18931191746456139,29.45188929349204,88069.53021099363,97933.46691834799,6.464490680111354,297.9354704615632,158.64360684584167,1.9493792317882788,65.0,100.0,4.0,80.0,0.0,116.44055233616737,0.0001,23.0,62.47284656283253,250.0,0.9,0.0,0.0,1.0,1.0,1.3859847810245214,1.5929532685794827,,,,,,0.0,1
203.8,0.0013408419775879927,11.458029104049135,0.18921068245001066,29.46521518171504,88154.38036465776,98027.93481581764,6.469611822150767,297.86796403391867,130.04505814192973,1.9502851320554433,65.0,100.0,4.0,80.0,0.0,130.11395442547658,0.0001,23.0,0.0001,250.0,0.9,0.0,0.0,1.0,1.0,1.3974174471509615,1.5937127493217342,,,,,,0.0,1
204.0,0.0013598316849977525,11.504464728188408,0.1892434668415183,29.47789277063794,88241.54386699908,98124.73865560832,6.484343584767551,297.9347515069298,158.36570455561684,1.9511961941713833,65.0,100.0,4.0,80.0,0.0,141.7461198669164,0.0001,23.0,63.086523440012144,250.0,0.9,0.0,0.0,1.0,1.0,1.3934482008814224,1.5944765760663873,1727.2411851467066,72.78274970932021,1202.5818121098757,29.16854862514449,20.819150750633835,0.0,1
204.2,0.0013912704534304386,11.515981116592387,0.18927880772795394,29.490624206608405,88329.84378012684,98222.74895847407,6.498473734787607,297.8672585177924,129.71784586003827,1.9521213641714088,65.0,100.0,4.0,80.0,0.0,147.4459538001957,0.0001,23.0,0.0001,250.0,0.9,0.0,0.0,1.0,1.0,1.3891815977317419,1.5952522496833292,,,,,,0.0,1
204.4,0.0014361344014953198,11.473231059697971,0.18912227330228995,29.504347418848006,88418.1440451824,98320.8868190553,6.510779003807279,297.934660609533,158.35631653961178,1.9530727287196616,65.0,100.0,4.0,80.0,0.0,147.50897128414545,0.0001,23.0,63.493161435525536,250.0,0.9,0.0,0.0,1.0,1.0,1.40695708734322,1.596049905030034,,,,,,0.0,1
204.6,0.0014566684643204885,11.440361777143416,0.18898617001065773,29.518643368568743,88505.46681971324,98418.08972520531,6.521993111514778,297.86719362685966,129.66178747466273,1.9540440238191263,65.0,100.0,4.0,80.0,0.0,142.63817241242427,0.0001,23.0,0.0001,250.0,0.9,0.0,0.0,1.0,1.0,1.422375223669179,1.5968642916307045,,,,,,0.0,1
204.8,0.0014165068977906841,11.429500042801626,0.18890126767086746,29.5330196909322,88590.90305380584,98513.33092798555,6.531122745531,297.93472408892666,158.4110707883191,1.9550083202806563,65.0,100.0,4.0,80.0,0.0,133.2646844914188,0.0001,23.0,63.65199236523179,250.0,0.9,0.0,0.0,1.0,1.0,1.431911403608307,1.5976728310066541,,,,,,0.0,1
205.0,0.001444568359632886,11.367492810747859,0.18877134627288966,29.54838967090057,88673.72833839792,98606.01895093755,6.534145000083188,297.86729297067194,129.67698372773293,1.9559775387244573,65.0,100.0,4.0,80.0,0.0,120.23038242978247,0.0001,23.0,0.0001,250.0,0.9,0.0,0.0,1.0,1.0,1.4466125026796663,1.5984855182445548,,,,,,0.0,1
205.2,0.0014028357415228842,11.34516003383257,0.1887149198906292,29.56405099182611,88753.69590808275,98695.7772760821,6.531790012059504,297.934613842354,158.39088246613304,1.956941270366451,65.0,100.0,4.0,80.0,0.0,105.9964525276443,0.0001,23.0,63.653456858776536,250.0,0.9,0.0,0.0,1.0,1.0,1.4528760632602016,1.599293625587549,,,,,,0.0,1
205.4,0.0013809514384362095,11.306115778788524,0.18857185329905732,29.5800626587125,88831.00241740457,98782.83012560761,6.5246401158491585,297.867247786586,129.6317671512062,1.957890177932687,65.0,100.0,4.0,80.0,0.0,92.7058312536891,0.0001,23.0,0.0001,250.0,0.9,0.0,0.0,1.0,1.0,1.4690835442361978,1.6000893229015192,,,,,,0.0,1
205.6,0.001397838899122182,11.263895124373445,0.1884303566632403,29.596554538709118,88906.2131441435,98867.80140414197,6.509620996120506,297.93423570257687,158.25409485214286,1.9588377803193258,65.0,100.0,4.0,80.0,0.0,82.28336651362686,0.0001,23.0,63.590577333710286,250.0,0.9,0.0,0.0,1.0,1.0,1.4851057856172882,1.600883945813059,,,,,,0.0,1
205.8,0.0013622343223473866,11.28029305814071,0.1884755058338173,29.612858485012463,88980.54435416359,98951.83623675193,6.497078459806694,297.8669082242079,129.46263420404924,1.9597781765418114,65.0,100.0,4.0,80.0,0.0,77.8988769331764,0.0001,23.0,0.0001,250.0,0.9,0.0,0.0,1.0,1.0,1.4797198987644713,1.601672545714932,,,,,,0.0,1
206.0,0.0013564992753438445,11.289901229610003,0.1884919052738042,29.629216491305986,89054.98423960361,99035.98306674081,6.486004955187635,297.9335881394312,158.00410539245047,1.960711637465756,65.0,100.0,4.0,80.0,0.0,78.5140246561381,0.0001,23.0,63.56367766681811,250.0,0.9,0.0,0.0,1.0,1.0,1.4776328728589758,1.6024553493060179,,,,,,0.0,1
206.2,0.0013012972927375255,11.363129765054287,0.1886668485517792,29.644280252581193,89130.43771757331,99121.02467794946,6.478185771066377,297.8663197534833,129.18894003942174,1.961624496867624,65.0,100.0,4.0,80.0,0.0,83.57547259880813,0.0001,23.0,0.0001,250.0,0.9,0.0,0.0,1.0,1.0,1.4573586506266332,1.603220895188295,,,,,,0.0,1
206.4,0.0012927394702321787,11.412962913526144,0.18879195998741075,29.658481325856105,89207.517843457,99207.67529024505,6.477519832540958,297.93293320710467,157.7489226127789,1.9625234184954428,65.0,100.0,4.0,80.0,0.0,91.76812419177269,0.0001,23.0,63.58664389352978,250.0,0.9,0.0,0.0,1.0,1.0,1.442799267051468,1.603974770684387,,,,,,0.0,1
206.6,0.0012795428007186954,11.455728645280255,0.18884895652357447,29.67194190534167,89286.28628580348,99295.98051558873,6.480728084391087,297.86572539756867,128.90859480207277,1.963414851018077,65.0,100.0,4.0,80.0,0.0,100.21486785844847,0.0001,23.0,0.0001,250.0,0.9,0.0,0.0,1.0,1.0,1.4360582796186943,1.6047223832881894,,,,,,0.0,1
206.8,0.0012458231360967802,11.509896007412102,0.18894076428234846,29.684378819285453,89366.47645895592,99385.64747683349,6.491228432379436,297.93234793670865,157.52267336104163,1.9642938388333433,65.0,100.0,4.0,80.0,0.0,107.38464577222435,0.0001,23.0,63.67072675240618,250.0,0.9,0.0,0.0,1.0,1.0,1.425321070261901,1.6054595763202657,,,,,,0.0,1
207.0,0.0012811277807611879,11.507671639420936,0.18894174490004043,29.69701874803246,89447.25309143277,99475.968480619,6.499337585056924,297.8651716614826,128.64462221333443,1.9651776962435707,65.0,100.0,4.0,80.0,0.0,110.32982747334161,0.0001,23.0,0.0001,250.0,0.9,0.0,0.0,1.0,1.0,1.4250128069651113,1.6062008707855515,1714.1787839459637,71.70541426623566,1130.6302102574707,29.406307569833274,20.68027938358412,0.0,1
207.2,0.0012531359990050831,11.545963033552795,0.18907370492381342,29.70939280082631,89527.9629093352,99566.16650668737,6.508942027468283,297.93181933757086,157.32103053425013,1.9660550549567837,65.0,100.0,4.0,80.0,0.0,110.0524418696863,0.0001,23.0,63.77428505630317,250.0,0.9,0.0,0.0,1.0,1.0,1.4096601766077441,1.6069367320082997,,,,,,0.0,1
0.2,1.0454084410318552,14.684742948284159,0.19385746319496622,0.001,57900.33681474649,62040.66556695899,6.454542744171147,297.66863155993383,204.75544129159113,0.08181551881555056,30.0,100.0,5.0,8.0,0.0,23.594326859092263,0.0001,22.0,220.03458574330352,0.0,0.6,0.0,1.0,2.0,2.0,0.5907117334097446,0.03010776748274267,,,,,,1.0,2
0.4,1.0961538269635596,14.652939525102948,0.2034135269531953,0.0009993917960739386,57905.98823801905,62050.80156523167,6.489643066827431,297.8796410781069,260.9580466106955,0.09207092563310965,30.0,100.0,5.0,8.0,0.0,41.281771902516695,0.0001,22.0,66.27378801323428,0.0,0.6,0.0,1.0,2.0,2.0,0.08502027322855203,0.03388623452042328,,,,,,1.0,2
0.6000000000000001,1.1455253061915998,14.63986995745399,0.20563697353297758,0.000998772181871831,57912.31070262122,62061.60359064687,6.529707656310558,297.8566361230072,254.82995376582693,0.09558293179347872,30.0,100.0,5.0,8.0,0.0,44.771845478927546,0.0001,22.0,0.0001,0.0,0.6,0.0,1.0,2.0,2.0,-0.034531085117565724,0.03518041782191333,,,,,,1.0,2
0.8,1.193760069863375,14.631135408093446,0.2061375839242239,0.0009981945320071772,57916.096380179566,62069.87741369775,6.556705843084116,298.14731000345415,332.267888862325,0.09776800038440661,30.0,100.0,5.0,8.0,0.0,32.28036517421787,0.0001,22.0,88.32674147172693,0.0,0.6,0.0,1.0,2.0,2.0,-0.06169691541632486,0.03598568089626397,,,,,,1.0,2
1.0,1.2406963524659382,14.598076569075564,0.20603617327910925,0.0009976712223527643,57916.62785967799,62074.89932089712,6.561886126108999,298.04104385183393,303.9562849524511,0.0997469474527991,30.0,100.0,5.0,8.0,0.0,16.140182587108935,95.07898053021404,22.0,8.832674147172694,0.0,0.6,0.0,1.0,2.0,2.0,-0.05645964155520101,0.036715021538894145,,,,,,1.0,2
1.2,1.286137388630374,14.569818119393318,0.205828939023246,0.0009971788310220472,57915.57321155659,62078.34055576634,6.55245138237873,297.95166768305285,280.1443171347671,0.10175731740050521,30.0,100.0,5.0,8.0,0.0005975100586393425,8.070091293554468,61.761229247417305,22.0,0.8832674147172694,0.0,0.6,0.0,1.0,2.0,2.0,-0.04553520224022469,0.03745598153444728,,,,,,1.0,2
1.4000000000000001,1.3304538819203604,14.540617391781495,0.20559051731760805,0.0009967018373135022,57913.732578934716,62081.00654556985,6.536406162715534,297.89541349144616,265.15700099063037,0.10385161478430627,30.0,100.0,5.0,8.0,0.0020192987195894307,4.035045646777234,33.26259159886658,22.0,0.08832674147172695,0.0,0.6,0.0,1.0,2.0,2.0,-0.0329488962048077,0.03822791580171285,,,,,,1.0,2
1.6,1.3732494536310014,14.518625583192284,0.20540243345041898,0.0009962360459536404,57911.07162233729,62082.85241637136,6.514359627026762,298.0438245374023,304.6959261767616,0.10604119168256279,30.0,100.0,5.0,8.0,0.0,0.0,9.978777479659973,22.0,48.7121085963673,0.0,0.6,0.0,1.0,2.0,2.0,-0.023084167151934558,0.03903501400059216,,,,,,1.0,2
1.8,1.4139044643698309,14.484886344317767,0.2051474569044539,0.0009957674235777617,57908.39895813175,62084.68357299572,6.493199789884049,297.9803322975362,287.78115290143785,0.10833727660718724,30.0,100.0,5.0,8.0,0.0,0.0,57.68050070081369,22.0,4.87121085963673,0.0,0.6,0.0,1.0,2.0,2.0,-0.009643485358736588,0.039881421435521834,,,,,,1.0,2
2.0,1.4519006040774436,14.467830389274864,0.20500534691751976,0.0009952917604575354,57906.178623037136,62086.95470487693,6.475973923890109,297.9262416575872,273.3714009288129,0.11074882466388196,30.0,100.0,5.0,8.0,0.0,2.1772713907914185,36.30601525492718,22.0,0.48712108596367304,0.0,0.6,0.0,1.0,2.0,2.0,-0.002280470229285411,0.04077044658100339,,,,,,1.0,2
2.2,1.4876855371150206,14.441906694192593,0.2048216808338782,0.0009947825267165766,57905.75849916381,62091.021168471496,6.472391993768887,298.09005985020923,317.0123460977554,0.11327132025842032,30.0,100.0,5.0,8.0,0.0,11.255889906687392,10.891804576478155,22.0,51.411815755678525,0.0,0.6,0.0,1.0,2.0,2.0,0.007297786385618685,0.041700432605541495,,,,,,1.0,2
2.4000000000000004,1.5211642830894134,14.410561186380843,0.20458510865452315,0.000994236346878817,57907.4211917423,62097.15957026918,6.483173792959676,298.0242945418968,299.4920583117238,0.11589745055238707,30.0,100.0,5.0,8.0,0.0,21.73930925191469,65.04882299022101,22.0,5.1411815755678525,0.0,0.6,0.0,1.0,2.0,2.0,0.01969790676169457,0.042668691222203285,,,,,,1.0,2
2.6000000000000005,1.5522746927767725,14.369698073245177,0.20425654419655578,0.0009936723481776101,57910.33126897394,62104.54270814891,6.499629275445487,297.9719108060159,285.53589456122717,0.11863345788532084,30.0,100.0,5.0,8.0,0.0,27.89355202541811,44.50839956060649,22.0,0.5141181575567852,0.0,0.6,0.0,1.0,2.0,2.0,0.037008838223200655,0.04367753207520519,,,,,,1.0,2
2.8000000000000003,1.5810211311564044,14.326823586801588,0.20390025254644867,0.000993112676410357,57913.16808564357,62111.85249192002,6.515401573028875,297.9451744782665,278.4122664221168,0.12149014898986976,30.0,100.0,5.0,8.0,0.0,27.472561635173143,27.84029581517531,22.0,0.051411815755678526,0.0,0.6,0.0,1.0,2.0,2.0,0.05577783748720589,0.04473094900252638,,,,,,1.0,2
3.0000000000000004,1.607874369071277,14.29718501073613,0.20364951528801564,0.000992575843941903,57914.64565217112,62117.81246636862,6.5213494855621805,298.06400090858693,310.07424098481016,0.12446668520153333,30.0,100.0,5.0,8.0,0.0,20.742744053520894,8.352088744552592,22.0,33.73036451647751,0.0,0.6,0.0,1.0,2.0,2.0,0.06887168802706876,0.04582864264222793,,,,,,1.0,2
3.2,1.632686328138025,14.267160957112345,0.20342783271331216,0.0009920689738796042,57914.29320006365,62121.947579346626,6.5133861502629795,298.03458942416563,302.2371445133183,0.1275596432007617,30.0,100.0,5.0,8.0,0.0,11.656026042784436,47.491772598218176,22.0,3.373036451647751,0.0,0.6,0.0,1.0,2.0,2.0,0.08039195326444308,0.04696936066571503,,,,,,1.0,2
3.4000000000000004,1.6699865128204296,14.23837530557676,0.20324020565092793,0.0009915583237266982,57914.17313001038,62126.79408581764,6.496112181126851,298.0097950384325,295.63021944476617,0.13078408890851984,30.0,100.0,5.0,15.0,0.0,5.779402580434592,38.853646317475466,22.0,0.3373036451647751,0.0,0.6,0.0,1.0,2.0,2.0,0.09007213679157547,0.04815867062526671,,,,,,1.0,2
3.6000000000000005,1.704553724653927,14.194541630753973,0.2029248459207872,0.0009910436322725252,57914.266806521155,62131.85492120321,6.480963959191251,297.99559050843004,291.8450732499171,0.1341447305654851,30.0,100.0,5.0,15.0,0.0,6.82050060017141,31.817272778921193,22.0,0.03373036451647751,0.0,0.6,0.0,1.0,2.0,2.0,0.10655734189672561,0.04939832156432214,,,,,,1.0,2
3.8000000000000003,1.7370143286615198,14.160795327985285,0.20267694115565027,0.0009905044177547047,57915.77984607393,62138.36194852466,6.474926124237271,297.98864373172904,289.9938682132812,0.13764902478896673,30.0,100.0,5.0,15.0,0.0,13.902720218519988,27.469981762285556,22.0,0.0033730364516477516,0.0,0.6,0.0,1.0,2.0,2.0,0.11941475075898379,0.05069107759890986,,,,,,1.0,2
4.0,1.767098175894152,14.128699518482085,0.20245736064776895,0.0009899332133835369,57919.19014196111,62146.788025284346,6.480777576756306,297.98723573608714,289.6186431128538,0.14130153590173006,30.0,100.0,5.0,15.0,0.0,23.384208973237754,25.014521841585776,22.0,0.0003373036451647752,0.0,0.6,0.0,1.0,2.0,2.0,0.13073805558197404,0.052038637291130736,,,,,,1.0,2
4.2,1.793868370025402,14.08293897106927,0.20212879364076758,0.0009893389025328078,57924.02457538872,62156.63090645406,6.496706498713519,297.99063300387564,290.52412571711307,0.14510048782572788,30.0,100.0,5.0,15.0,0.0,30.508192238701568,24.155004110227452,22.0,0.0001,0.0,0.6,0.0,1.0,2.0,2.0,0.1478516901760711,0.05344036089363175,,,,,,1.0,2
4.4,1.8459977392571614,14.037210797890708,0.20188943321637767,0.0009887436970545185,57929.00473411195,62168.076610858785,6.514690945918178,297.99693874403494,292.2049879756257,0.14904536822709727,30.0,100.0,5.0,15.0,0.0,31.245914503689722,24.858961567842186,30.0,0.0001,0.0,0.6,0.0,1.0,2.0,2.0,0.16018423494780382,0.054896075389941214,,,,,,1.0,2
4.6000000000000005,1.8956162838976185,14.002530667038737,0.20167477454075416,0.000988171689559012,57932.69194199406,62178.24232014269,6.521743321601535,298.00361813677335,293.9856316948819,0.15313574264726446,30.0,100.0,5.0,15.0,0.0,24.792311706381128,26.65770005972061,30.0,0.0001,0.0,0.6,0.0,1.0,2.0,2.0,0.17117936363996525,0.056405637047412666,,,,,,1.0,2
4.800000000000001,1.942236217816579,13.944611238714597,0.201288625099545,0.0009876312494876325,57934.52836983772,62186.57281509146,6.51414986148445,298.0124680294109,296.345081076222,0.15738922980641154,30.0,100.0,5.0,15.0,0.0,15.551000381066167,28.800000404590776,30.0,0.0001,0.0,0.6,0.0,1.0,2.0,2.0,0.19127950993627948,0.05797556633798056,,,,,,1.0,2
5.000000000000001,1.9850089832723656,13.882197872799093,0.20083191468382344,0.0009871108387848205,57935.125774186614,62193.65429434822,6.496888948530575,298.0230183887423,299.158027685886,0.16181771492081554,30.0,100.0,5.0,15.0,0.0,9.37022088837621,31.938798048010398,30.0,0.0001,0.0,0.6,0.0,1.0,2.0,2.0,0.2150945884522768,0.05961027078160511,,,,,,1.0,2
5.2,2.024316984333312,13.833327831252001,0.20047573891196155,0.0009865865648233108,57935.866441118196,62200.88705858123,6.480751230290117,298.0327209216581,301.74503677117,0.16642659110455263,30.0,100.0,5.0,15.0,0.0,10.100778986617215,35.97984892546248,30.0,0.0001,0.0,0.6,0.0,1.0,2.0,2.0,0.23352701445052537,0.061311763891515006,,,,,,1.0,2
5.4,2.0594056810616665,13.780329465414002,0.20011347511366226,0.0009860540198610322,57937.038627383794,62208.5515544909,6.4758793367410865,298.04111668463037,303.9837316218666,0.17122686119104916,30.0,100.0,0.0,15.0,0.0,17.2716457085151,40.11128466426737,30.0,0.0001,0.0,0.6,0.0,1.0,2.0,2.0,0.2522478308592012,0.06308413242952766,,,,,,1.0,2
5.6000000000000005,2.0907212205991166,13.732422999607449,0.19978860517170838,0.0009854906704187623,57940.02647463238,62218.039754336634,6.482587370414061,298.05006425835353,306.3697419539208,0.17622109095887042,30.0,100.0,0.0,15.0,0.0,26.363694656913427,44.16208845501072,30.0,0.0001,0.0,0.6,0.0,1.0,2.0,2.0,0.2689505291892158,0.06492835046288016,,,,,,1.0,2
5.800000000000001,2.1185480302672133,13.690951115190751,0.19952543785343085,0.0009849065584882808,57944.29179538993,62228.80758435929,6.496057054856443,298.0551541666982,307.7271869495775,0.1813923120256914,30.0,100.0,0.0,15.0,0.0,32.76248305612478,48.72790884084847,30.0,0.0001,0.0,0.6,0.0,1.0,2.0,2.0,0.28235321804344393,0.0668381788200915,,,,,,1.0,2
6.000000000000001,2.1426663156498478,13.63409675978244,0.19916752160895915,0.0009843203412941205,57948.75717010909,62239.7767655192,6.509473188189105,298.05976162957063,308.95610881981594,0.18674364888040523,30.0,100.0,0.0,15.0,0.0,33.77164068005499,52.29423010508424,30.0,0.0001,0.0,0.6,0.0,1.0,2.0,2.0,0.30074762859861565,0.06881479813250188,,,,,,1.0,2
6.2,2.1627578511410004,13.583089263569889,0.19885861099690316,0.0009837499478645994,57952.349661514374,62249.88188277868,6.5186854814320805,298.0690005035808,311.42058549465827,0.19229236817089077,30.0,100.0,0.0,15.0,0.0,29.419088830175152,55.91391173467852,30.0,0.0001,0.0,0.6,0.0,1.0,2.0,2.0,0.3165141646991007,0.07086461540810561,,,,,,1.0,2
6.4,2.178536462559509,13.506641931011618,0.19836411364979875,0.0009832070594136735,57954.33234221677,62258.37649646847,6.5144851710321,298.0767697436399,313.4932140247631,0.19805177733330565,30.0,100.0,0.0,15.0,0.0,21.383205681345324,61.307828405545706,30.0,0.0001,0.0,0.6,0.0,1.0,2.0,2.0,0.34206017283431356,0.0729925794728958,,,,,,1.0,2
6.6000000000000005,2.1909159485566665,13.43866560337271,0.1978944733002618,0.0009826848142580234,57955.04854834526,62265.628395152395,6.4991996894888855,298.0859733411131,315.9486448764023,0.20402535798794527,30.0,100.0,0.0,15.0,0.0,15.063629781856061,66.50644355513106,30.0,0.0001,0.0,0.6,0.0,1.0,2.0,2.0,0.3662434881052874,0.07520001210520186,,,,,,1.0,2
6.800000000000001,2.198896003896861,13.365911192326728,0.19740217716208527,0.0009821619688896138,57955.72366565758,62272.85796885304,6.484098381738917,298.0949176750715,318.33503748301007,0.21022070922894528,30.0,100.0,0.0,15.0,0.0,14.871366933609165,72.50228076944848,30.0,0.0001,0.0,0.6,0.0,1.0,2.0,2.0,0.39157376334455646,0.07748975911519866,,,,,,1.0,2
7.000000000000001,2.202476248675184,13.314396221008128,0.19708957993751444,0.0009816185144314498,57957.56251702816,62281.268176768644,6.477364864873844,298.1026265976502,320.3919549086501,0.21664737312369353,30.0,100.0,0.0,15.0,0.0,20.702227028410356,78.74304929577815,30.0,0.0001,0.0,0.6,0.0,1.0,2.0,2.0,0.40738431982040546,0.07986538781667366,,,,,,1.0,2
7.2,2.2012990983116154,13.253245518128054,0.19673563782551054,0.0009810464667755693,57961.100962973884,62291.372560136544,6.483805864040165,298.1040470781021,320.77102369620445,0.22330710556332098,30.0,100.0,0.0,15.0,0.0,29.20772949581955,84.8949578959326,30.0,0.0001,0.0,0.6,0.0,1.0,2.0,2.0,0.4253382465473672,0.08232759049406066,,,,,,1.0,2
7.4,2.195814484603466,13.180048886231885,0.1962799777663577,0.0009804554336537625,57965.81833170101,62302.66442282675,6.496451805987688,298.1134998031143,323.29377783946524,0.23019622496177056,30.0,100.0,0.0,15.0,0.0,35.112535916697105,89.17570414437517,30.0,0.0001,0.0,0.6,0.0,1.0,2.0,2.0,0.4486072638684827,0.08487505061388304,,,,,,1.0,2
7.6000000000000005,2.1859957554979133,13.11119292323758,0.1958297988755068,0.0009798627188174695,57970.70380684832,62314.126333718224,6.509074629377303,298.1183725142694,324.594396587293,0.23730345168403233,30.0,100.0,0.0,15.0,0.0,35.96514959396619,96.32800609901733,30.0,0.0001,0.0,0.6,0.0,1.0,2.0,2.0,0.4715432825126689,0.08750364184431203,,,,,,1.0,2
7.800000000000001,2.1703464418955676,13.02847495551737,0.19532474819043935,0.0009792848640558646,57974.74768503005,62324.74612299846,6.512260022198902,298.1315370330157,328.10865543139374,0.2446508173289904,30.0,100.0,0.0,15.0,0.0,31.772504424446563,102.19443862673626,30.0,0.0001,0.0,0.6,0.0,1.0,2.0,2.0,0.4973135025688636,0.09022155978803754,,,,,,1.0,2
8.0,2.148659547946229,12.935007862722943,0.19473927184284304,0.0009787253836643919,57977.700739739674,62334.27090177793,6.507935294747376,298.1368499716779,329.5271098595324,0.2522725588113091,30.0,100.0,0.0,15.0,0.0,26.332541747863978,111.1386215456474,30.0,0.0001,0.0,0.6,0.0,1.0,2.0,2.0,0.5272444282086548,0.09304152417414858,,,,,,1.0,2
8.2,2.1206611080863595,12.845695437132886,0.19417640799382233,0.0009781779180542823,57979.9091913712,62343.055320017724,6.498593271761923,298.1475992285675,332.3972205988872,0.2601856950321728,30.0,100.0,0.0,15.0,0.0,22.622504961451124,117.80549023159875,30.0,0.0001,0.0,0.6,0.0,1.0,2.0,2.0,0.5559238626119488,0.09596989440522287,,,,,,1.0,2
8.4,2.0870964390617046,12.975531754413757,0.19742688752824916,0.0009776295007954182,57982.12052635511,62351.83292047745,6.487801283615454,298.159838770033,335.66553510493213,0.2093763517065012,42.0,100.0,0.0,15.0,0.0,22.65361978320007,126.60601075646494,30.0,0.0001,0.0,0.6,0.0,1.0,2.0,2.0,0.5465020931361576,0.10804873840849277,,,,,,1.0,2
8.6,2.046536049835046,12.883934352473041,0.19755444755359103,0.000977065567979804,57985.19727226352,62361.481224721894,6.4817849158722485,298.17829141403865,340.593435416747,0.20896386459313776,42.0,100.0,0.0,15.0,0.0,27.003673452148316,136.28300420666403,30.0,0.0001,0.0,0.6,0.0,1.0,2.0,2.0,0.5371421764919438,0.10783529480254242,,,,,,1.0,2
8.799999999999999,1.9993437143221053,12.800829108698133,0.19718989575751894,0.0009764786513115131,57989.61819868463,62372.45084808746,6.483664755106611,298.18826603437196,343.257593656447,0.2146959495127939,42.0,100.0,0.0,15.0,0.0,33.747278773009796,148.55132370386383,30.0,0.0001,0.0,0.6,0.0,1.0,2.0,2.0,0.563220072024685,0.11080159756451496,,,,,,1.0,2
9.0,1.9449864053523267,12.697413405455984,0.19666561190250476,0.0009758719213873979,57995.23022728318,62384.610866635696,6.490683043476148,298.20720622470196,348.31711728495225,0.22120256314870182,42.0,100.0,0.0,15.0,0.0,39.726008402856706,158.54010091526274,30.0,0.0001,0.0,0.6,0.0,1.0,2.0,2.0,0.6009415635090477,0.11416924891880613,,,,,,1.0,2
9.2,1.8819705276308045,12.580846284119195,0.1960484073253664,0.0009752551452842626,58001.47164898151,62397.387275365814,6.498621114966601,298.21783563457615,351.15709198773516,0.2280362246970448,42.0,100.0,0.0,15.0,0.0,42.89721583444968,172.05963321556138,30.0,0.0001,0.0,0.6,0.0,1.0,2.0,2.0,0.645412673781874,0.11770678641993333,,,,,,1.0,2
9.4,1.813441147587319,12.495755317481924,0.1956511956976812,0.0009746391574447063,58007.71076101444,62410.18809068978,6.505550378101812,298.22055316183094,351.8833147581781,0.23510881299333006,42.0,100.0,0.0,15.0,0.0,42.89671167517994,183.35496162100353,30.0,0.0001,0.0,0.6,0.0,1.0,2.0,2.0,0.6736148303637003,0.12136867103598986,,,,,,1.0,2
9.6,1.7377917249152577,12.389543978706719,0.19515798680631308,0.0009740329780335131,58013.391217616525,62422.44073822126,6.509210387896746,298.2384935869802,356.6782573985382,0.24243536963184473,42.0,100.0,0.0,15.0,0.0,40.121938756404944,192.3816242464545,30.0,0.0001,0.0,0.6,0.0,1.0,2.0,2.0,0.7088100256207509,0.12516276144932464,,,,,,1.0,2
9.8,1.6530158322168018,12.271870110208067,0.19459616561440998,0.0009734409605900376,58018.220241017465,62433.82462670558,6.505179474091658,298.24776722109146,359.15724578786006,0.2500385009139951,42.0,100.0,0.0,15.0,0.0,35.885957539559215,206.8214330372042,30.0,0.0001,0.0,0.6,0.0,1.0,2.0,2.0,0.7489628008502853,0.1291008434103962,,,,,,1.0,2
10.0,1.5608189756453057,12.163693278712577,0.19405165166296484,0.0009728573514032657,58022.52690478819,62444.6796016345,6.495905787207935,298.24769301995514,359.1374608248254,0.25790267882491735,42.0,100.0,0.0,15.0,0.0,33.28235561904581,218.82979312872476,30.0,0.0001,0.0,0.6,0.0,1.0,2.0,2.0,0.7877617057775822,0.13317495704599044,,,,,,1.0,2
10.2,1.4598484345619984,12.041724832620298,0.19348333444500834,0.0009722696950729204,58027.05462619643,62455.759392776075,6.489767001164092,298.2515134514855,360.1590735576717,0.2660498672498132,42.0,100.0,0.0,15.0,0.0,34.3925709520954,228.02591227178692,30.0,0.0001,0.0,0.6,0.0,1.0,2.0,2.0,0.8282173569893193,0.137396567958489,,,,,,1.0,2
10.4,1.3507576977453484,11.927074809234208,0.19297552132154594,0.0009716697995886111,58032.28803720866,62467.552997939536,6.486174460221878,298.2685064167577,364.7036761985048,0.27449706090552956,42.0,100.0,0.0,15.0,0.0,37.938816792148785,238.6330059066003,30.0,0.0001,0.0,0.6,0.0,1.0,2.0,2.0,0.8641594805028053,0.14177457885365138,,,,,,1.0,2
10.6,1.2325416121981108,11.804408184914164,0.1924402929811378,0.0009710528079999131,58038.51329812096,62480.3418302428,6.484944309121217,298.2895244217705,370.3257623856226,0.283254456070455,42.0,100.0,0.0,15.0,0.0,42.92819925686312,253.8986801197407,30.0,0.0001,0.0,0.6,0.0,1.0,2.0,2.0,0.9020216186674153,0.1463143790858223,,,,,,1.0,2
10.8,1.1037963124433625,11.6751214890719,0.1918854719054753,0.0009704174677202494,58045.8305359954,62494.20430386519,6.486193030036286,298.29796341898157,372.5836154279442,0.29234145855563665,42.0,100.0,0.0,15.0,0.0,48.41155311769107,271.09143523803596,30.0,0.0001,0.0,0.6,0.0,1.0,2.0,2.0,0.9412240431525016,0.15102614258712013,,,,,,1.0,2
11.0,0.9663089809066233,11.560071545928059,0.19138018009911079,0.0009697659950017991,58054.14159616918,62509.06919322113,6.489632529915216,298.3018814775673,373.6321846313976,0.3017549689209694,42.0,100.0,0.0,15.0,0.0,53.393313418978735,284.7024200546447,30.0,0.0001,0.0,0.6,0.0,1.0,2.0,2.0,0.9767284895127744,0.15590838354231198,,,,,,1.0,2
11.2,0.8213274233568316,11.416360338122644,0.19063985613893147,0.0009691031014297188,58063.171526619546,62524.65968935816,6.492813233803603,298.30462246717815,374.3659333023312,0.3114411164638652,42.0,100.0,0.0,15.0,0.0,56.99577819835504,297.1644859994458,30.0,0.0001,0.0,0.6,0.0,1.0,2.0,2.0,1.029253086611663,0.1609332769878741,,,,,,1.0,2
11.4,0.6665901341293653,11.299658177380477,0.19009955753459779,0.0009684330349093614,58072.66550864179,62540.67394363017,6.496103939702597,298.3132445582976,376.6744759642648,0.32143063518972176,42.0,100.0,0.0,15.0,0.0,59.32988975327041,309.4012973845718,30.0,0.0001,0.0,0.6,0.0,1.0,2.0,2.0,1.0671288939541475,0.16611688066688063,,,,,,1.0,2
11.6,0.5042446258302244,11.162044508619497,0.18942012107424178,0.0009677600529558528,58082.359535701085,62556.885248736005,6.497370128643549,298.31715834310944,377.7226964175818,0.3316890991937105,42.0,100.0,0.0,15.0,0.0,60.34240374973377,323.7787039178759,30.0,0.0001,0.0,0.6,0.0,1.0,2.0,2.0,1.1150172934867781,0.17144144729048255,,,,,,1.0,2
11.8,0.33592289553578913,11.04485914039408,0.18878027346612794,0.0009670859635409102,58092.15532718333,62573.187843339234,6.497403390213062,298.31120227235635,376.1272942927465,0.3422062537738737,42.0,100.0,0.0,15.0,0.0,60.853862027054696,336.81096493073017,30.0,0.0001,0.0,0.6,0.0,1.0,2.0,2.0,1.1599353693366194,0.17690176470542865,,,,,,1.0,2
12.0,0.16636341658733664,10.98984057213617,0.18842211734321104,0.0009664111584707335,58102.05333498959,62589.585897005825,6.497539086017681,298.28960664436534,370.3408099760541,0.3529273503728669,42.0,100.0,0.0,15.0,0.0,61.349531780280024,346.62020500143046,30.0,0.0001,0.0,0.6,0.0,1.0,2.0,2.0,1.1843910597906278,0.18246950773700019,1943.4853552620475,8.264664974552787,1479.453823696317,0.0009787253836643919,1.684280513274058,1.0,2
12.2,0.02871465186087405,11.501610793130634,0.1893950583466818,0.0009657362756538182,58112.043982793926,62606.08066827163,6.504493456106047,298.257634291847,361.771209410452,0.3634689880264017,42.0,100.0,0.0,15.0,0.0,61.78645719382679,350.8844690885404,30.0,0.0001,0.0,0.6,0.0,1.0,2.0,2.0,1.1124541126477245,0.18794557221850228,,,,,,1.0,2
12.4,0.014150286704176725,12.094156837396465,0.19303178063969248,0.000965023660201054,58124.580947574585,62626.25188986846,6.528787440804024,298.1320289964018,328.09706186313406,0.37213817219476125,42.0,100.0,0.0,30.0,0.0,59.410681614567636,350.8762238433515,30.0,0.0001,0.0,0.6,0.0,1.0,2.0,2.0,0.8462137379872893,0.19245008245207482,,,,,,1.0,2
12.6,0.013523078242034184,12.087388332586867,0.19396943417556486,0.0009643575005863506,58134.720440768826,62644.0060515486,6.546496723206335,298.0237872423925,299.0704487075198,0.37943933475178054,42.0,100.0,0.0,30.0,0.0,47.25009768005294,317.4434755029039,30.0,0.0001,0.0,0.6,0.0,1.0,2.0,2.0,0.7764445924476283,0.19624455914751512,,,,,,1.0,2
12.8,0.013061729821048288,12.899717344511966,0.19406210404584429,0.000963758478065436,58141.04553904168,62657.935999913425,6.542024066901145,297.9520333935037,279.8247464829279,0.3865092594320837,42.0,100.0,0.0,30.0,0.0,28.058617524175407,285.9931974505925,30.0,0.0001,0.0,0.7,0.0,1.0,2.0,2.0,0.7686317669921379,0.19991954883617608,,,,,,1.0,2
13.0,0.012730400632326468,12.85966536937006,0.1939963988198505,0.0009632173881217025,58143.91634701649,62668.42113625029,6.509887151691338,297.92105067346023,271.51335934621034,0.39353625013138577,42.0,100.0,0.0,30.0,0.0,10.714364513612285,262.94195432875756,30.0,0.0001,0.0,0.7,0.0,1.0,2.0,2.0,0.7724504608270345,0.2035728934040688,,,,,,1.0,2
13.2,0.012505256402951576,12.839254455011634,0.19396649114967035,0.0009626713528251415,58145.74172223167,62677.87267488037,6.472670970817177,298.9633138379586,551.1393547823088,0.40055123133847725,42.0,100.0,0.0,30.0,0.0,6.28800053561996,78.88258629862726,30.0,270.0881734275662,0.0,0.7,0.0,1.0,2.0,2.0,0.7736430672036422,0.20722066285276744,,,,,,1.0,2
13.4,0.012101229767641953,12.824537098546575,0.19395082108046438,0.0009620761101584169,58149.535633596555,62689.28120746054,6.4554771861443125,298.85080423045616,520.9509670707944,0.4075439334773394,42.0,100.0,0.0,30.0,0.0,16.722268617649572,435.735148705648,30.0,27.00881734275662,0.0,0.7,0.0,1.0,2.0,2.0,0.7737937201931573,0.21085751231400063,,,,,,1.0,2
13.6,0.011881340258348071,12.80639967228919,0.1938834812330592,0.0009614295464318712,58156.82994509181,62704.17852156944,6.463478595531532,298.64177490611775,464.85487306049674,0.41450158662781855,42.0,100.0,0.0,30.0,0.0,33.971966284280654,425.2266293070186,30.0,2.700881734275662,0.0,0.7,0.0,1.0,2.0,2.0,0.7777428263053461,0.21447679226651797,,,,,,1.0,2
13.8,0.011571217780779002,12.807216087568802,0.19396502122521936,0.0009607442429106494,58166.98066570185,62721.924809064425,6.4864478414728195,298.4611335528016,416.3670324431771,0.42142929984701655,42.0,100.0,0.0,30.0,0.0,47.993254659044766,385.86049310863916,30.0,0.2700881734275662,0.0,0.7,0.0,1.0,2.0,2.0,0.770765357560695,0.21808115133210598,,,,,,1.0,2
14.0,0.011200843458402629,12.798379201232743,0.19393821855873644,0.0009600505763811964,58178.14377733904,62740.64037480349,6.513310671944305,298.3194854261923,378.33631245606847,0.4283021882361964,42.0,100.0,0.0,30.0,0.0,52.83094779551395,349.17350512651694,30.0,0.02700881734275662,0.0,0.7,0.0,1.0,2.0,2.0,0.7717505500327311,0.22165763058104168,,,,,,1.0,2
14.2,0.010969042194686491,12.777512310187735,0.19394917051057883,0.0009593830005802956,58188.16232848927,62758.220343324036,6.533304139848202,298.20899067560185,348.66215887732795,0.43514468159600406,42.0,100.0,0.0,30.0,0.0,46.92464424307819,318.95221982623514,30.0,0.002700881734275662,0.0,0.7,0.0,1.0,2.0,2.0,0.7699673780677281,0.225218930883054,,,,,,1.0,2
14.4,0.010622694129527824,12.767761097470533,0.19400673565576612,0.0009587652397220416,58195.42449620472,62773.01633783093,6.536756895814174,298.13844508802737,329.71291686721344,0.44196304358576943,42.0,100.0,0.0,30.0,0.0,33.02928098933073,293.87459530432056,30.0,0.00027008817342756623,0.0,0.7,0.0,1.0,2.0,2.0,0.764763088748764,0.2287683048279967,,,,,,1.0,2
14.6,0.010363503341440034,12.718353877043223,0.19380942905353138,0.0009582000472289868,58199.65359019039,62784.7959776517,6.517566265384441,298.0890106357644,316.43215991359324,0.4487669517523732,42.0,100.0,0.0,30.0,0.0,17.780458473517232,278.20222855562054,30.0,0.0001,0.0,0.7,0.0,1.0,2.0,2.0,0.7782819072902593,0.2323107849647057,,,,,,1.0,2
14.8,0.01035367836934531,12.674868744871972,0.19366384446764268,0.0009576594180575721,58202.389230700945,62795.11457442186,6.487656932914978,298.0513418437565,306.31109273469,0.45558549998963016,42.0,100.0,0.0,30.0,0.0,10.255234045181084,266.8681252327302,30.0,0.0001,0.0,0.7,0.0,1.0,2.0,2.0,0.787997265831888,0.23586151932642085,,,,,,1.0,2
15.0,0.010097842210630063,12.6507199482867,0.19355750469727315,0.0009571054682984467,58206.02016668913,62806.3314436047,6.466961401877181,298.0329990451907,301.3820487482909,0.46241536214865075,42.0,100.0,0.0,30.0,0.0,14.694486113965844,257.5810492231494,30.0,0.0001,0.0,0.7,0.0,1.0,2.0,2.0,0.7948285245445592,0.2394187796076915,,,,,,1.0,2
15.2,0.009881219339846004,12.635982256189862,0.19354605837003744,0.0009565152169100367,58212.1937067002,62820.10202354478,6.467004553105852,298.0001577557573,292.5556613433455,0.46923799783831394,42.0,100.0,0.0,30.0,0.0,27.37214517220604,253.460618798873,30.0,0.0001,0.0,0.7,0.0,1.0,2.0,2.0,0.7946948639725439,0.2429729099783827,,,,,,1.0,2
15.4,0.009693763883680534,12.611486493134695,0.1934755068738347,0.0009558960075355021,58220.90609266019,62836.42347036204,6.4820524508764645,297.9383444797119,275.93929957311605,0.4760576730959397,42.0,100.0,0.0,30.0,0.0,39.9938556482948,243.50540912824286,30.0,0.0001,0.0,0.7,0.0,1.0,2.0,2.0,0.79890051382574,0.24652613149906594,,,,,,1.0,2
15.6,0.00977477782748002,12.581418122459375,0.19334937807193275,0.0009552390976061023,58230.78247576843,62853.932097567005,6.50300590658712,298.9430775136218,546.0838549393818,0.48287136330447966,42.0,100.0,0.0,30.0,0.0,46.595603202431114,73.05162273847286,30.0,266.17017364114486,0.0,0.7,0.0,1.0,2.0,2.0,0.8071860318219932,0.2500768671863681,,,,,,1.0,2
15.8,0.009572531762831349,12.555713450579521,0.19321942319591545,0.0009545908440968732,58240.217258202,62870.97905991979,6.520366715080564,298.67925330724114,475.13292861031925,0.4896658792650494,42.0,100.0,0.0,30.0,0.0,44.818554368557855,417.8360369969343,30.0,26.61701736411449,0.0,0.7,0.0,1.0,2.0,2.0,0.8157538132419324,0.25361824057613364,,,,,,1.0,2
16.0,0.009495820586147705,12.498473489450177,0.19297162550402158,0.0009539898429649999,58247.98383525863,62886.39628443417,6.524986693916043,298.42312338084713,406.2367410735966,0.49647018681340827,42.0,100.0,0.0,30.0,0.0,36.105323718010595,354.6465948020992,30.0,2.661701736411449,0.0,0.7,0.0,1.0,2.0,2.0,0.8329621043417252,0.2571653478256774,,,,,,1.0,2
16.2,0.009227199717032751,12.483365574815092,0.19290122874527066,0.0009534790347507229,58253.706634943555,62899.73295698323,6.516459103988925,298.22728793634604,353.54971437372876,0.5032593279062273,42.0,100.0,0.0,30.0,0.0,25.568324187639675,293.73245076556344,30.0,0.2661701736411449,0.0,0.7,0.0,1.0,2.0,2.0,0.8371590519451656,0.26070517764283624,,,,,,1.0,2
16.4,0.03409340560595201,11.033111968918387,0.18798452855766193,0.0009527650897919851,58267.03321070231,62925.05110592362,6.475129471170039,298.2306351233135,354.45107740613423,0.5118534139205512,42.0,100.0,0.0,75.0,0.0,18.456077743812457,243.9573236424114,35.0,0.026617017364114495,0.0,0.7,0.0,1.0,2.0,2.0,1.1943235871428728,0.2651869993587064,,,,,,1.0,2
16.6,0.03270875818664787,10.943703794385236,0.18641334630862422,0.0009520132498969116,58282.26588345533,62952.25390444272,6.446858726316832,298.2139211259517,349.951843187236,0.5223418091289441,42.0,100.0,0.0,75.0,0.0,27.993352568757466,255.1041665929199,35.0,0.00266170173641145,0.0,0.7,0.0,1.0,2.0,2.0,1.3065121990320923,0.27065806931178155,,,,,,1.0,2
16.8,0.031675790030565525,10.884091468696141,0.18605826348650353,0.0009511940654074797,58301.65165236334,62983.708212503174,6.443978045268241,298.1730972092483,338.9578261753737,0.5332206822575725,42.0,100.0,0.0,75.0,0.0,48.72343245249647,257.9615507250928,35.0,0.000266170173641145,0.0,0.7,0.0,1.0,2.0,2.0,1.3306623475066433,0.2763344101642671,,,,,,1.0,2
17.0,0.029474294597420948,10.844015951943945,0.18591755809302,0.000950305409859235,58325.409862747096,63019.540064077795,6.452181314808143,298.17062288739226,338.2911769270236,0.5442309096780661,42.0,100.0,0.0,75.0,0.0,70.56742714607289,252.02469666582078,35.0,0.0001,0.0,0.7,0.0,1.0,2.0,2.0,1.3393250190623165,0.2820809332051776,,,,,,1.0,2
17.2,0.027942054045264172,10.818807812570647,0.18591268130595232,0.0009493583178520716,58352.886093419984,63059.087276892315,6.463994497838679,298.1679336665886,337.5662390302231,0.5552880438159076,42.0,100.0,0.0,75.0,0.0,89.16590803788831,257.9683803475774,35.0,0.0001,0.0,0.7,0.0,1.0,2.0,2.0,1.338186015314586,0.28785360382803316,,,,,,1.0,2
17.4,0.026868306735527397,10.758349644064916,0.1857541674812749,0.000948368612012956,58383.13996282689,63101.4689378275,6.475399867138537,298.14744726051015,332.04025662076776,0.5664000415801178,42.0,100.0,0.0,75.0,0.0,103.04920015738463,263.4575148614543,35.0,0.0001,0.0,0.7,0.0,1.0,2.0,2.0,1.3481196250509215,0.29365659990646026,,,,,,1.0,2
17.6,0.02630128317089617,10.675291742369742,0.18547584195914613,0.0009473512918552713,58415.2599437499,63145.83684072328,6.485348222836544,298.133395324736,328.24761463705346,0.5776148557420455,42.0,100.0,0.0,75.0,0.0,112.36977517230544,262.7073864174808,35.0,0.0001,0.0,0.7,0.0,1.0,2.0,2.0,1.3666741731038892,0.29951500039274637,,,,,,1.0,2
17.8,0.02446422414845697,10.661770102022327,0.18548654367634934,0.0009463193211217632,58448.446513000286,63191.21725397073,6.494342619027986,298.1251434174035,326.01881639314195,0.5889046346983914,42.0,100.0,0.0,75.0,0.0,117.7024282262008,263.5423888901188,35.0,0.0001,0.0,0.7,0.0,1.0,2.0,2.0,1.3643846954399514,0.30541429772441064,,,,,,1.0,2
18.0,0.02342881612982651,10.621819139593304,0.18546493593219612,0.0009452841595886117,58481.97658306157,63236.948375140404,6.502297682702234,298.11876843407566,324.29584472722485,0.6002059380205779,42.0,100.0,0.0,75.0,0.0,119.42463659324355,265.80319505630496,35.0,0.0001,0.0,0.7,0.0,1.0,2.0,2.0,1.3644222667016117,0.3113213628308056,,,,,,1.0,2
18.2,0.022422452780315228,10.575649677571105,0.1852728018298119,0.0009442563834445299,58515.2133374367,63282.35244156644,6.508953793287215,298.101818260088,319.71129055896023,0.6115082321936542,42.0,100.0,0.0,75.0,0.0,117.95512205277969,268.3585932658326,35.0,0.0001,0.0,0.7,0.0,1.0,2.0,2.0,1.3767518391184692,0.3172306936115934,,,,,,1.0,2
18.4,0.020911080182141873,10.531106888071934,0.18505974900623648,0.0009432443959655017,58547.6261617232,63326.88335974972,6.514722377842604,298.0698864654117,311.0693526927772,0.6228089914164597,42.0,100.0,0.0,75.0,0.0,113.81554486750775,267.0124118928885,35.0,0.0001,0.0,0.7,0.0,1.0,2.0,2.0,1.3905862751332079,0.32314097009209436,,,,,,1.0,2
18.6,0.020082699724201493,10.472997286281279,0.18493413707319492,0.0009422556930961327,58578.75010137405,63370.16314526163,6.519050880126172,298.06330825978125,309.2878092520819,0.634131317592734,42.0,100.0,0.0,75.0,0.0,107.35976190177459,259.94125378776414,35.0,0.0001,0.0,0.7,0.0,1.0,2.0,2.0,1.3981165557354809,0.32906427993035325,,,,,,1.0,2
18.8,0.01917894554100147,10.406896672458803,0.18469365692347212,0.0009412947834280774,58608.23313974499,63411.81508985737,6.5220794089732435,298.06830477599954,310.6417802414564,0.645496968312543,42.0,100.0,0.0,75.0,0.0,99.16875694216253,260.53200375827544,35.0,0.0001,0.0,0.7,0.0,1.0,2.0,2.0,1.4139125998903996,0.3350120215387882,,,,,,1.0,2
19.0,0.018099444274474744,10.363800443513416,0.1845181706502314,0.0009403653976830043,58635.8317265791,63451.53583126908,6.524210501652328,298.0677339530997,310.48698459828756,0.6568718153562088,42.0,100.0,0.0,75.0,0.0,89.76196542973003,264.67919813760875,35.0,0.0001,0.0,0.7,0.0,1.0,2.0,2.0,1.4250244658145923,0.3409663483495362,,,,,,1.0,2
19.2,0.017447114285057404,10.326933874848894,0.18441883068773074,0.0009394707674554235,58661.380346050166,63489.17161873735,6.524338605347748,298.0392029393093,302.7464296089452,0.6682119201489821,42.0,100.0,0.0,75.0,0.0,79.49866400890443,267.00621946551723,35.0,0.0001,0.0,0.7,0.0,1.0,2.0,2.0,1.4306590824043621,0.34690425488128324,,,,,,1.0,2
19.400000000000002,0.016839406886038032,10.281796028523138,0.18436543241895015,0.0009386104453473749,58684.868751656824,63524.764535314425,6.521101245402654,298.03256073663226,300.94345083539446,0.6795515327441805,42.0,100.0,0.0,75.0,0.0,69.18765975288161,259.7073241208078,35.0,0.0001,0.0,0.7,0.0,1.0,2.0,2.0,1.4329873347577688,0.3528436676838532,,,,,,1.0,2
19.6,0.015966909852435932,10.240085070242483,0.18423644843957449,0.0009377798249564964,58706.557675890275,63558.50338646058,6.515163860999712,298.01259274090097,295.5208473140326,0.690885804600699,42.0,100.0,0.0,75.0,0.0,60.18057343261863,259.0998570247597,35.0,0.0001,0.0,0.7,0.0,1.0,2.0,2.0,1.440756868376389,0.35878204660852736,,,,,,1.0,2
19.8,0.015210979248829515,10.218183934164271,0.18416664016028392,0.0009369711762242631,58726.92425238098,63590.84031692694,6.506845575431428,297.9986692118538,291.73795860509625,0.7021630518065864,42.0,100.0,0.0,75.0,0.0,53.55437681507419,253.48174264125137,35.0,0.0001,0.0,0.7,0.0,1.0,2.0,2.0,1.444275325479443,0.36469229906365913,,,,,,1.0,2
20.0,0.01453036222972439,10.196611703306571,0.1841705029053974,0.0009361733835339722,58746.63271198178,63622.47099714372,6.499135321646692,298.0007699417252,292.3089425676373,0.7133835939042742,42.0,100.0,0.0,75.0,0.0,50.26548704525529,249.30011287174185,35.0,0.0001,0.0,0.7,0.0,1.0,2.0,2.0,1.442499403454763,0.3705745668460792,,,,,,1.0,2
20.2,0.014618268946256447,8.671695635986756,0.16793981848204695,0.0009353765435863441,58766.29910219356,63654.175053638646,6.492374908165651,297.99569925537367,290.9301345567107,1.2125134940792022,20.0,100.0,0.0,75.0,0.0,50.06090546749625,250.0793865897508,35.0,0.0001,0.0,0.7,0.0,1.0,2.0,2.0,1.2043011414310667,0.30190476525859605,,,,,,1.0,2
20.400000000000002,0.05070271738288838,6.4797562381996245,0.1530037355944854,0.0009343313756524833,58801.45175158978,63706.9049367431,6.458895850473131,298.1044488800968,320.52075418883817,1.4070087063625722,20.0,100.0,0.0,150.0,0.0,52.567811020419434,248.34311713913212,35.0,0.0001,0.0,0.7,0.0,1.0,2.0,2.0,1.6812804799099628,0.3512331925764121,,,,,,1.0,2
20.6,0.05078404930077542,6.207686985075285,0.1439516222169215,0.0009332309102776893,58839.774242175125,63762.94075939967,6.4324029203776565,298.2079126697955,348.69345652159626,1.4979003994917701,20.0,100.0,0.0,150.0,0.0,68.597454612024,285.7384898927663,35.0,0.0001,0.0,0.7,0.0,1.0,2.0,2.0,1.964423665502987,0.37437243357208005,,,,,,1.0,2
20.8,0.04338210807589045,6.186937932001853,0.13975098100296582,0.0009320444552688215,58883.384240554544,63823.94890757592,6.4168540041613245,298.22661159251646,353.7895163727417,1.5517897470425164,20.0,100.0,0.0,150.0,0.0,95.14517306685049,324.53470815702735,35.0,0.0001,0.0,0.7,0.0,1.0,2.0,2.0,2.093444614695152,0.3881178954215322,,,,,,1.0,2
21.0,0.03936773944746006,6.1206498804346205,0.13775871963561256,0.0009307552773916905,58933.541065354424,63891.467996067026,6.407497502913317,298.22828350533325,354.24577587014215,1.593195872539387,20.0,100.0,0.0,150.0,0.0,127.91547347837519,338.0065831903446,35.0,0.0001,0.0,0.7,0.0,1.0,2.0,2.0,2.1535577976131965,0.39869261196677547,,,,,,1.0,2
21.2,0.03705178870372085,6.023626862811373,0.1365547493648933,0.0009293525712421309,58990.99842238175,63966.339136831644,6.401030761054363,298.24009736668745,357.4721586446486,1.630356249754503,20.0,100.0,0.0,150.0,0.0,164.4528257757255,346.94108591109716,35.0,0.0001,0.0,0.7,0.0,1.0,2.0,2.0,2.1892556831610763,0.4081928848102932,,,,,,1.0,2
21.400000000000002,0.033381664933539196,5.963097137341785,0.1357394870090154,0.0009278291800800142,59056.27734802941,64048.955279654125,6.3964964134557185,298.2372003996733,356.6801783245352,1.6660816207874154,20.0,100.0,0.0,150.0,0.0,203.59382002292602,359.5649601821667,35.0,0.0001,0.0,0.7,0.0,1.0,2.0,2.0,2.21293800964865,0.41733511307276006,,,,,,1.0,2
21.6,0.03042352212194285,5.921694058933516,0.13529304092317476,0.000926242385570653,59125.83405557629,64135.74923980532,6.393604123247734,298.2212115785569,352.30333675828444,1.7013024221485171,20.0,100.0,0.0,150.0,0.0,225.0,367.48055385291696,35.0,0.0001,0.0,0.7,0.0,1.0,2.0,2.0,2.2252304267025753,0.4263566994502503,,,,,,1.0,2
21.8,0.029375154270979326,5.709992449146815,0.13437555480874758,0.0009246601065511809,59195.39109753734,64222.775914328,6.390504960901763,298.19195974525604,344.28538988545284,1.7365448473743408,20.0,100.0,0.0,150.0,0.0,225.0,370.8811528081067,35.0,0.0001,0.0,0.7,0.0,1.0,2.0,2.0,2.2520504495251448,0.43539226257675295,,,,,,1.0,2
22.0,0.027499102094436706,5.560020776840059,0.1333407375534645,0.0009230828666413891,59264.95066852624,64309.85465673521,6.387724000004126,298.16054937721697,335.66345632413316,1.772125506968262,20.0,100.0,0.0,150.0,0.0,225.0,369.2046206735666,35.0,0.0001,0.0,0.7,0.0,1.0,2.0,2.0,2.282431599441374,0.4445231173749426,,,,,,1.0,2
22.2,0.024572118646000052,5.5721342170714445,0.13289665152164956,0.0009215102331171988,59334.51420508737,64396.66940697553,6.386745155604665,298.1186624134728,324.15136220726396,1.8078068268623244,20.0,100.0,0.0,150.0,0.0,225.0,365.7859228969435,35.0,0.0001,0.0,0.7,0.0,1.0,2.0,2.0,2.2946051774145193,0.4536884675054761,,,,,,1.0,2
22.400000000000002,0.022902231422007396,5.509904043738177,0.132572783196243,0.0009199426534705902,59404.0799824074,64483.42077231358,6.386604963188526,298.1014677453963,319.41917746634107,1.843417696733758,20.0,100.0,0.0,150.0,0.0,225.0,357.59109981113704,35.0,0.0001,0.0,0.7,0.0,1.0,2.0,2.0,2.303083556765898,0.46284438327934646,,,,,,1.0,2
22.6,0.022510538737616208,5.353318119701075,0.1319700881775866,0.0009183798349630035,59473.647200068546,64570.33709603673,6.385923819776736,298.06727896893005,309.99785191860315,1.879120479045502,20.0,100.0,0.0,150.0,0.0,225.0,356.4229320580514,35.0,0.0001,0.0,0.7,0.0,1.0,2.0,2.0,2.3201261481292264,0.47203262952603336,,,,,,1.0,2
22.8,0.021424184734752237,5.273484026901815,0.1314200054286628,0.0009168219777336057,59543.2176438035,64657.25106573199,6.38541249193636,298.03520702434025,301.14796599468906,1.9150215812592688,20.0,100.0,0.0,150.0,0.0,225.0,348.56180464013426,35.0,0.0001,0.0,0.7,0.0,1.0,2.0,2.0,2.3355360876334643,0.4812807090434026,,,,,,1.0,2
23.0,0.020537063087980974,5.184943349144583,0.13088121563240881,0.0009152688279327416,59612.78920869673,64744.1669346855,6.385201598878843,298.01500025977117,295.56481844038836,1.9510419305070799,20.0,100.0,0.0,150.0,0.0,225.0,340.2763609150263,35.0,0.0001,0.0,0.7,0.0,1.0,2.0,2.0,2.350587896203585,0.49056838197475583,,,,,,1.0,2
23.2,0.019350085756598332,5.141745161149495,0.1305115495100831,0.0009137201144757785,59682.35910297334,64830.993769472,6.385467640696044,298.00223073806694,292.03186992872446,1.9870995521719268,20.0,100.0,0.0,150.0,0.0,225.0,334.8658301358761,35.0,0.0001,0.0,0.7,0.0,1.0,2.0,2.0,2.360448356751402,0.499874581851404,,,,,,1.0,2
23.400000000000002,0.01853825932350671,5.072302653483492,0.1301866837388304,0.0009121753343632029,59751.92201020745,64917.80242420291,6.385929700904879,298.0169678259429,296.114507077821,2.023155412806857,20.0,100.0,0.0,150.0,0.0,225.0,331.1744056236042,35.0,0.0001,0.0,0.7,0.0,1.0,2.0,2.0,2.3689357726817604,0.5091892600435984,,,,,,1.0,2
23.6,0.016657392371219663,5.192814846158514,0.1305340201736421,0.0009106341016701146,59821.47545712242,65004.21362053262,6.388285484097394,298.0257593504723,298.5528801544898,2.0589897540523245,20.0,100.0,0.0,150.0,0.0,225.0,336.43812503110644,35.0,0.0001,0.0,0.7,0.0,1.0,2.0,2.0,2.3568218025934646,0.5184555736483365,,,,,,1.0,2
23.8,0.016387853797793454,5.062122480067145,0.13038548900089483,0.0009090971134527469,59891.02195671036,65090.72775951831,6.389906155654736,298.0212690762956,297.3057465111147,2.094588041340018,20.0,100.0,0.0,150.0,0.0,225.0,339.99696630753397,35.0,0.0001,0.0,0.7,0.0,1.0,2.0,2.0,2.3599245320318127,0.5276696071313031,,,,,,1.0,2
24.0,0.01560059246936192,4.98563955991348,0.13003265215328672,0.000907564640194598,59960.56642131508,65177.21566060184,6.391313638181298,297.99764929538617,290.7365109702963,2.1301962020602643,20.0,100.0,0.0,150.0,0.0,225.0,339.34786092531215,35.0,0.0001,0.0,0.7,0.0,1.0,2.0,2.0,2.3692978293540214,0.536894943430233,1971.8253398686861,18.725952221232983,1217.7107423233517,0.0009361733835339722,7.115525931062171,1.0,2
24.2,0.01576754884606937,4.817209172680212,0.12936656701395308,0.0009060365973318052,60030.10913497457,65263.90892094442,6.391621023310325,297.9892435436292,288.3957684025807,2.1659410211491625,20.0,100.0,0.0,150.0,0.0,225.0,332.03030392896966,35.0,0.0001,0.0,0.7,0.0,1.0,2.0,2.0,2.3882689151130614,0.5461644961122748,,,,,,1.0,2
24.400000000000002,0.0025257394042352676,11.580110480334987,0.1870658082306486,0.024687721446913512,60075.69469837671,65317.964092965,6.433650923082136,297.6537605015993,194.8722613939283,0.9086936020188274,55.0,100.0,0.0,30.0,0.0,225.0,329.2193165066129,35.0,0.0001,0.0,0.7,0.0,1.0,2.0,2.0,1.5800782898110128,0.6197214998168249,,,,,,1.0,2
24.6,0.0025256670274683615,11.583984928140772,0.19327396449105055,0.05119939896124761,60121.07976987558,65371.788662486164,6.473485155181372,299.2623530195711,643.6699876879122,0.834656179581963,55.0,100.0,0.0,30.0,0.0,225.0,98.76579495198388,35.0,497.01069085646225,0.0,0.7,0.0,1.0,2.0,2.0,0.9983400172940161,0.5686753503432691,,,,,,1.0,2
24.8,0.0024940697122150914,11.578352527469624,0.1938559237960003,0.07788344030943987,60166.36333334133,65425.49844986759,6.508830291769485,298.49462320158165,429.28687573896644,0.8342670646339718,55.0,100.0,0.0,30.0,0.0,225.0,643.2623552774437,35.0,49.701069085646225,0.0,0.7,0.0,1.0,2.0,2.0,0.9421597594761801,0.5684073315531456,,,,,,1.0,2
25.0,0.0024902713650255858,11.557653007528055,0.193920665965113,0.10486102376921602,60211.01472473864,65478.58298619622,6.5398300649599275,297.9974397737032,290.3332456449805,0.8382479112045793,55.0,100.0,0.0,30.0,0.0,220.91788938784032,413.66936242021194,35.0,4.970106908564623,0.0,0.7,0.0,1.0,2.0,2.0,0.9351433720036945,0.5711494312313418,,,,,,1.0,2
25.2,0.0024773930557659583,11.534793584435011,0.1939182612492597,0.13201403149117447,60252.46272695122,65528.44337276089,6.567164372343602,297.7210326764858,213.02291833066135,0.8425957882120655,55.0,100.0,0.0,30.0,0.0,204.39414511889905,266.4474234963827,35.0,0.4970106908564623,0.0,0.7,0.0,1.0,2.0,2.0,0.9345533351018666,0.5741446773811073,,,,,,1.0,2
25.400000000000002,0.0024805748849298904,12.213690939318624,0.19345803629050157,0.15928810879611807,60273.35978843369,65557.73811928775,6.588432948100254,298.66830159743785,478.1066624824071,0.846954598321783,55.0,100.0,0.0,30.0,0.0,102.19707255944952,79.93422704891482,35.0,280.8671603948462,0.0,0.8,0.0,1.0,2.0,2.0,0.9782370613583179,0.5771477984740195,,,,,,1.0,2
25.6,0.002466379050570526,12.115117366506237,0.1932220543378859,0.18657929708296425,60283.95889128254,65576.75684718075,6.594084860335305,298.3068795039938,376.930362175416,0.8513177417352881,55.0,100.0,0.0,30.0,0.0,51.09853627972476,398.3537833747261,35.0,28.086716039484624,0.0,0.8,0.0,1.0,2.0,2.0,1.0002177193061548,0.580154249260179,,,,,,1.0,2
25.8,0.002430729540396235,12.04059991875372,0.1929424796502756,0.21431076871228194,60289.537921522046,65590.76259000802,6.571350399441367,298.04102443139357,302.49193250210715,0.855680428006247,55.0,100.0,0.0,30.0,0.00020722438275952673,25.54926813986238,291.61995413330817,35.0,2.8086716039484627,0.0,0.8,0.0,1.0,2.0,2.0,1.0263966575559913,0.5831607293689627,,,,,,1.0,2
26.0,0.0024197442771216136,11.979727012612347,0.1927262647833349,0.24230761110563542,60292.62123948828,65602.28606260142,6.529974696872231,297.8908274880355,260.4312087929951,0.8600473933895176,55.0,100.0,0.0,30.0,0.003364354376358332,12.77463406993119,214.118601186826,35.0,0.28086716039484627,0.0,0.8,0.0,1.0,2.0,2.0,1.0464458034968704,0.5861705032296339,,,,,,1.0,2
26.2,0.0023827095544692585,11.955054789231276,0.19277192273194496,0.27071655464082717,60293.08994339982,65611.1824294578,6.4737869156861745,298.6620034663634,476.41109784669874,0.8644068899680662,55.0,100.0,0.0,30.0,0.0,0.25832437968035826,64.23558035604779,35.0,214.54841843709605,0.0,0.8,0.0,1.0,2.0,2.0,1.0412215942589227,0.5891754736923394,,,,,,1.0,2
26.400000000000002,0.002345017840493008,11.944287767688518,0.19274232412670664,0.2994015258489234,60295.50432232443,65622.01097983986,6.4388651744858985,298.42135497283846,409.0066474016145,0.8687460217597403,55.0,100.0,0.0,30.0,0.0,10.277628183997749,327.32380075569074,35.0,21.454841843709605,0.0,0.8,0.0,1.0,2.0,2.0,1.0432639652236224,0.5921667484132013,,,,,,1.0,2
26.6,0.002317149068847599,11.967119888092919,0.1928770985222139,0.32833996566183593,60302.76329644604,65637.67269925731,6.43709343303687,298.2276807186994,354.7506958580172,0.8730633887559422,55.0,100.0,0.0,30.0,0.0,34.188189526382274,263.3413806407578,35.0,2.1454841843709604,0.0,0.8,0.0,1.0,2.0,2.0,1.0294432356539134,0.5951433573595214,,,,,,1.0,2
26.8,0.002344193852798745,11.963363045569706,0.19285848386697016,0.3575278210830404,60314.98088405181,65658.3071171658,6.460778266707209,298.10809291857805,321.2415775250286,0.8773735847193407,55.0,100.0,0.0,30.0,0.0,58.76865504678443,214.12943814565827,35.0,0.21454841843709604,0.0,0.8,0.0,1.0,2.0,2.0,1.0304308037411738,0.5981153588614282,,,,,,1.0,2
27.0,0.002374933562162705,11.944569587431305,0.19287480805477253,0.3867085082870741,60330.246919256446,65682.03411177317,6.489288341474862,298.0275804150617,298.6746797606977,0.8817104108625948,55.0,100.0,0.0,30.0,0.0,73.87112522972583,182.862230961067,35.0,0.021454841843709604,0.0,0.8,0.0,1.0,2.0,2.0,1.0280397495140385,0.601106062146566,,,,,,1.0,2
27.2,0.002353174212454371,11.92932904553867,0.19282343200309732,0.4164141044276019,60346.275354530735,65706.51578686551,6.514808234331085,297.98781064446416,287.52367751281173,0.886039709637807,55.0,100.0,0.0,30.0,0.0,77.60121188167011,160.03581019551964,35.0,0.0021454841843709604,0.0,0.8,0.0,1.0,2.0,2.0,1.0321872823298932,0.6040919142498548,,,,,,1.0,2
27.400000000000002,0.0023414106394792676,11.89817812126942,0.19278646456874451,0.44643839818459685,60361.014805228304,65729.70772798132,6.534295199905931,297.96412829777654,280.8810671538443,0.8903543398825429,55.0,100.0,0.0,30.0,0.0,71.11612163588825,147.95334868054886,35.0,0.00021454841843709604,0.0,0.8,0.0,1.0,2.0,2.0,1.0349462878793323,0.6070679874658946,,,,,,1.0,2
27.6,0.0023326462127412815,11.857240482175609,0.1927138380283921,0.47662462340901735,60372.8987426774,65750.0349531691,6.546335880401992,297.9515972554277,277.3652557111792,0.8946580110694585,55.0,100.0,0.0,30.0,0.0,56.82033118784469,139.62411152020712,35.0,0.0001,0.0,0.8,0.0,1.0,2.0,2.0,1.0411502057294142,0.6100368375025279,,,,,,1.0,2
27.8,0.002294930423926701,11.82054059885424,0.19263056530331313,0.5071957433631794,60380.959610395585,65766.50739397321,6.541516663407646,297.9451057565359,275.5435321130839,0.8989294478656308,55.0,100.0,0.0,30.0,0.0,37.69664247702573,134.13333067663962,35.0,0.0001,0.0,0.8,0.0,1.0,2.0,2.0,1.0483873982261214,0.6129837827679862,,,,,,1.0,2
28.0,0.0022929052351306515,11.79053614304143,0.19265876252264266,0.5378425869613027,60385.49132945069,65779.44646033504,6.514793212674432,298.5196037720604,436.7933035753479,0.9031735134550667,55.0,100.0,0.0,30.0,0.0,20.538999138044016,40.23999920299188,35.0,143.92686844979983,0.0,0.8,0.0,1.0,2.0,2.0,1.0448688967591941,0.615912171595961,,,,,,1.0,2
28.2,0.002260001057154868,11.763884209758514,0.19259922370161262,0.568853759261034,60388.68206357868,65791.03170886044,6.4812705547105605,298.43611320441573,413.35585716571074,0.9073883813770399,55.0,100.0,0.0,30.0,0.0,14.124877949270214,236.43196667073312,35.0,14.392686844979984,0.0,0.8,0.0,1.0,2.0,2.0,1.0498257183769606,0.6188207372624824,,,,,,1.0,2
28.400000000000002,0.0026467640400572503,11.461424270283725,0.19176052373469277,0.5976130903464396,60394.69477570631,65805.96023666541,6.459461700718943,298.34983603140324,389.13244545430683,0.9119713903903144,55.0,100.0,0.0,37.0,0.0,21.114198273861167,222.80412716915208,35.0,1.4392686844979985,0.0,0.8,0.0,1.0,2.0,2.0,1.1298496195968875,0.6219837125555794,,,,,,1.0,2
28.6,0.0025909843622701385,11.492270165835324,0.19174533474099403,0.6269158910145401,60403.86315109245,65823.99154000048,6.459691448084089,298.2871176077562,371.51994730991765,0.9166914740563535,55.0,100.0,0.0,37.0,0.0,36.79254257251524,210.0189269027679,35.0,0.14392686844979985,0.0,0.8,0.0,1.0,2.0,2.0,1.1304329168360805,0.6252416883591305,,,,,,1.0,2
28.8,0.0025536035437272054,11.516667805758708,0.19189659143048451,0.656562945483474,60416.160951971426,65845.1282054291,6.475588784231674,298.22173205130065,353.15341382172085,0.92137204780645,55.0,100.0,0.0,37.0,0.0,52.34383790289646,202.14700071975884,35.0,0.014392686844979985,0.0,0.8,0.0,1.0,2.0,2.0,1.1149841542049508,0.6284727919315694,,,,,,1.0,2
29.0,0.0025112097275263433,11.51464360853539,0.19186396428642138,0.6868201725220142,60430.309915656515,65868.08061713997,6.497067674165978,298.18519634044316,342.8878249954148,0.9260042382576616,55.0,100.0,0.0,37.0,0.0,61.536669315156885,190.826282210799,35.0,0.0014392686844979987,0.0,0.8,0.0,1.0,2.0,2.0,1.1172642179000876,0.6316708866665226,,,,,,1.0,2
29.2,0.0024842049995784307,11.523121752054191,0.1919642189052367,0.717439780621066,60444.58869500104,65891.12932287034,6.516434346220955,298.1592866363789,335.6054019124831,0.930579086513766,55.0,100.0,0.0,37.0,0.0,62.14344757091773,187.02680556215512,35.0,0.00014392686844979987,0.0,0.8,0.0,1.0,2.0,2.0,1.1067454943745139,0.6348297740347777,,,,,,1.0,2
29.400000000000002,0.0024684586204156813,11.511674791886655,0.19200055555651804,0.7484031434432301,60457.44755235718,65912.73098588052,6.53084351885132,298.1276440051014,326.708748678998,0.935101608451073,55.0,100.0,0.0,37.0,0.0,55.00345628402496,185.30683825803933,35.0,0.0001,0.0,0.8,0.0,1.0,2.0,2.0,1.1023967837623057,0.6379529038567027,,,,,,1.0,2
29.6,0.002468619082544277,11.460041167606322,0.19191149259015614,0.779474478406076,60467.72954481639,65931.77022861154,6.533559858752783,298.1070064307337,320.9048621567012,0.9396139099804791,55.0,100.0,0.0,37.0,0.0,42.090020948217926,180.55770211198563,35.0,0.0001,0.0,0.8,0.0,1.0,2.0,2.0,1.1101413431755922,0.6410693456628578,,,,,,1.0,2
29.8,0.0024133097247839765,11.429815688936273,0.19184772787744797,0.8110494574361173,60475.217999485794,65947.9808916809,6.519534178991117,298.1013717777265,319.3199001048135,0.944098180750257,55.0,100.0,0.0,37.0,0.0,28.108907808560495,178.46170888101355,35.0,0.0001,0.0,0.8,0.0,1.0,2.0,2.0,1.115451466479732,0.6441667940225811,,,,,,1.0,2
30.0,0.002396218700511895,11.395133058099123,0.1917667346412923,0.8430532432480143,60481.04163478124,65962.51731773304,6.494339846507925,298.0911000752463,316.4299866245998,0.9485486218208826,55.0,100.0,0.0,37.0,0.0,19.774548146511822,180.68527655380834,35.0,0.0001,0.0,0.8,0.0,1.0,2.0,2.0,1.1224283883571975,0.6472412359106413,,,,,,1.0,2
30.2,0.002353479438547749,11.378320011728913,0.19167046751420302,0.8753635546045042,60487.21792673142,65977.38293799979,6.474081099260707,298.08960928290077,316.01047843484645,0.9529641763807241,55.0,100.0,0.0,37.0,0.0,21.53340104680294,180.98524076042892,35.0,0.0001,0.0,0.8,0.0,1.0,2.0,2.0,1.1308832387374212,0.6502919329966046,,,,,,1.0,2
30.400000000000002,0.0023223867753210644,12.222450045397046,0.19174233711933333,0.9080186436045016,60495.36149675105,65994.2016894669,6.4706733260442935,298.08496049278176,314.7020849853638,0.9573466087653537,55.0,100.0,0.0,37.0,0.0,31.36844118192402,183.9642079915616,35.0,0.0001,0.0,0.9,0.0,1.0,2.0,2.0,1.1231383120880647,0.6533200961353324,,,,,,1.0,2
30.6,0.002293599630447531,12.229051109823553,0.19184461323215043,0.9408923628886302,60505.73860742735,66013.23520307994,6.481754145674582,298.077859982258,312.70314461809045,0.9616991102665096,55.0,100.0,0.0,37.0,0.0,42.531061851487145,185.73190445187464,35.0,0.0001,0.0,0.9,0.0,1.0,2.0,2.0,1.1124647356729853,0.6563279229671432,,,,,,1.0,2
30.8,0.002255606245206876,12.246082520351091,0.1919120011215459,0.973963806234893,60517.46028177588,66033.5524300767,6.498235845458285,298.0776104923891,312.6328847848421,0.9659981688759586,55.0,100.0,0.0,37.0,0.0,49.254469214035765,186.5031127263923,35.0,0.0001,0.0,0.9,0.0,1.0,2.0,2.0,1.1051624635742827,0.6592991555402882,,,,,,1.0,2
31.0,0.0022669218793957575,12.232009690959405,0.19196717196820612,1.0072278982696388,60529.206869604786,66053.89197578568,6.5122580551506735,298.0876402727475,315.457985967247,0.970268170125241,55.0,100.0,0.0,37.0,0.0,49.3934882693693,189.39004188522333,35.0,0.0001,0.0,0.9,0.0,1.0,2.0,2.0,1.0990422298370297,0.6622506379363028,,,,,,1.0,2
31.2,0.0021951224377874533,12.244919588886415,0.19206438445666857,1.04117204533185,60539.857812240865,66073.06688420144,6.520936952044639,298.0935719274599,317.12917653350513,0.9744751642284335,55.0,100.0,0.0,37.0,0.0,43.93103944289429,195.76258074746804,35.0,0.0001,0.0,0.9,0.0,1.0,2.0,2.0,1.0888754049287457,0.6651588929730295,,,,,,1.0,2
31.400000000000002,0.0021715954440676326,12.245295632795829,0.1921635847952205,1.0754318342260363,60548.72207494525,66090.40060249182,6.5211208509653344,298.0813734784085,313.69153426744265,0.9786096265702738,55.0,100.0,0.0,37.0,0.0,34.99527850512442,201.0202884985931,35.0,0.0001,0.0,0.9,0.0,1.0,2.0,2.0,1.0785267284046622,0.668017320893735,,,,,,1.0,2
31.6,0.0021671630212523794,12.2072085250463,0.19215531892804835,1.1097430914048028,60555.78881300725,66105.94658940169,6.50887447354592,298.0732245684044,311.3946126557266,0.9827263572443504,55.0,100.0,0.0,37.0,0.0,25.996517310833042,200.27628344527386,35.0,0.0001,0.0,0.9,0.0,1.0,2.0,2.0,1.0785534522370488,0.6708637984661784,,,,,,1.0,2
31.8,0.002141771259284017,12.183973243463953,0.19220124174076234,1.1442794418644033,60562.04120070894,66120.69295893348,6.491302515928685,298.0767344984884,312.38413747817054,0.9868445734837086,55.0,100.0,0.0,37.0,0.0,21.926026803347916,200.60790330205108,35.0,0.0001,0.0,0.9,0.0,1.0,2.0,2.0,1.0733481891810281,0.673711611500842,,,,,,1.0,2
32.0,0.002128100091188636,12.176583949951553,0.1922783843542771,1.1792033096852557,60568.88322203927,66136.03955260266,6.479669797868603,298.08193681974865,313.8510676902698,0.9909544159078619,55.0,100.0,0.0,37.0,0.0,24.884234232980212,204.62586732123398,35.0,0.0001,0.0,0.9,0.0,1.0,2.0,2.0,1.065128351683273,0.6765539413521915,,,,,,1.0,2
32.2,0.00213931953596937,12.155831877732721,0.19229202799549175,1.213890882365444,60577.24110448859,66152.9255318685,6.481087298057436,298.0856034280243,314.88517358269763,0.9950781333734169,55.0,100.0,0.0,37.0,0.0,32.4731655867684,209.27188737370258,35.0,0.0001,0.0,0.9,0.0,1.0,2.0,2.0,1.063037113039508,0.6794061757945253,,,,,,1.0,2
32.400000000000006,0.0024250656116363133,11.936237803766502,0.19179637024071475,1.2473381392178045,60588.19304926889,66172.78862031706,6.488193373488182,298.10850938573196,321.3469653869177,0.9994796135783106,55.0,100.0,0.0,43.0,0.0,39.46951179373412,213.57048055991982,35.0,0.0001,0.0,0.9,0.0,1.0,2.0,2.0,1.1100587073334822,0.6824508704918172,,,,,,1.0,2
32.6,0.0024199812208662293,11.929591111116862,0.19169940612733943,1.2809535730776456,60599.97349553719,66193.44637523594,6.499169341039427,298.1150152563831,323.1827828910728,1.0039912875518229,55.0,100.0,0.0,43.0,0.0,43.63789780889705,224.65566495791222,35.0,0.0001,0.0,0.9,0.0,1.0,2.0,2.0,1.1185693488120012,0.6855721567802835,,,,,,1.0,2
32.800000000000004,0.00241157293544448,11.922757747224406,0.1917622127950243,1.3145740618867723,60611.70467562433,66214.05295141412,6.509285215230224,298.12190611164084,325.1277927462194,1.0084913594107041,55.0,100.0,0.0,43.0,0.0,43.40769544142729,230.79749761470126,35.0,0.0001,0.0,0.9,0.0,1.0,2.0,2.0,1.1116697997599847,0.6886857853839865,,,,,,1.0,2
33.00000000000001,0.0023885173882463033,11.91219869329862,0.19185228200999502,1.3484609978352624,60622.575991150334,66233.79467133689,6.514968512885281,298.14042350710804,330.35582800949265,1.0129709975250645,55.0,100.0,0.0,43.0,0.0,39.13343208279792,237.43912076309883,35.0,0.0001,0.0,0.9,0.0,1.0,2.0,2.0,1.1021412966799808,0.6917856417722658,,,,,,1.0,2
33.2,0.0024294154139877784,11.826933803635901,0.1916084389902132,1.3823170034785244,60632.1323524027,66252.28251265793,6.511751688878761,298.1601140920947,335.9164102050184,1.0174821584537144,55.0,100.0,0.0,43.0,0.0,32.59025897995212,248.34741997138124,35.0,0.0001,0.0,0.9,0.0,1.0,2.0,2.0,1.1248241922187485,0.6949076806915485,,,,,,1.0,2
33.400000000000006,0.002421168858403691,11.784626995200608,0.19156081709928996,1.416432890521045,60640.63203938517,66269.74876377748,6.5012078068605685,298.19275975893214,345.1376804918648,1.0220265733545286,55.0,100.0,0.0,43.0,0.0,27.353084456809928,260.26767284233216,35.0,0.0001,0.0,0.9,0.0,1.0,2.0,2.0,1.1285689840241575,0.6980531082679547,,,,,,1.0,2
33.6,0.002422687764760449,11.75383161418779,0.19145898113104384,1.4507000510655497,60648.918037878684,66287.0051585987,6.490367435218596,298.23229151899875,356.3064718789398,1.0265686399137413,55.0,100.0,0.0,43.0,0.0,26.342580423720737,277.3870269673955,35.0,0.0001,0.0,0.9,0.0,1.0,2.0,2.0,1.137542444889826,0.7011972861655932,,,,,,1.0,2
33.800000000000004,0.0024492362219345485,11.705555748994804,0.1913551864728637,1.4847322278276733,60657.859827453896,66304.97650757286,6.484292325321077,298.2439377053525,359.5975447517491,1.0311411121672676,55.0,100.0,0.0,43.0,0.0,29.659299082519237,298.00913264905023,35.0,0.0001,0.0,0.9,0.0,1.0,2.0,2.0,1.146697811360755,0.7043628914326737,,,,,,1.0,2
34.00000000000001,0.0023374070782207733,11.762416502179406,0.1915484724389467,1.519495612810262,60667.94473782565,66323.99229616633,6.485086409853189,298.25452427509816,362.58992648942547,1.0356458054789817,55.0,100.0,0.0,43.0,0.0,35.39691880866585,310.4415107030454,35.0,0.0001,0.0,0.9,0.0,1.0,2.0,2.0,1.127217157905756,0.7074819444991219,,,,,,1.0,2
34.2,0.0023212405040126437,11.746494464664309,0.19159476824421143,1.5546076241143163,60679.108384394334,66344.1039784917,6.491114989978598,298.26076748945206,364.35511745389465,1.040109884405329,55.0,100.0,0.0,43.0,0.0,40.808629704133715,323.15419481836676,35.0,0.0001,0.0,0.9,0.0,1.0,2.0,2.0,1.1219171193320752,0.7105732408200853,,,,,,1.0,2
34.400000000000006,0.0023629094224645285,11.707064656854818,0.19158710431461745,1.589605540514505,60690.870490334026,66364.87197304112,6.498424479541605,298.2578928579232,363.54214936782665,1.0446023527234598,55.0,100.0,0.0,43.0,0.0,43.806292969037855,334.7733648135513,35.0,0.0001,0.0,0.9,0.0,1.0,2.0,2.0,1.1218173637103104,0.7136845628642166,,,,,,1.0,2
34.6,0.0023874587109279912,11.658460706912184,0.19152476161736176,1.6244053954412292,60702.645125691335,66385.72005980261,6.503929963537121,298.27174107639604,367.4595805972038,1.049143757154721,55.0,100.0,0.0,43.0,0.0,43.883583140979134,343.51357368288984,35.0,0.0001,0.0,0.9,0.0,1.0,2.0,2.0,1.1269841743805171,0.7168301501249045,,,,,,1.0,2
34.800000000000004,0.002369981592230469,11.621555172904078,0.19136568905227092,1.6594374400367589,60713.99165088535,66406.13185571556,6.506600328057612,298.27490781314617,368.3556677820253,1.0536879795792722,55.0,100.0,0.0,43.0,0.0,41.76172212735503,357.98375096460757,35.0,0.0001,0.0,0.9,0.0,1.0,2.0,2.0,1.141480692049519,0.7199780655222672,,,,,,1.0,2
35.00000000000001,0.002391091710981038,11.561197862250852,0.19124406014650192,1.6943635601857294,60724.69993791382,66425.96361600394,6.503442651353727,298.269135562828,366.7219139448138,1.05826408719467,55.0,100.0,0.0,43.0,0.0,38.57182376807828,369.162703869708,35.0,0.0001,0.0,0.9,0.0,1.0,2.0,2.0,1.1523568295030955,0.7231484491385938,,,,,,1.0,2
35.2,0.002381136759155993,11.529023515170614,0.19115504953850568,1.7294442723336712,60735.025406992536,66445.41562455146,6.4979863124725314,298.26925229057974,366.7549580614218,1.0628513971866258,55.0,100.0,0.0,43.0,0.0,36.65912605451536,377.4565699772985,35.0,0.0001,0.0,0.9,0.0,1.0,2.0,2.0,1.1600842288398077,0.7263269771162806,,,,,,1.0,2
35.400000000000006,0.002307386493769934,11.548723517409554,0.1912017276799613,1.7650614271874878,60745.40960108175,66464.85515826203,6.4930796846032,298.2308117552719,355.86928985802626,1.0673768232187624,55.0,100.0,0.0,43.0,0.0,36.92475269385646,387.6327165350824,35.0,0.0001,0.0,0.9,0.0,1.0,2.0,2.0,1.154740440804134,0.7294630019781484,,,,,,1.0,2
35.6,0.0023089304982607086,11.523769832789025,0.19120850291364294,1.8008494111227944,60756.25261416128,66484.77326039085,6.491126307180842,298.1783106258556,340.99785370722446,1.0718771721398217,55.0,100.0,0.0,43.0,0.0,39.15000457767043,384.4668172924695,35.0,0.0001,0.0,0.9,0.0,1.0,2.0,2.0,1.1532483426071933,0.7325820193647332,,,,,,1.0,2
35.800000000000004,0.002256679558376628,11.543799984390139,0.1913315505764727,1.8371038011013217,60767.710136901886,66505.25987639795,6.4929332158675335,298.1214454094166,324.88626039332513,1.0763364393574835,55.0,100.0,0.0,43.0,0.0,42.15108934076042,375.2976724813603,35.0,0.0001,0.0,0.9,0.0,1.0,2.0,2.0,1.1405483584161857,0.7356729290398926,,,,,,1.0,2
36.00000000000001,0.002270363176988029,11.492575876557122,0.1912182035344427,1.8735546034159087,60779.63420567041,66526.26291798199,6.497512604108651,298.09014468275876,316.0153303722872,1.08079813975447,55.0,100.0,0.0,43.0,0.0,44.424267696478466,362.7595797501099,35.0,0.0001,0.0,0.9,0.0,1.0,2.0,2.0,1.150649753012091,0.7387658883689356,1876.202135382217,32.26263545239125,710.6280271907652,1.1792033096852557,12.648539062477857,1.0,2
36.2,0.0022155369878283844,11.522860963476901,0.1913876736420536,1.9103145961819803,60791.655244537345,66547.2997710908,6.502937168016894,298.0520486256153,305.21556122984305,1.085219673485449,55.0,100.0,0.0,43.0,0.0,44.86289159473096,356.9415210295725,35.0,0.0001,0.0,0.9,0.0,1.0,2.0,2.0,1.1334752796519512,0.7418313615699695,,,,,,1.0,2
36.400000000000006,0.002382604452377961,11.344988311266619,0.19099067267117376,1.946220523615618,60804.13691022052,66569.06804660033,6.504729548566329,298.0314630607798,299.3782500369802,1.0897954553739528,55.0,100.0,0.0,47.0,0.0,43.13092133092149,347.413562368475,35.0,0.0001,0.0,0.9,0.0,1.0,2.0,2.0,1.170914235583826,0.7450041515636895,,,,,,1.0,2
36.6,0.002369227041592455,11.315266361270577,0.1908978669638458,1.9825006011048363,60816.13696451668,66590.35476350434,6.503560081977114,298.01080300852686,293.51789888751284,1.0944543612379363,55.0,100.0,0.0,47.0,0.0,40.69436912226723,342.5490863893683,35.0,0.0001,0.0,0.9,0.0,1.0,2.0,2.0,1.1789937331881788,0.7482349713818492,,,,,,1.0,2
36.800000000000004,0.002346690823230159,11.303313708178989,0.190913471626111,2.0190431314914363,60827.75378015027,66611.24084228772,6.501453712992656,297.9596094863883,278.9925970935903,1.099095072445501,55.0,100.0,0.0,47.0,0.0,38.72518802422245,336.7556248776144,35.0,0.0001,0.0,0.9,0.0,1.0,2.0,2.0,1.1766259747275143,0.7514535677035866,,,,,,1.0,2
37.00000000000001,0.0023531877379507076,11.282070247561576,0.1909736031190613,2.055749836468933,60839.15681238378,66631.93486288966,6.498151476218309,297.91818558299974,267.2360701651692,1.1037298572327106,55.0,100.0,0.0,47.0,0.0,37.594817411657445,319.65392295145534,35.0,0.0001,0.0,0.9,0.0,1.0,2.0,2.0,1.1699657108640837,0.7546684462473927,,,,,,1.0,2
37.2,0.0023557217817647617,11.24434347691836,0.1908319920271197,2.092708992751582,60850.39322537896,66652.46242161657,6.496839808202215,299.08352330230724,598.0591221667869,1.1083555235157763,55.0,100.0,0.0,47.0,0.0,37.79045703359166,95.8961768854366,35.0,335.64559683342,0.0,0.9,0.0,1.0,2.0,2.0,1.1827576678131404,0.7578773910114893,,,,,,1.0,2
37.400000000000006,0.002382155839652707,11.19701228417002,0.19072421416410243,2.1295088635485975,60861.655148371174,66673.04943755253,6.494214241136468,298.93084314994894,554.7041431925343,1.1130007675359401,55.0,100.0,0.0,47.0,0.0,38.50203005081328,495.1803286844289,35.0,33.564559683342,0.0,0.9,0.0,1.0,2.0,2.0,1.1922823005205039,0.761100310721183,,,,,,1.0,2
37.6,0.00238985124241319,11.157922780359598,0.19064386369803732,2.1664478583751876,60873.33354650273,66694.08549105076,6.493403580134441,298.6935455543697,487.30232878772244,1.1176730582855954,55.0,100.0,0.0,47.0,0.0,40.2778404456234,474.3977670625306,35.0,3.3564559683342,0.0,0.9,0.0,1.0,2.0,2.0,1.1991574955048592,0.7643423934514406,,,,,,1.0,2
37.800000000000004,0.0023434945541256844,11.183397225251936,0.19078585769127177,2.204006481577526,60885.48922355091,66715.55705835174,6.49421888346119,298.52156770637754,438.4401580623857,1.122305565566963,55.0,100.0,0.0,47.0,0.0,42.368740069675844,428.5818158534571,35.0,0.33564559683342,0.0,0.9,0.0,1.0,2.0,2.0,1.1846101366196764,0.767557264458333,,,,,,1.0,2
38.00000000000001,0.0023598975442711994,11.136412762451338,0.19069150510060104,2.241322174457823,60898.041953124935,66737.46079951091,6.49603210376421,298.36822378289196,394.8605899480587,1.1269397748334695,55.0,100.0,0.0,47.0,0.0,44.13297461384916,397.0371485518766,35.0,0.033564559683342,0.0,0.9,0.0,1.0,2.0,2.0,1.1928437542123156,0.7707737090685896,,,,,,1.0,2
38.2,0.002385772734617814,11.085660943150089,0.1905945081346669,2.278696516070057,60910.843234251115,66759.66700603746,6.498670363370387,298.25322201781916,362.1675880523236,1.1316119572063221,55.0,100.0,0.0,47.0,0.0,45.17158185450289,364.98211779845053,35.0,0.0033564559683342005,0.0,0.9,0.0,1.0,2.0,2.0,1.2013241738672809,0.7740169069394486,,,,,,1.0,2
38.400000000000006,0.00241512172011778,11.01304060731112,0.19035706750854858,2.316138224226836,60923.67618228147,66781.9724084889,6.499484579410844,298.1255286157267,325.8557575689284,1.1363332845623841,55.0,100.0,0.0,47.0,0.0,45.15204653579583,340.26498013292326,35.0,0.00033564559683342006,0.0,0.9,0.0,1.0,2.0,2.0,1.2233246835541993,0.777294624277926,,,,,,1.0,2
38.60000000000001,0.0024162789981287073,10.983734181406355,0.19032592319225672,2.353804576686546,60936.46921046915,66804.25813379578,6.499386368638535,298.06061082033426,307.38945296249295,1.1410776042654232,55.0,100.0,0.0,47.0,0.0,44.814444058805854,306.56909531728843,35.0,0.0001,0.0,0.9,0.0,1.0,2.0,2.0,1.2254447267306534,0.7805887143695271,,,,,,1.0,2
38.800000000000004,0.002405300084469166,10.945107089378112,0.1901797990575259,2.3915230215288554,60949.215941308656,66826.5043130857,6.4987890795460315,298.0198098838332,295.77987458127893,1.145821998233577,55.0,100.0,0.0,47.0,0.0,44.51339727460121,289.83747951234375,35.0,0.0001,0.0,0.9,0.0,1.0,2.0,2.0,1.238638247601372,0.7838832677355324,,,,,,1.0,2
39.00000000000001,0.0023293227335657984,10.963081656657666,0.19019506755705368,2.430236821307019,60961.95716391748,66848.671776392,6.499227924291998,297.99888988806117,289.82558665619393,1.1504992860517422,55.0,100.0,0.0,47.0,0.0,44.45073559516985,278.5209456474571,35.0,0.0001,0.0,0.9,0.0,1.0,2.0,2.0,1.2363013247861863,0.7871316250301031,,,,,,1.0,2
39.2,0.0023295564499468116,10.921335555467913,0.190096131057567,2.4690977573004234,60974.65487455059,66870.8186779203,6.498721321390502,297.9782280379053,283.942976496138,1.1551496893455562,55.0,100.0,0.0,47.0,0.0,44.20696904857692,272.35242477360885,35.0,0.0001,0.0,0.9,0.0,1.0,2.0,2.0,1.244967021823009,0.7903617079808867,,,,,,1.0,2
39.400000000000006,0.002316667658268462,10.90757947706967,0.19011322565582156,2.508116974625139,60987.349348264004,66892.95955080258,6.497505182780954,297.9659094151596,280.43468700701004,1.1597902858003606,55.0,100.0,0.0,47.0,0.0,44.17292198875238,265.3393572404161,35.0,0.0001,0.0,0.9,0.0,1.0,2.0,2.0,1.242461510302764,0.7935853738093643,,,,,,1.0,2
39.60000000000001,0.0022675041062352676,10.905188078294195,0.1900466971812199,2.5475621729844105,61000.13546255515,66915.14473627436,6.495980820802844,297.96137931089044,279.144201152894,1.1643823080573839,55.0,100.0,0.0,47.0,0.0,44.62616645930478,260.42794769077375,35.0,0.0001,0.0,0.9,0.0,1.0,2.0,2.0,1.248017349108379,0.7967756847912959,,,,,,1.0,2
39.800000000000004,0.0022416343667985674,10.889768400006503,0.19000893554458848,2.5873246172094873,61013.13577694476,66937.52927816781,6.4959443704965,297.9505495897755,276.058087971596,1.1689304033001184,55.0,100.0,0.0,47.0,0.0,45.68981196406599,257.67905445698517,35.0,0.0001,0.0,0.9,0.0,1.0,2.0,2.0,1.2508113005613948,0.7999358579615122,,,,,,1.0,2
40.00000000000001,0.002231759781529381,10.875056026432421,0.19003487995592877,2.627619294247944,61026.349716632074,66960.1371566662,6.497196081932019,297.95431486600137,277.13138170602707,1.1734584939558552,55.0,100.0,0.0,47.0,0.0,46.76219831638716,252.5285006127443,35.0,0.0001,0.0,0.9,0.0,1.0,2.0,2.0,1.2474747143008647,0.8030825075130621,,,,,,1.0,2
40.2,0.0022293103023573045,10.843148621579953,0.18997695053259797,2.668121667129088,61039.676477736284,66982.87683790027,6.498897869951285,297.95318276732456,276.80857925690594,1.1779827548238866,55.0,100.0,0.0,47.0,0.0,47.33286214247539,252.0543534356105,35.0,0.0001,0.0,0.9,0.0,1.0,2.0,2.0,1.2522153714244142,0.8062268706947419,,,,,,1.0,2
40.400000000000006,0.0024242814415664326,12.524398250572508,0.1910097342287757,2.7074263118881867,61055.77777976867,67008.69736202195,6.499966691101412,297.96879676178906,281.26203076377004,1.0927390522219556,60.0,100.0,10.0,51.0,0.0,47.22331517314027,249.92234729546993,35.0,0.0001,0.0,1.1,0.0,1.0,2.0,2.0,1.2747582675844178,0.8149586256725141,,,,,,1.0,2
40.60000000000001,0.0023785683695588867,12.521746982325846,0.19123419088607452,2.7472969715395084,61071.76357470199,67034.3720711387,6.501461970603242,297.9963549337861,289.125086650349,1.0918737804142573,60.0,100.0,10.0,51.0,0.0,46.68841275707157,253.56201990047026,35.0,0.0001,0.0,1.1,0.0,1.0,2.0,2.0,1.251318740272778,0.8143040317145064,,,,,,1.0,2
40.800000000000004,0.0023314735076053507,12.503817903349104,0.1911594282071064,2.7875398052852,61087.51071426346,67059.77167513821,6.501830106722861,298.03744609285775,300.85322714232734,1.0958145324368085,60.0,100.0,10.0,51.0,0.0,45.55006289331823,261.7823628480563,35.0,0.0001,0.0,1.1,0.0,1.0,2.0,2.0,1.2583846343129408,0.817285403436282,,,,,,1.0,2
41.00000000000001,0.002308925667740188,12.492185415289718,0.1911787883748142,2.8278918939661257,61102.98396137637,67084.88088856092,6.502385997265843,298.09236952672586,316.5352949981682,1.1001241167586804,60.0,100.0,10.0,51.0,0.0,44.26906747020071,275.61543645477366,35.0,0.0001,0.0,1.1,0.0,1.0,2.0,2.0,1.2554707111468983,0.8205461689586864,,,,,,1.0,2
41.2,0.002280378285365787,12.469515030914561,0.19106595220999517,2.8686564464290023,61118.13666783335,67109.6423833826,6.501600579121808,298.14641950819646,331.97352500304805,1.1044147186767754,60.0,100.0,10.0,51.0,0.0,42.760770890455426,295.6600659284005,35.0,0.0001,0.0,1.1,0.0,1.0,2.0,2.0,1.266471649907987,0.8237929393726722,,,,,,1.0,2
41.400000000000006,0.002269907242911521,12.453149574386055,0.19111264031780728,2.909581382327225,61133.03561936823,67134.1595645087,6.498900896819951,298.1933601343296,345.3855697816837,1.1086922528561605,60.0,100.0,10.0,51.0,0.0,41.57265905202862,317.3592410339658,35.0,0.0001,0.0,1.1,0.0,1.0,2.0,2.0,1.2606891491461842,0.8270301863530473,,,,,,1.0,2
41.60000000000001,0.0022452523033560786,12.440036739437835,0.191126207927929,2.950958885303499,61147.90416471174,67158.63919271776,6.495537997172447,298.21523961095903,351.63897419585015,1.1129513636770458,60.0,100.0,10.0,51.0,0.0,41.46984063057976,338.6391137462452,35.0,0.0001,0.0,1.1,0.0,1.0,2.0,2.0,1.2583950177034788,0.8302538527901102,,,,,,1.0,2
41.800000000000004,0.002215672199815308,12.4558351797906,0.19126420234265157,2.992631356789249,61163.009576264674,67183.31598077859,6.495147078846555,298.2575286363416,363.72968703491836,1.1171732392387717,60.0,100.0,10.0,51.0,0.0,42.71245897918112,353.08648352475313,35.0,0.0001,0.0,1.1,0.0,1.0,2.0,2.0,1.2430095006900392,0.8334496931791711,,,,,,1.0,2
42.00000000000001,0.002216121792592172,12.411945244101938,0.19113644873256377,3.034580349084889,61178.38004717725,67208.28644709368,6.495727691366108,298.2896830564356,372.92599053588924,1.1213859641152535,60.0,100.0,10.0,51.0,0.0,44.100027759826304,375.58358661797894,35.0,0.0001,0.0,1.1,0.0,1.0,2.0,2.0,1.255601166343056,0.8366389609374844,,,,,,1.0,2
42.2,0.002198117826104321,12.397559680766426,0.1910352729567545,3.076606924837261,61193.97505370875,67233.45492429225,6.497068603375851,298.30224017496425,376.5186361248199,1.1255749775562196,60.0,100.0,10.0,51.0,0.0,45.26096621411862,396.01701772285026,35.0,0.0001,0.0,1.1,0.0,1.0,2.0,2.0,1.2653979628206675,0.8398106286861946,,,,,,1.0,2
42.400000000000006,0.0022145070073868317,12.328961350345017,0.19077907607634523,3.118489816581878,61209.69432193682,67258.78712033866,6.497906375911149,298.2894326537533,372.8531515047744,1.1297793184207987,60.0,100.0,10.0,51.0,0.0,45.884469461953465,410.97118008086824,35.0,0.0001,0.0,1.1,0.0,1.0,2.0,2.0,1.291498494259093,0.842994253292372,,,,,,1.0,2
42.60000000000001,0.0022425311150183467,12.273981758037138,0.1906769528209302,3.1604239117574493,61225.471569264584,67284.24212305954,6.498285614226156,298.2920977980161,373.61616619900605,1.1340269540502443,60.0,100.0,10.0,51.0,0.0,46.17590287082199,417.79241343528184,35.0,0.0001,0.0,1.1,0.0,1.0,2.0,2.0,1.3013770141421928,0.8462110197232797,,,,,,1.0,2
42.800000000000004,0.0022092050997874015,12.26256850331473,0.19064778610049396,3.202736766138906,61241.27954168094,67309.71541193088,6.498426232108204,298.2665549027288,366.3007129127747,1.1382688250106758,60.0,100.0,10.0,51.0,0.0,46.31505548087316,429.66166913077103,35.0,0.0001,0.0,1.1,0.0,1.0,2.0,2.0,1.3035839016523911,0.8494237797094297,,,,,,1.0,2
43.00000000000001,0.0021846856702811453,12.25945577039,0.19077561750242186,3.2453937497139838,61257.10701036071,67335.2161999635,6.498260708361999,298.2580045665503,363.8510472168826,1.1424955405898536,60.0,100.0,10.0,51.0,0.0,46.39709639526004,431.78304910028874,35.0,0.0001,0.0,1.1,0.0,1.0,2.0,2.0,1.2892811080923336,0.8526254182031081,,,,,,1.0,2
43.2,0.0021446348382414054,12.259204539903987,0.19076384984616962,3.2883696786763794,61272.96289802409,67360.70564157411,6.49803825849182,298.2630043274556,365.28393950763336,1.1466805055612819,60.0,100.0,10.0,51.0,0.0,46.545797364641395,439.0205636856996,35.0,0.0001,0.0,1.1,0.0,1.0,2.0,2.0,1.2896694649198372,0.8557957828138576,,,,,,1.0,2
43.400000000000006,0.0021183093496621717,12.261698254584232,0.19082473981067524,3.3317424710083365,61288.86553736015,67386.2194573004,6.499199473105569,298.2551473570872,363.03137405488604,1.1508210513262631,60.0,100.0,10.0,51.0,0.0,46.782963907608895,450.4847799649909,35.0,0.0001,0.0,1.1,0.0,1.0,2.0,2.0,1.2824221484785128,0.8589328411797141,,,,,,1.0,2
43.60000000000001,0.0021001295092743263,12.2437760598955,0.19079168135404193,3.375378626215086,61304.709405344285,67411.66139147327,6.500440621033546,298.31048498687386,378.90230999162134,1.1549314777131494,60.0,100.0,10.0,51.0,0.0,46.549440298466024,457.5992892606945,35.0,0.0001,0.0,1.1,0.0,1.0,2.0,2.0,1.2850657943457278,0.8620474182789621,,,,,,1.0,2
43.800000000000004,0.002092297819267218,12.229842699467962,0.19085480360261514,3.419184956203857,61320.3980130171,67436.94757080237,6.50104199989785,298.3253634609165,383.1709377988337,1.1590316284023836,60.0,100.0,10.0,51.0,0.0,45.82206192919986,486.3177247056261,35.0,0.0001,0.0,1.1,0.0,1.0,2.0,2.0,1.2775901552629882,0.8651545452583257,,,,,,1.0,2
44.00000000000001,0.002088788234246453,12.186627966267972,0.19079107067032403,3.4633366513458634,61335.890004180845,67462.06988290157,6.500416731415197,298.3279863700035,383.92369340398454,1.163140465967217,60.0,100.0,10.0,51.0,0.0,44.85572931610625,502.678953034704,35.0,0.0001,0.0,1.1,0.0,1.0,2.0,2.0,1.2834626230685582,0.8682685919649473,,,,,,1.0,2
44.2,0.0021258413855827396,12.141577624475005,0.19077290485000994,3.5072917438001237,61351.23203178201,67487.09087835293,6.500049257284488,298.35928377561237,392.90878029891707,1.1672836782094864,60.0,100.0,10.0,51.0,0.0,44.14228130063652,515.6733978987659,35.0,0.0001,0.0,1.1,0.0,1.0,2.0,2.0,1.284532682528546,0.8714090322898645,,,,,,1.0,2
44.400000000000006,0.0023385085424153375,11.912447216270854,0.19027402781641076,3.550310028670858,61367.64586176685,67513.54571777862,6.498240153608931,298.40959175311264,407.35654097223255,1.1716608387075456,60.0,100.0,10.0,57.0,0.0,43.57150348350782,538.7508198908084,35.0,0.0001,0.0,1.1,0.0,1.0,2.0,2.0,1.3361146585456747,0.8747271713845575,,,,,,1.0,2
44.60000000000001,0.0023740982265122103,11.851327877811547,0.19007143090570722,3.5929670619592575,61384.07584379098,67540.0704977606,6.496619232206445,298.4547439082268,420.3282791982822,1.1761717615534584,60.0,100.0,10.0,57.0,0.0,43.732229295802036,569.3454831717979,35.0,0.0001,0.0,1.1,0.0,1.0,2.0,2.0,1.3564932813492034,0.8781471104968509,,,,,,1.0,2
44.800000000000004,0.0023685306022351465,11.836187123468568,0.19008702070781835,3.6359875015678726,61400.66382493821,67566.7625855139,6.49623150567115,298.4320345794963,413.80170299883906,1.180697935552995,60.0,100.0,10.0,57.0,0.0,44.53812125115913,599.9053575966622,35.0,0.0001,0.0,1.1,0.0,1.0,2.0,2.0,1.3539404781634299,0.8815790208485941,,,,,,1.0,2
45.00000000000001,0.0023435767566496197,11.819978833756835,0.19004048935731002,3.6792803369412415,61417.449771778265,67593.64047380918,6.497336537956131,298.40397279297065,405.7338993942907,1.185204762900761,60.0,100.0,10.0,57.0,0.0,45.496138281058336,608.7848945797841,35.0,0.0001,0.0,1.1,0.0,1.0,2.0,2.0,1.3579189359753894,0.8849966686368613,,,,,,1.0,2
45.2,0.0022938492930729953,11.843147084830079,0.19012671165571254,3.7228505839185106,61434.34259724321,67620.56494207637,6.4986887552570245,298.38938126085293,401.53743764131775,1.1896562213285065,60.0,100.0,10.0,57.0,0.0,46.00979758659842,615.4751949250235,35.0,0.0001,0.0,1.1,0.0,1.0,2.0,2.0,1.347958172868199,0.8883727272132621,,,,,,1.0,2
45.400000000000006,0.0022906546843005156,11.810159733877828,0.19007864917881884,3.766939971219561,61451.24544464964,67647.51545404809,6.499937232065239,298.3162089030992,380.48452722673443,1.1940800898056914,60.0,100.0,10.0,57.0,0.0,45.98484047600194,625.8005594797519,35.0,0.0001,0.0,1.1,0.0,1.0,2.0,2.0,1.3521149754941517,0.8917282535730096,,,,,,1.0,2
45.60000000000001,0.002280529279841824,11.791798473446466,0.19013810182306976,3.8112514706305927,61468.05917434511,67674.3971095845,6.501064369587843,298.26872322495603,366.81697557158816,1.1985044334191397,60.0,100.0,10.0,57.0,0.0,45.46004575759713,615.2673298275863,35.0,0.0001,0.0,1.1,0.0,1.0,2.0,2.0,1.3449712621366439,0.8950845316866514,,,,,,1.0,2
45.800000000000004,0.002189460877023441,11.835815885482203,0.19027645811989125,3.855904401603764,61484.692729105416,67700.9909448346,6.5000645574496705,298.19039019449826,344.2640859595364,1.2028577678067982,60.0,100.0,10.0,57.0,0.0,44.48303036402779,611.291397417564,35.0,0.0001,0.0,1.1,0.0,1.0,2.0,2.0,1.3295431798031427,0.8983873247403696,,,,,,1.0,2
46.00000000000001,0.0021683237938762492,11.823658246000491,0.19026136112690736,3.9002539153752327,61501.23913913827,67727.4738814238,6.49838546527666,298.10100117549507,318.5177589814399,1.207158806184818,60.0,100.0,10.0,57.0,0.0,43.91381923582401,594.6997654315583,35.0,0.0001,0.0,1.1,0.0,1.0,2.0,2.0,1.330259728623229,0.9016508140372239,,,,,,1.0,2
46.2,0.002151009537785543,11.768719254809026,0.19009507114269183,3.944861399929262,61517.82963133119,67754.02993612742,6.4955124647683204,298.0177079154034,294.51862078481713,1.2114646626382644,60.0,100.0,10.0,57.0,0.0,44.01377901221456,571.5876838975751,35.0,0.0001,0.0,1.1,0.0,1.0,2.0,2.0,1.3468730141995306,0.9049183298119147,,,,,,1.0,2
46.400000000000006,0.0021448717634758884,11.749266026719376,0.19008369428504135,3.98914372610782,61534.68438375693,67780.8569844618,6.495075433798727,297.99133976421587,286.9183758138823,1.2157795365151558,60.0,100.0,10.0,57.0,0.0,45.26830673059578,547.30947088953,35.0,0.0001,0.0,1.1,0.0,1.0,2.0,2.0,1.3471961815135827,0.9081930606053755,,,,,,1.0,2
46.60000000000001,0.002170378214834156,11.67913983938864,0.18990924282710503,4.033579771154407,61551.82849996531,67808.0474601855,6.496002525740603,297.96688641567636,279.86758480601003,1.2201332330205457,60.0,100.0,10.0,57.0,0.0,46.6863477819849,539.5012050081527,35.0,0.0001,0.0,1.1,0.0,1.0,2.0,2.0,1.3646530018977217,0.9114976330545654,,,,,,1.0,2
46.800000000000004,0.0021643811507726,11.677276481700686,0.18997677009157873,4.0780922488103615,61569.18338250567,67835.44471199834,6.498401476765847,297.96974589195685,280.69238583024185,1.2244925399744382,60.0,100.0,10.0,57.0,0.0,47.73571901240739,530.9378020540232,35.0,0.0001,0.0,1.1,0.0,1.0,2.0,2.0,1.3566744748196478,0.9148068440788185,,,,,,1.0,2
47.00000000000001,0.002126665103298034,11.683103698653788,0.18998221797158557,4.12300987199256,61586.550992884826,67862.79833256423,6.500262573977169,297.98487317310196,285.05736413047686,1.2288064115795412,60.0,100.0,10.0,57.0,0.0,47.822021299167204,530.8659620727025,35.0,0.0001,0.0,1.1,0.0,1.0,2.0,2.0,1.3552295645803054,0.9180819389684116,,,,,,1.0,2
47.2,0.002137237244131374,11.619153183581405,0.18979529054962557,4.168142100308909,61603.78366424841,67890.07429476408,6.500237452456927,297.98879690485006,286.18997526620706,1.2331200214560587,60.0,100.0,10.0,57.0,0.0,47.16802120625548,534.9288989440442,35.0,0.0001,0.0,1.1,0.0,1.0,2.0,2.0,1.3740048276977574,0.9213572076951317,,,,,,1.0,2
47.400000000000006,0.002075529936908235,11.6387898485667,0.1898439314612791,4.213802787800644,61620.88021058042,67917.16057373486,6.5002359085602714,298.0242667554411,296.43235637085843,1.2373897166066918,60.0,100.0,10.0,57.0,0.0,46.52858154690502,535.6018757798747,35.0,0.0001,0.0,1.1,0.0,1.0,2.0,2.0,1.3680306060140925,0.9245994994542341,,,,,,1.0,2
47.60000000000001,0.0020404982387468525,11.633175189966936,0.18979869950026917,4.25968411772615,61637.84139510684,67944.07400570481,6.4994343924863776,298.02591967999354,296.90983002610415,1.2416017198203415,60.0,100.0,10.0,57.0,0.0,45.883628807581665,547.3894301775458,35.0,0.0001,0.0,1.1,0.0,1.0,2.0,2.0,1.3719336391818884,0.9277983392437414,,,,,,1.0,2
47.800000000000004,0.002053309796992949,11.570233249507893,0.18960530176002693,4.3055570426382,61654.7449380061,67970.96225228708,6.498020704311197,297.9796258029486,283.53202743857,1.2458176577660565,60.0,100.0,10.0,57.0,0.0,45.56300709082752,548.6036685977476,35.0,0.0001,0.0,1.1,0.0,1.0,2.0,2.0,1.3914040188152947,0.9310005231566252,,,,,,1.0,2
48.00000000000001,0.00203227119053281,11.570897952845838,0.18972217860754167,4.351747147407156,61671.707643165,67997.90894368077,6.4970468736471725,297.9486508589564,274.57764729226676,1.2500323870331098,60.0,100.0,10.0,57.0,0.0,45.80909546821949,533.5918720828556,35.0,0.0001,0.0,1.1,0.0,1.0,2.0,2.0,1.3782730145770163,0.9342021449566028,1848.033216100434,46.53828257729359,429.03387413451355,3.4633366513458634,16.070814183889482,1.0,2
48.2,0.0020947155170601664,11.512551847913462,0.18971312871902776,4.398195149117467,61688.49594905791,68024.76661192725,6.4964591541035706,299.71868807135485,786.4422496201931,1.254281788548796,60.0,100.0,10.0,57.0,0.0,46.44253235901115,160.07756162485668,35.0,541.5807142279971,0.0,1.1,0.0,1.0,2.0,2.0,1.3783661053012621,0.9374304650705421,,,,,,1.0,2
48.400000000000006,0.0022040016731882093,11.372321381222074,0.1894316892618199,4.444183367064221,61706.029531375345,68052.58287521673,6.495880744565487,299.6365625685655,762.683773715064,1.2586699638502523,60.0,100.0,10.0,61.0,0.0,47.311938839237335,769.0471191931281,35.0,54.15807142279971,0.0,1.1,0.0,1.0,2.0,2.0,1.4070493742250811,0.940764593051146,,,,,,1.0,2
48.60000000000001,0.0021627129915783904,11.391243090885336,0.18948969190615636,4.4905561986301725,61723.83799373072,68080.62486440175,6.496037369760477,299.3862377681219,690.2391863795351,1.2630753167934594,60.0,100.0,10.0,61.0,0.0,48.41464545033254,791.8893443136296,35.0,5.415807142279971,0.0,1.1,0.0,1.0,2.0,2.0,1.4000689610190837,0.9441121608054117,,,,,,1.0,2
48.800000000000004,0.002113420570672696,11.405583351939493,0.18959217150671623,4.537298869637073,61741.922859341095,68108.90840614616,6.497449121755799,299.1463273164416,620.7840066837467,1.267436097851603,60.0,100.0,10.0,61.0,0.0,49.452116484183605,767.5143257526975,35.0,0.5415807142279971,0.0,1.1,0.0,1.0,2.0,2.0,1.3884222138212794,0.9474262421611382,,,,,,1.0,2
49.00000000000001,0.002088987525224394,11.372813660616444,0.18947934497808128,4.584393404055604,61760.17622283273,68137.36368095806,6.500378071054231,298.9614934222352,567.249206842355,1.2717686178242658,60.0,100.0,10.0,61.0,0.0,49.92133846454341,738.6065722309056,35.0,0.054158071422799714,0.0,1.1,0.0,1.0,2.0,2.0,1.399403227302242,0.9507192234067319,,,,,,1.0,2
49.2,0.002039641187775435,11.394859728082077,0.1895226472785534,4.631718963385773,61778.33692282383,68165.66130078062,6.502779246808349,298.7834568250913,515.6652196684397,1.2760458282498741,60.0,100.0,10.0,61.0,0.0,49.21431024690963,719.625481483858,35.0,0.005415807142279972,0.0,1.1,0.0,1.0,2.0,2.0,1.3939908481109147,0.9539705352446161,,,,,,1.0,2
49.400000000000006,0.002030299804395547,11.368087102832423,0.18950712627788255,4.678853725512362,61796.21866486859,68193.67479488572,6.5028183514684095,298.62662698331405,470.20655933591553,1.2802990534534469,60.0,100.0,10.0,61.0,0.0,47.55036057089766,695.6451130095854,35.0,0.0005415807142279972,0.0,1.1,0.0,1.0,2.0,2.0,1.3947638326687266,0.9572039786223772,,,,,,1.0,2
49.60000000000001,0.002014161578554197,11.335766698367703,0.18945080258727498,4.726281064400546,61813.81189242201,68221.41379645602,6.501948671293788,298.46878529540317,424.4375208475073,1.284547291844583,60.0,100.0,10.0,61.0,0.0,45.87679727837664,672.2537230159321,35.0,0.0001,0.0,1.1,0.0,1.0,2.0,2.0,1.3998253657712323,0.9604339931097058,,,,,,1.0,2
49.800000000000004,0.0019836554394477004,11.335348667203464,0.18950832058312198,4.774004150145653,61831.17257831512,68248.89543838045,6.500298546106442,298.36302802210975,393.7607633657496,1.2887707468598744,60.0,100.0,10.0,61.0,0.0,44.547623336945534,642.4730763742821,35.0,0.0001,0.0,1.1,0.0,1.0,2.0,2.0,1.3929292311039447,0.963645523270731,,,,,,1.0,2
50.00000000000001,0.001968162523131967,11.314170401415392,0.1895219598693266,4.822148557198218,61848.43040024501,68276.27526876135,6.497673274114251,298.26604665098495,365.61861863027565,1.2929763582644096,60.0,100.0,10.0,61.0,0.0,43.880249383105955,624.7500783250024,35.0,0.0001,0.0,1.1,0.0,1.0,2.0,2.0,1.3906471091338914,0.9668438407638793,,,,,,1.0,2
50.2,0.001953811519558753,11.318099818009484,0.18963701521160883,4.870312708956737,61865.7899054921,68303.74237913577,6.495583447544161,298.1827380373371,341.43539615513197,1.297164737914209,60.0,100.0,10.0,61.0,0.0,44.267010885264824,605.6982356657631,35.0,0.0001,0.0,1.1,0.0,1.0,2.0,2.0,1.3777064008583577,0.9700294065148363,,,,,,1.0,2
50.400000000000006,0.0019424872330350176,12.883751681401044,0.19284494226287147,4.910697898455919,61983.424544992165,68431.47899998142,6.490375224877644,298.0048466052252,289.7385438699834,1.301330523694798,60.0,100.0,10.0,61.0,0.0,45.48744207609855,587.6608736526333,35.0,0.0001,500.0,1.1,0.0,1.0,2.0,2.0,1.038192931853751,0.9731981372841038,,,,,,1.0,2
50.60000000000001,0.0018848954101618601,12.938223153938536,0.19312918312730532,4.951041190081605,62101.77144250045,68559.86351275297,6.487519917482469,297.8170938989013,235.06161597812536,1.3054466250533752,60.0,100.0,10.0,61.0,0.0,48.80964394915331,533.7658205765313,35.0,0.0001,500.0,1.1,0.0,1.0,2.0,2.0,1.007198238780836,0.9763294174830206,,,,,,1.0,2
50.800000000000004,0.0018639664032287179,12.992869776416013,0.19317832032183715,4.991306650107273,62220.72034922444,68688.80029049469,6.489131443200825,299.55085009698655,740.9453442319201,1.3095045915702703,60.0,100.0,10.0,61.0,0.0,53.2597488694181,160.1297461729594,35.0,582.1999946654732,500.0,1.1,0.0,1.0,2.0,2.0,1.0011425857518972,0.9794168052418846,,,,,,1.0,2
51.00000000000001,0.0018472330682414405,13.018182158447544,0.19319517614423218,5.031537218999866,62340.221583175306,68818.29845697095,6.491950346491235,299.34060297713944,679.4723788294681,1.3135380376565413,60.0,100.0,10.0,61.0,0.0,57.056109601190975,752.8248010185974,35.0,58.21999946654733,500.0,1.1,0.0,1.0,2.0,2.0,0.9985162703852287,0.9824858650447098,,,,,,1.0,2
51.2,0.0018415568776231743,13.034525083211047,0.1931497767328948,5.0718141909431536,62460.343103686115,68948.43002840788,6.495937796337981,299.0133702550789,583.5880499870916,1.3175644742823915,60.0,100.0,10.0,61.0,0.0,59.73177481311767,725.4432518227005,35.0,5.821999946654733,500.0,1.1,0.0,1.0,2.0,2.0,1.0024972842373914,0.9855499172489726,,,,,,1.0,2
51.400000000000006,0.0018226811958990865,13.064362803092894,0.19315594133102876,5.112063372883602,62580.760211699795,69078.8371103087,6.499997478995028,298.72930305724265,500.1891285044594,1.3215762297996232,60.0,100.0,10.0,61.0,0.0,60.807501215605825,664.3974277533905,35.0,0.5821999946654733,500.0,1.1,0.0,1.0,2.0,2.0,1.0010099181494863,0.9886031212765763,,,,,,1.0,2
51.60000000000001,0.001826106695696716,13.071728830510361,0.19314494357988451,5.152417205027271,62701.130644321434,69209.22283372247,6.502721728635881,298.49650908446466,431.7144784343875,1.3255876961978845,60.0,100.0,10.0,61.0,0.0,60.25774044925726,606.8498744808012,35.0,0.05821999946654734,500.0,1.1,0.0,1.0,2.0,2.0,1.0013437260750635,0.9916564285953764,,,,,,1.0,2
51.800000000000004,0.001837049202249922,13.05449615008937,0.1930424834793673,5.192549285249954,62821.23643484392,69339.39632672182,6.504455382459392,298.2401086264753,356.1531944025004,1.3296253681216945,60.0,100.0,10.0,61.0,0.0,58.61943815856465,556.0153225027678,35.0,0.005821999946654734,500.0,1.1,0.0,1.0,2.0,2.0,1.0113771935189881,0.9947300086602114,,,,,,1.0,2
52.00000000000001,0.001795677568122773,13.101838774950352,0.19304695259947585,5.2324612937476,62940.93678142802,69469.1059446754,6.505325087968434,298.02541191477894,292.75553661569523,1.333630769425914,60.0,100.0,10.0,61.0,0.0,56.284428889701935,487.92220995970405,35.0,0.0005821999946654734,500.0,1.1,0.0,1.0,2.0,2.0,1.0100715393644188,0.9977793472356212,,,,,,1.0,2
52.2,0.0017765407206978038,13.1344786385359,0.19306161941611594,5.272511942657196,63060.15226122462,69598.29728774227,6.504410178621591,297.8377535441859,237.22945380638816,1.3375867816097664,60.0,100.0,10.0,61.0,0.0,53.60008417440075,424.7789213521987,35.0,0.0001,500.0,1.1,0.0,1.0,2.0,2.0,1.0076938714694863,1.0007914020954392,,,,,,1.0,2
52.400000000000006,0.0018860993884259433,13.02280210950296,0.1927205267204627,5.312773469134318,63179.46908078972,69727.79981985383,6.501239394890182,299.1965310704222,640.0056534994334,1.3416364868539332,60.0,100.0,10.0,65.0,0.0,51.285976140844454,127.43367640565961,35.0,459.85154576884395,500.0,1.1,0.0,1.0,2.0,2.0,1.0430348722036085,1.003875119500091,,,,,,1.0,2
52.60000000000001,0.0018586646194098581,13.054938223650343,0.19272518856982032,5.352841281092358,63298.42160043816,69856.92294383615,6.496777917638922,299.01291306776994,585.4698207844465,1.345717063856181,60.0,100.0,10.0,65.0,0.0,50.245925190823186,591.5351186436149,35.0,45.9851545768844,500.0,1.1,0.0,1.0,2.0,2.0,1.0416953161755023,1.0069826782785847,,,,,,1.0,2
52.800000000000004,0.0018844114390563626,13.035197503084087,0.1926477742172951,5.3931547927899315,63417.58132330106,69986.3261504972,6.494033010997489,298.7686012402031,512.7679343379308,1.3498265806120038,60.0,100.0,10.0,65.0,0.0,50.99311827054434,562.8659914226388,35.0,4.59851545768844,500.0,1.1,0.0,1.0,2.0,2.0,1.0490526115339525,1.0101126145281571,,,,,,1.0,2
53.00000000000001,0.0018638715370952771,13.079036358794621,0.19268313720610045,5.433494828645354,63537.17872526554,70116.13381204101,6.492257675519139,298.517935956155,438.0244660515221,1.353925488353146,60.0,100.0,10.0,65.0,0.0,52.831928904769434,517.9397859733465,35.0,0.459851545768844,500.0,1.1,0.0,1.0,2.0,2.0,1.0444541461772856,1.0132348089905538,,,,,,1.0,2
53.2,0.0018806887989515776,13.05542211822718,0.19249157455077168,5.473723691334889,63657.34012519671,70246.5604767136,6.4917824247970595,298.3070591170749,375.0374665727198,1.3580436890790737,60.0,100.0,10.0,65.0,0.0,55.38541148143737,462.1151481911112,35.0,0.0459851545768844,500.0,1.1,0.0,1.0,2.0,2.0,1.063910897776717,1.0163720395606197,,,,,,1.0,2
53.400000000000006,0.0018651419907220472,13.096435799798115,0.19255144795501133,5.513730874023725,63778.104415816844,70377.57745798523,6.494237656207087,298.1415198223518,325.4808000902659,1.3621629265031907,60.0,100.0,10.0,65.0,0.0,58.128421243441515,410.6652266946593,35.0,0.00459851545768844,500.0,1.1,0.0,1.0,2.0,2.0,1.0567116035955204,1.0195104012410015,,,,,,1.0,2
53.60000000000001,0.0018144766124173458,13.149579854736798,0.19257484680907874,5.55367553945922,63899.257094346765,70508.91594901755,6.498656808941538,297.97250910113627,274.7944037142588,1.3662361774963787,60.0,100.0,10.0,65.0,0.0,59.88080413345757,366.65046319860323,35.0,0.000459851545768844,500.0,1.1,0.0,1.0,2.0,2.0,1.0533876229395762,1.0226140625694882,,,,,,1.0,2
53.800000000000004,0.0017977253131325123,13.169832385578777,0.1924841741810377,5.593708174785555,64020.445617934165,70640.2678596022,6.50263293918424,297.83727479665606,234.1490459349342,1.3702621844667051,60.0,100.0,10.0,65.0,0.0,59.86290884082225,314.89030242785276,35.0,0.0001,500.0,1.1,0.0,1.0,2.0,2.0,1.0621677518429058,1.0256820538988407,,,,,,1.0,2
54.00000000000001,0.0017937946584970898,13.18413832397259,0.19239467316198602,5.6336981481923525,64141.12421247251,70771.09633747237,6.505144477271359,298.8495528581208,538.9295124377034,1.3742578983849811,60.0,100.0,10.0,65.0,0.0,58.2572703095364,94.46709072835583,35.0,345.75295413681346,500.0,1.1,0.0,1.0,2.0,2.0,1.0708288435921398,1.0287272832140049,,,,,,1.0,2
54.2,0.0018092501002578308,13.170436954251633,0.19234139625517518,5.6738697607938215,64261.163510844155,70901.33598357353,6.506456974296658,298.73400570780154,504.0721280257997,1.378264879714918,60.0,100.0,10.0,65.0,0.0,55.64719801751467,438.6150840918855,35.0,34.575295413681346,500.0,1.1,0.0,1.0,2.0,2.0,1.0756473721183388,1.0317814224864432,,,,,,1.0,2
54.400000000000006,0.001816686553383199,13.147199662851621,0.19219830724814366,5.714235032946624,64380.61587086134,71031.02727371024,6.506774986011847,298.53467875660874,443.82866503994615,1.3822998392107693,60.0,100.0,10.0,65.0,0.0,52.509682979630256,423.0174639502947,35.0,3.457529541368135,500.0,1.1,0.0,1.0,2.0,2.0,1.0899772068692186,1.0348572135343874,,,,,,1.0,2
54.60000000000001,0.0018146584762659802,13.163262396152602,0.19221905080594454,5.754434934629438,64499.4680873238,71160.1170647719,6.506159918446304,298.3587329037828,390.53947834528793,1.3863430955409828,60.0,100.0,10.0,65.0,0.0,49.24397674786625,382.64148345873014,35.0,0.3457529541368135,500.0,1.1,0.0,1.0,2.0,2.0,1.086944123021973,1.037939658028976,,,,,,1.0,2
54.800000000000004,0.0017649396736296385,13.23173042692274,0.1923225962195026,5.794437281852217,64617.75288274155,71288.54157018398,6.504448814523544,298.20159247455933,342.86622718787214,1.3903272503912587,60.0,100.0,10.0,65.0,0.0,46.224967541376294,343.48556974056197,35.0,0.03457529541368135,500.0,1.1,0.0,1.0,2.0,2.0,1.0751464991785151,1.0409773676101526,,,,,,1.0,2
55.00000000000001,0.0017788989114759174,13.21446191476841,0.19229773676419787,5.8342104510584125,64735.606838132466,71416.59429074526,6.501769095106783,298.068857713642,302.5192670345546,1.3943184679600833,60.0,100.0,10.0,65.0,0.0,43.89320899081216,304.04419944650857,35.0,0.003457529541368135,500.0,1.1,0.0,1.0,2.0,2.0,1.0769565480609598,1.0440207827674022,,,,,,1.0,2
55.2,0.001764579005127628,13.23314827296938,0.19231121882602076,5.874080888906204,64853.2415864593,71544.4264625238,6.498770245978489,297.9420777706209,263.9054284059735,1.3983175854807643,60.0,100.0,10.0,65.0,0.0,42.636431635500955,266.988977945176,35.0,0.00034575295413681356,500.0,1.1,0.0,1.0,2.0,2.0,1.0747005621044265,1.0470705437685461,,,,,,1.0,2
55.400000000000006,0.001763913654172849,13.244678138064545,0.19226973346885207,5.913678954813595,64970.702274007876,71672.09233825227,6.496852904816561,298.7565604247414,512.4226449867733,1.4023144380499384,60.0,100.0,10.0,65.0,0.0,42.580942121369496,80.09669338355279,35.0,283.4237164979735,500.0,1.1,0.0,1.0,2.0,2.0,1.0782721002309006,1.0501188995017443,,,,,,1.0,2
55.60000000000001,0.0017447929072590103,13.285208170816539,0.19235482785354918,5.953677534243845,65088.22488926752,71799.8085252621,6.495911941377953,298.62428033991097,471.9879136587568,1.4062887159165456,60.0,100.0,10.0,65.0,0.0,43.29022676910245,359.87197502605693,35.0,28.34237164979735,500.0,1.1,0.0,1.0,2.0,2.0,1.0684283538076196,1.0531503569950458,,,,,,1.0,2
55.800000000000004,0.0016947953613164189,13.344384320770992,0.19233373236416934,5.9933985957768,65206.00304912712,71927.67660218148,6.496937045323635,298.45185346306795,419.1863917431716,1.41019293957163,60.0,100.0,10.0,65.0,0.0,44.37734012992333,336.49774178145844,35.0,2.834237164979735,500.0,1.1,0.0,1.0,2.0,2.0,1.0698575898475997,1.056128689294699,,,,,,1.0,2
56.00000000000001,0.0016847384993424245,13.375066066570717,0.19235595626537,6.0326598448140025,65323.9623340496,72055.70582947844,6.498071921874521,298.2816421552522,366.96107519869827,1.4140578544069176,60.0,100.0,10.0,65.0,0.0,45.04978714477559,301.4130826535063,35.0,0.28342371649797354,500.0,1.1,0.0,1.0,2.0,2.0,1.066701283738386,1.0590773375871039,,,,,,1.0,2
56.2,0.0016963691409459687,13.376247263664391,0.19231876594657882,6.071999401819121,65442.006080465115,72183.86334227826,6.4998323636974185,298.1232079379914,318.2625689330413,1.4179296614930583,60.0,100.0,10.0,65.0,0.0,45.27280173686634,260.92788789844394,35.0,0.028342371649797356,500.0,1.1,0.0,1.0,2.0,2.0,1.069844148452367,1.062031546162515,,,,,,1.0,2
56.400000000000006,0.0018464058822633348,13.224715197536705,0.19188554777104225,6.1119132053342575,65561.38528462751,72313.64683749652,6.497861331844862,297.990903833076,277.5261200550739,1.4219913901738892,60.0,100.0,10.0,72.0,0.0,44.787705151429236,218.10624857405176,34.0,0.002834237164979736,500.0,1.1,0.0,1.0,2.0,2.0,1.1149223917071207,1.0651309908044988,,,,,,1.0,2
56.60000000000001,0.0018678509543178724,13.192494633160432,0.19171711070714648,6.152027959033931,65680.85661070734,72443.60549136988,6.496620070576626,297.8939171403084,247.6015727612995,1.426192899338831,60.0,100.0,10.0,72.0,0.0,45.107801888901506,178.26988668236612,34.0,0.0002834237164979736,500.0,1.1,0.0,1.0,2.0,2.0,1.1318968941880503,1.0683374499753742,,,,,,1.0,2
56.800000000000004,0.001834196303220699,13.23782711525918,0.19167605766138854,6.191859952957848,65800.39943453559,72573.57101283042,6.496865368850441,298.45962840566165,422.4388776406,1.4303808018221542,60.0,100.0,10.0,72.0,0.0,45.91158842575,53.480966004709835,34.0,195.50644022210366,500.0,1.1,0.0,1.0,2.0,2.0,1.1353817850690555,1.0715338793317386,,,,,,1.0,2
57.00000000000001,0.0018412704946431306,13.232693344981518,0.19156611019811423,6.231657402611564,65919.99870317533,72703.6310154424,6.49737535934314,298.3598254999225,391.53122872846393,1.4345619477660232,60.0,100.0,10.0,72.0,0.0,46.61439814026228,245.40064550889656,34.0,19.550644022210367,500.0,1.1,0.0,1.0,2.0,2.0,1.1461626332357921,1.074725504740391,,,,,,1.0,2
57.2,0.0018326007616392876,13.269341265914477,0.1916569163403016,6.271219667599658,66039.72884108787,72833.80915085714,6.4992396172596365,298.2209672627871,348.44443516751033,1.4387432562440443,60.0,100.0,10.0,72.0,0.0,47.11646986268038,223.96187375106098,34.0,1.9550644022210368,500.0,1.1,0.0,1.0,2.0,2.0,1.1356867729896098,1.0779176070113272,,,,,,1.0,2
57.400000000000006,0.0018354055940361317,13.29193136748716,0.19168018212831084,6.310359220207787,66159.4404240237,72963.96435354113,6.5011477343947535,298.1049377619271,312.3689823772319,1.44291964066668,60.0,100.0,10.0,72.0,0.0,46.86687568415545,190.29775997947797,34.0,0.1955064402221037,500.0,1.1,0.0,1.0,2.0,2.0,1.1323625602283736,1.0811063023850407,,,,,,1.0,2
57.60000000000001,0.0018440045053265306,13.272251011297266,0.19154815147356138,6.349577048007759,66278.97095250495,73093.9933981749,6.502670723630015,298.00040487917227,279.81515604979774,1.44712011068403,60.0,100.0,10.0,72.0,0.0,45.85581527579398,159.59529131580683,34.0,0.01955064402221037,500.0,1.1,0.0,1.0,2.0,2.0,1.1454798206992087,1.084313742394409,,,,,,1.0,2
57.800000000000004,0.0018603970707032325,13.247065159322448,0.19133962811086,6.38901465860049,66398.1939718128,73223.7648171464,6.501937652970312,297.9317345112582,258.38874223910176,1.451348694566292,60.0,100.0,10.0,72.0,0.0,44.2350261163675,128.33683409410827,34.0,0.001955064402221037,500.0,1.1,0.0,1.0,2.0,2.0,1.1666848970932866,1.087543009688356,,,,,,1.0,2
58.00000000000001,0.0018386129225806177,13.277595663087368,0.19133823275038736,6.427818490157689,66517.07047957959,73353.15233933054,6.500249239428198,298.3300586135929,382.9037353238197,1.4555749258969914,60.0,100.0,10.0,72.0,0.0,42.914587598626376,38.50105022823248,34.0,136.45782152798932,500.0,1.1,0.0,1.0,2.0,2.0,1.165964087487041,1.0907708411504686,,,,,,1.0,2
58.2,0.001847035484249556,13.2654721167794,0.19122774275721352,6.46674611696466,66635.76921981433,73482.41196449914,6.498761363831389,298.2670169483926,363.1620395811644,1.459814164533034,60.0,100.0,10.0,72.0,0.0,42.26756345235678,173.87793746524073,34.0,13.645782152798933,500.0,1.1,0.0,1.0,2.0,2.0,1.1767866273356726,1.0940089694676869,,,,,,1.0,2
58.400000000000006,0.0018157704132696299,13.304953901264966,0.1912059996207519,6.505432872487634,66754.47155620002,73611.62270893704,6.497957935208115,298.1802682735914,335.94630838790107,1.4640292368698111,60.0,100.0,10.0,72.0,0.0,42.21384867811918,161.51833021336918,34.0,1.3645782152798933,500.0,1.1,0.0,1.0,2.0,2.0,1.1782219512838399,1.0972289983354457,,,,,,1.0,2
58.60000000000001,0.0018344246385186753,13.260142358653244,0.19092920989412623,6.544118327704214,66873.24108829438,73740.99031459317,6.495885979039973,298.1075120515599,313.08211541548985,1.4682719576515686,60.0,100.0,10.0,72.0,0.0,42.4809126834158,142.07598546068502,34.0,0.13645782152798933,500.0,1.1,0.0,1.0,2.0,2.0,1.206632786509696,1.1004705112031596,,,,,,1.0,2
58.800000000000004,0.0018000355875482988,13.286048179935017,0.19083456762710502,6.583128025576338,66992.2421608901,73870.56180316818,6.495297152830214,298.0537042777741,296.1383449132513,1.4725057400124872,60.0,100.0,10.0,72.0,0.0,43.585740726741314,124.38576418050451,34.0,0.013645782152798934,500.0,1.1,0.0,1.0,2.0,2.0,1.2157734652496313,1.1037055575230457,,,,,,1.0,2
59.00000000000001,0.0017867555104624931,13.324888054878306,0.19088413776437677,6.622262014630085,67111.51514178835,74000.38896839826,6.496052172568244,298.007817348366,281.66069317922313,1.4767077089073295,60.0,100.0,10.0,72.0,0.0,44.917886804678936,110.39945582312987,34.0,0.0013645782152798935,500.0,1.1,0.0,1.0,2.0,2.0,1.2096708345729037,1.1069166532399644,,,,,,1.0,2
59.2,0.0017768687376326466,13.34634913229722,0.19091561038994798,6.660971427717623,67230.99738337629,74130.43348819624,6.498346025969964,297.9652990651974,268.2222111240731,1.480907014166842,60.0,100.0,10.0,72.0,0.0,45.947415774818936,96.98593389726332,34.0,0.00013645782152798937,500.0,1.1,0.0,1.0,2.0,2.0,1.2054815863622679,1.110126069971264,,,,,,1.0,2
59.400000000000006,0.0017719461746618515,13.354977267192982,0.19083522247995588,6.699477948380958,67350.50160030645,74260.51094530827,6.500574776184824,297.9363705387742,259.06195347735735,1.485106005511536,60.0,100.0,10.0,72.0,0.0,46.0557619282884,82.95442873838601,34.0,0.0001,500.0,1.1,0.0,1.0,2.0,2.0,1.213123297904092,1.113335603223838,,,,,,1.0,2
59.60000000000001,0.001733351099138245,13.392286517771876,0.19075331271718002,6.7380406153639685,67469.78876071329,74390.30125753752,6.50185430923967,298.21094925441935,346.15839767419106,1.4892563304320692,60.0,100.0,10.0,72.0,0.0,45.27493730730522,24.886328621515805,34.0,93.72930811836034,500.0,1.1,0.0,1.0,2.0,2.0,1.2209351587958734,1.1165082882069175,,,,,,1.0,2
59.800000000000004,0.0017317449171036212,13.414838972802183,0.19079587563941675,6.7767411377877815,67588.77703101296,74519.80721580827,6.502601087918275,298.1752369566616,334.80805441331086,1.4933789857695812,60.0,100.0,10.0,72.0,0.0,43.98358564613995,117.44684467129422,34.0,9.372930811836033,500.0,1.1,0.0,1.0,2.0,2.0,1.215589793802589,1.119660166229843,,,,,,1.0,2
60.00000000000001,0.0016939449433386723,13.453952684589865,0.19077014727804503,6.81531648743175,67707.45238760723,74648.92968172718,6.501854459187527,298.11636476529617,316.0654866695734,1.4974554379602785,60.0,100.0,10.0,72.0,0.0,42.391275928420455,110.97735861825588,34.0,0.9372930811836033,500.0,1.1,0.0,1.0,2.0,2.0,1.2174758101374457,1.1227770587269585,1890.144628052574,46.83771495055363,763.1427963337941,6.0326598448140025,18.440457184944517,1.0,2
60.2,0.0016848142720410238,13.445595667434395,0.19062940861453184,6.854209767290787,67825.87781602121,74777.82356943752,6.498677338605643,298.06258268226344,298.9113317796585,1.5015136141822212,60.0,100.0,10.0,72.0,0.0,41.10177378201932,97.50568070517748,34.0,0.09372930811836033,500.0,1.1,0.0,1.0,2.0,2.0,1.2315272112029534,1.1258803111332798,,,,,,1.0,2
60.400000000000006,0.0017344766857513056,13.390252856573387,0.19030519837680374,6.8936353815193465,67945.10395104981,74907.60089628006,6.493816144440573,298.0273237766194,287.64677390620693,1.5056414464629226,60.0,100.0,10.0,76.0,0.0,41.09035701932116,83.75608219273293,33.0,0.009372930811836034,500.0,1.1,0.0,1.0,2.0,2.0,1.264948766544937,1.1290371707389035,,,,,,1.0,2
60.60000000000001,0.0017351421680451037,13.416475262533679,0.19028897934706654,6.933169410832272,68064.71693483165,75037.77595435717,6.490107399322147,297.9984951813853,278.417400157071,1.509798193890004,60.0,100.0,10.0,76.0,0.0,43.027271793235556,74.34197595317262,33.0,0.0009372930811836034,500.0,1.1,0.0,1.0,2.0,2.0,1.2658138000211057,1.132216492307514,,,,,,1.0,2
60.800000000000004,0.0017375352077026636,13.441995023337538,0.19030038256257328,6.972673165269324,68185.01046480857,75168.6561092991,6.490905868889801,297.9751121982841,270.91766756607257,1.5139561752331026,60.0,100.0,10.0,76.0,0.0,46.443106188503045,65.68519401295593,33.0,0.0001,500.0,1.1,0.0,1.0,2.0,2.0,1.2637601660362272,1.135397107479337,,,,,,1.0,2
61.00000000000001,0.0016973719615737731,13.499573159264177,0.1903333926281164,7.011797615957761,68305.91711502639,75300.07400220804,6.4942456064313685,297.956654611186,264.9882134780663,1.5180726953624966,60.0,100.0,10.0,76.0,0.0,49.52743166510132,57.777848609241474,33.0,0.0001,500.0,1.1,0.0,1.0,2.0,2.0,1.2594314715223511,1.1385463519449173,,,,,,1.0,2
61.2,0.0016539360109166293,13.572633662664433,0.19047642916070198,7.050782866061362,68427.16924502578,75431.75740234427,6.4989092117284715,297.93726678646544,258.74869125491153,1.522115563782462,60.0,100.0,10.0,76.0,0.0,51.27780287959856,50.65206086932453,33.0,0.0001,500.0,1.1,0.0,1.0,2.0,2.0,1.243486628674511,1.141639584844723,,,,,,1.0,2
61.400000000000006,0.0016577422918873156,13.55607575460711,0.19032331139446695,7.089984189863625,68548.35159820673,75563.41987840692,6.503555225075036,298.12351965156154,318.80185459675766,1.5261443623980484,60.0,100.0,10.0,76.0,0.0,51.16066197105257,15.195618260797358,33.0,64.40065421789659,500.0,1.1,0.0,1.0,2.0,2.0,1.258848232191558,1.144722382028646,,,,,,1.0,2
61.60000000000001,0.0016479280612507865,13.57583286787426,0.1902186774684378,7.129079879000014,68669.10726407208,75694.62048109822,6.506322503519461,298.10064463208016,311.4123263449591,1.5301509102609914,60.0,100.0,10.0,76.0,0.0,49.1835108390681,77.24576989680826,33.0,6.440065421789659,500.0,1.1,0.0,1.0,2.0,2.0,1.269087320330401,1.147788479124642,,,,,,1.0,2
61.800000000000004,0.0016534094516633428,13.561775321332966,0.19008897174612135,7.168119039842798,68789.24504639031,75825.24691593696,6.506516034798563,298.0700639604436,301.51674010938234,1.5341662017393918,60.0,100.0,10.0,76.0,0.0,46.102022209229176,72.58897862107061,33.0,0.6440065421789659,500.0,1.1,0.0,1.0,2.0,2.0,1.2819715300354981,1.1508615936431241,,,,,,1.0,2
62.00000000000001,0.0016495067376509456,13.575543869148172,0.19003199012233857,7.206733970031028,68908.75069162692,75955.23030537818,6.504071729325382,298.0401043110218,291.8036489828847,1.5381837218517336,60.0,100.0,10.0,76.0,0.0,42.945309958316074,65.98438325556513,33.0,0.06440065421789659,500.0,1.1,0.0,1.0,2.0,2.0,1.2871714364430276,1.1539367407129733,,,,,,1.0,2
62.2,0.0016071609073547229,13.628151774853421,0.19003821240096833,7.24513715257428,69027.82044691037,76084.68215797862,6.500853569083578,298.01064298933227,282.23636993515845,1.5421437986519504,60.0,100.0,10.0,76.0,0.0,40.76987718310379,58.50505775896805,33.0,0.00644006542178966,500.0,1.1,0.0,1.0,2.0,2.0,1.2857068029533856,1.156968238731577,,,,,,1.0,2
62.400000000000006,0.0016087181907129254,13.644775428475754,0.19001650919929355,7.283110752310069,69146.70996653012,76213.95517433556,6.497806696352465,297.98649509753426,274.3788863091743,1.5460740114378706,60.0,100.0,10.0,76.0,0.0,39.879893393714916,50.06951081005381,33.0,0.000644006542178966,500.0,1.1,0.0,1.0,2.0,2.0,1.2871981210019972,1.1599771895804418,,,,,,1.0,2
62.60000000000001,0.0015774574648804668,13.68619754309296,0.1900396809420392,7.320790037653913,69265.66311956316,76343.25057761419,6.494993126463891,297.9633537970576,266.83833851165264,1.5499758700466681,60.0,100.0,10.0,76.0,0.0,40.20947105881745,42.35856015237245,33.0,0.0001,500.0,1.1,0.0,1.0,2.0,2.0,1.283954604062155,1.162964742274598,,,,,,1.0,2
62.800000000000004,0.0015604887777011696,13.744685215690861,0.19016884500735032,7.357954715393366,69384.9035279546,76472.78236251461,6.494032278812305,297.9460508771847,261.1893401685336,1.5538333197624759,60.0,100.0,10.0,76.0,0.0,41.66779956433444,34.0494868339472,33.0,0.0001,500.0,1.1,0.0,1.0,2.0,2.0,1.269518962410287,1.1659185955580973,,,,,,1.0,2
63.00000000000001,0.0015710747322515446,13.755032733489426,0.1901862200057787,7.395450597913995,69504.47848830682,76602.69059573338,6.494543511070706,298.0681121261943,301.1099919124531,1.5576890739190115,60.0,100.0,10.0,76.0,0.0,43.50632405280869,10.214846050184159,33.0,44.2448622397218,500.0,1.1,0.0,1.0,2.0,2.0,1.2668952534304605,1.168871451907649,,,,,,1.0,2
63.2,0.0016151595171774668,13.709592696261806,0.19004244597738074,7.433132727607574,69624.35507547994,76733.06351268021,6.495081994135663,298.0571501425582,297.51869121442854,1.5616270341284186,60.0,100.0,10.0,76.0,0.0,45.14081928761676,50.43265675197532,33.0,4.42448622397218,500.0,1.1,0.0,1.0,2.0,2.0,1.2812860132687105,1.1718875753394369,,,,,,1.0,2
63.400000000000006,0.001585666771672928,13.75344723043876,0.19004237335519428,7.470428008093425,69744.51093214357,76863.6564034123,6.497322275092893,298.03522756596124,290.3230156046323,1.5655751393089026,60.0,100.0,10.0,76.0,0.0,46.563881879959546,48.28951776223747,33.0,0.44244862239721805,500.0,1.1,0.0,1.0,2.0,2.0,1.2804882406757099,1.1749117845845534,,,,,,1.0,2
63.60000000000001,0.001569522792706351,13.784397038208597,0.19005921405410636,7.5074008446550335,69864.76751917288,76994.3401894409,6.499444763807184,298.0107170157038,282.2632115697184,1.5695005364733836,60.0,100.0,10.0,76.0,0.0,47.08250218391822,42.95157405948374,33.0,0.04424486223972181,500.0,1.1,0.0,1.0,2.0,2.0,1.2779075893686869,1.17791891312504,,,,,,1.0,2
63.800000000000004,0.0015880041211637202,13.786229635464881,0.19008308555571699,7.54476862965074,69984.95513336154,77125.039572705,6.500427295715159,297.9941104488675,276.79424801127794,1.5734466799935611,60.0,100.0,10.0,76.0,0.0,46.75529411899803,35.98088726868853,33.0,0.004424486223972181,500.0,1.1,0.0,1.0,2.0,2.0,1.2745792119770174,1.1809422498588704,,,,,,1.0,2
64.0,0.0015844521221059042,13.798276875217066,0.19010599484318447,7.582166011768992,70104.99174693132,77255.62817584025,6.500588119180752,297.983874031987,273.4163135626783,1.5774205236160863,60.0,100.0,10.0,76.0,0.0,46.037199543147665,30.837338925992277,33.0,0.00044244862239721814,500.0,1.1,0.0,1.0,2.0,2.0,1.2713463628794015,1.1839871282657146,,,,,,1.0,2
64.2,0.0015578568238025074,13.85572683968319,0.19021428700112208,7.61942874218857,70224.86457944287,77385.97692879748,6.500534819580897,297.9733912463821,269.95122047129513,1.5813592624683237,60.0,100.0,10.0,76.0,0.0,45.25361566399654,27.209466186022418,33.0,0.0001,500.0,1.1,0.0,1.0,2.0,2.0,1.259092389708919,1.187005424522069,,,,,,1.0,2
64.4,0.0015610302437205942,13.89804918281316,0.19033878735234044,7.657075921255128,70345.3764705183,77516.92350390505,6.499543904458931,297.96584316868206,267.45170929110185,1.5852803596679186,60.0,100.0,10.0,80.0,0.0,44.489486094903604,23.064954478450666,32.0,0.0001,500.0,1.1,0.0,1.0,2.0,2.0,1.2451229378095454,1.1900105145103077,,,,,,1.0,2
64.60000000000001,0.0015640386302201684,13.88582174904763,0.1902154452105687,7.6949995445898685,70465.80647737566,77647.82941630244,6.497226873999791,297.9624174046958,266.31530316273694,1.589216670318453,60.0,100.0,10.0,80.0,0.0,44.1253778500499,19.541660303298876,32.0,0.0001,500.0,1.1,0.0,1.0,2.0,2.0,1.257363902459981,1.1930275778126427,,,,,,1.0,2
64.80000000000001,0.001589163468786195,13.876989585566072,0.19018969311443318,7.733157061495822,70586.33948133976,77778.94500467318,6.495427123346452,297.96355045746463,266.691773493863,1.5932073020381115,60.0,100.0,10.0,80.0,0.0,44.69236446050808,17.13550113637738,32.0,0.0001,500.0,1.1,0.0,1.0,2.0,2.0,1.259271659262697,1.1960865976473563,,,,,,1.0,2
65.0,0.0015893246075250325,13.900507347554235,0.19016621455940447,7.770968110702432,70707.11676729177,77910.29840156532,6.494954570402361,297.9640105859006,266.8449159214078,1.5972175265625081,60.0,100.0,10.0,80.0,0.0,45.97555671551898,16.142750247606166,32.0,0.0001,500.0,1.1,0.0,1.0,2.0,2.0,1.2609350382451852,1.199160962059093,,,,,,1.0,2
65.2,0.0015885618105776003,13.922075431997673,0.19016210285022547,7.808608523952149,70828.17695843578,78041.94685983245,6.49564938168782,297.9647494774609,267.09129513958345,1.6012308498328944,60.0,100.0,10.0,80.0,0.0,47.445656856687286,14.926138817175321,32.0,0.0001,500.0,1.1,0.0,1.0,2.0,2.0,1.260549626972032,1.2022380290007841,,,,,,1.0,2
65.4,0.0016178021574253753,13.906987814443191,0.1900626100418163,7.846189299223761,70949.46467723513,78173.9117541876,6.495988663137032,297.96881702380557,268.449984709019,1.6052883613930076,60.0,100.0,10.0,80.0,0.0,48.637379772146744,13.828002413473122,32.0,0.0001,500.0,1.1,0.0,1.0,2.0,2.0,1.2702421442736875,1.2053493082095144,,,,,,1.0,2
65.60000000000001,0.0015979989158307775,13.942703796026287,0.19009575964770167,7.883798787028172,71070.95172163466,78306.07488832678,6.496821365280624,297.97187723538053,269.47404552800936,1.6093535372900931,60.0,100.0,10.0,80.0,0.0,49.69788080325443,13.903869620470893,32.0,0.0001,500.0,1.1,0.0,1.0,2.0,2.0,1.265906105319527,1.2084667997464522,,,,,,1.0,2
65.80000000000001,0.001561905733302295,13.991888588574055,0.19007396587494818,7.92118835892024,71192.57260200895,78438.2779169393,6.498701146235236,297.97091617168905,269.1518267733385,1.6133590733878425,60.0,100.0,10.0,80.0,0.0,50.42148830125226,13.759774408956396,32.0,0.0001,500.0,1.1,0.0,1.0,2.0,2.0,1.2673925441415586,1.2115388832392997,,,,,,1.0,2
66.0,0.0015509597844716365,14.03418679410456,0.19013930208110924,7.958260504584612,71314.17546458867,78570.43272004924,6.501473133106459,297.96949937566313,268.6759327445492,1.6173151363187717,60.0,100.0,10.0,80.0,0.0,50.38894905388335,12.350652175354504,32.0,0.0001,500.0,1.1,0.0,1.0,2.0,2.0,1.2596734294412661,1.2145733428019994,,,,,,1.0,2
66.2,0.0015504327279858786,14.054098195566871,0.19015405294802482,7.995588974234975,71435.53868402526,78702.359073479,6.503839695442832,297.9690340208282,268.51932044200237,1.6212522315844615,60.0,100.0,10.0,80.0,0.0,49.24452233124173,10.778421962437228,32.0,0.0001,500.0,1.1,0.0,1.0,2.0,2.0,1.257308004692326,1.2175935691575799,,,,,,1.0,2
66.4,0.0015689468325077972,14.035820026368523,0.19001738370776086,8.033342005954472,71556.47449845458,78833.92702534687,6.50427277437004,297.9710978622896,269.214676489624,1.6252114928758363,60.0,100.0,10.0,80.0,0.0,47.15464728532076,9.484727101943527,32.0,0.0001,500.0,1.1,0.0,1.0,2.0,2.0,1.2709552083909021,1.2206311172356603,,,,,,1.0,2
66.60000000000001,0.0015597272475422618,14.033174553378373,0.18988397831691028,8.071075370467828,71676.94500243838,78965.04830587021,6.5029858610519975,297.9741299477889,270.23826776257664,1.629189250844531,60.0,100.0,10.0,80.0,0.0,44.89604667218922,9.0390183484432,32.0,0.0001,500.0,1.1,0.0,1.0,2.0,2.0,1.28425020625569,1.223683176865111,,,,,,1.0,2
66.80000000000001,0.001591752409723341,14.015414672227772,0.18975937947758914,8.108855803817725,71797.05516540105,79095.89361276678,6.499858848731014,297.98029136271475,272.3216990211315,1.6332097115618862,60.0,100.0,10.0,80.0,0.0,43.15331087498922,8.985778870615071,32.0,0.0001,500.0,1.1,0.0,1.0,2.0,2.0,1.2966024700456444,1.226768328401705,,,,,,1.0,2
67.0,0.0015881134549030108,14.017775491638753,0.18962322014454083,8.146660374032601,71917.05406790416,79226.63818856068,6.496474503928393,297.985206685561,273.986821321841,1.6372520090402705,60.0,100.0,10.0,80.0,0.0,42.66589409200633,10.118599420865173,32.0,0.0001,500.0,1.1,0.0,1.0,2.0,2.0,1.3101693402695578,1.2298705680156887,,,,,,1.0,2
67.2,0.0015451007349241792,14.088373553682043,0.1897088778573657,8.183959233809036,72037.21544077629,79357.43546702048,6.495128983531267,297.9848826622286,273.8768272255459,1.6412404931705633,60.0,100.0,10.0,80.0,0.0,43.53143105028026,11.029101292688786,32.0,0.0001,500.0,1.1,0.0,1.0,2.0,2.0,1.300303301144378,1.232931834567219,,,,,,1.0,2
67.4,0.0015418323652357803,14.109106663191193,0.18968997853076117,8.221050568657946,72157.64493530264,79488.50528030405,6.496157216167954,297.9844196177665,273.71938386487835,1.6451968377332828,60.0,100.0,10.0,80.0,0.0,44.9293326826331,10.32569903018868,32.0,0.0001,500.0,1.1,0.0,1.0,2.0,2.0,1.3014944726986168,1.235968752825558,,,,,,1.0,2
67.60000000000001,0.0015417516782351309,14.116169989843312,0.1895807509563775,8.258013765162588,72278.26029924244,79619.77232451263,6.497224864194956,297.9827772479642,273.1600545718497,1.6491499938858913,60.0,100.0,10.0,80.0,0.0,45.91338413075217,9.601478699331388,32.0,0.0001,500.0,1.1,0.0,1.0,2.0,2.0,1.3122336303287543,1.2390035416790555,,,,,,1.0,2
67.80000000000001,0.0015764593716853772,14.060207636000072,0.18921148359129342,8.295344345810335,72398.97808809632,79751.26473195593,6.498578712428956,297.9853862530838,274.0498656963338,1.6531576056099861,60.0,100.0,10.0,80.0,0.0,46.476522074225144,8.454069617242943,32.0,0.0001,500.0,1.1,0.0,1.0,2.0,2.0,1.3504267803028611,1.2420804599600965,,,,,,1.0,2
68.0,0.0016048787221419197,14.012169457840264,0.1888655391893162,8.332953141370893,72519.68701355452,79882.87021130283,6.498307862470514,297.991813456421,276.24567520184223,1.6572467765568792,60.0,100.0,10.0,80.0,0.0,46.49559591943861,8.720640955682207,32.0,0.0001,500.0,1.1,0.0,1.0,2.0,2.0,1.3861111217366473,1.2452203337256333,,,,,,1.0,2
68.2,0.0015788953053806891,14.051078877832815,0.18882301260868367,8.370721967123842,72640.40998288829,80014.44914529349,6.498606636555161,297.9948327137809,277.27894545374323,1.661332810746254,60.0,100.0,10.0,80.0,0.0,46.62961680155262,10.37044305927467,32.0,0.0001,500.0,1.1,0.0,1.0,2.0,2.0,1.389770000175147,1.2483581388615173,,,,,,1.0,2
68.4,0.0016711436455150253,13.975788659498177,0.1885462296490219,8.409066364184776,72761.92038758232,80147.02535435716,6.497342096202499,298.00506764107394,280.7879358308972,1.6655384614101303,60.0,100.0,10.0,84.0,0.0,46.63666055331211,11.056887439192884,31.0,0.0001,500.0,1.1,0.0,1.0,2.0,2.0,1.4181105826128353,1.2515881564968316,,,,,,1.0,2
68.60000000000001,0.001652295829257655,14.006455469277503,0.18847298143869318,8.447139990689436,72883.52055967158,80279.66070214985,6.497250598117237,298.0120831270532,283.19740765218154,1.6697896961830407,60.0,100.0,10.0,84.0,0.0,47.15808998585232,14.37151969187213,31.0,0.0001,500.0,1.1,0.0,1.0,2.0,2.0,1.4249737654496824,1.25485354955181,,,,,,1.0,2
68.80000000000001,0.0016845269244426659,13.974178870181381,0.18827663299757516,8.485491116670836,73005.2174570915,80412.5259616929,6.49604448544541,298.022144245928,286.65842191569243,1.6740953454405731,60.0,100.0,10.0,84.0,0.0,47.70735589960727,16.90513694028909,31.0,0.0001,500.0,1.1,0.0,1.0,2.0,2.0,1.4447992890782437,1.2581611137317066,,,,,,1.0,2
69.0,0.0016181833223184396,14.06593793089887,0.18837707063170595,8.523043142886463,73127.10926238909,80545.39639177892,6.497894359822247,298.0221621760642,286.66452743578634,1.678339084246458,60.0,100.0,10.0,84.0,0.0,48.74801857374725,20.7767240717557,31.0,0.0001,500.0,1.1,0.0,1.0,2.0,2.0,1.433357192796817,1.2614214882654884,,,,,,1.0,2
69.2,0.0016153212845163088,14.096632569395977,0.18847029934095327,8.5608394778525,73249.04686006086,80678.32736374148,6.498782824598736,298.0210116727999,286.267289440952,1.6825402723931326,60.0,100.0,10.0,84.0,0.0,49.03276732297963,21.537860799487454,31.0,0.0001,500.0,1.1,0.0,1.0,2.0,2.0,1.4226797069208257,1.2646495333672032,,,,,,1.0,2
69.4,0.0016128331819812653,14.111347071887575,0.18840224147502946,8.598476148836868,73370.96203252384,80811.22165495949,6.499434196753887,298.01957702944696,285.77110457815587,1.6867284567136946,60.0,100.0,10.0,84.0,0.0,48.97398036952991,21.97188429967668,31.0,0.0001,500.0,1.1,0.0,1.0,2.0,2.0,1.4290090512802398,1.2678679446936332,,,,,,1.0,2
69.60000000000001,0.0015700497845252477,14.176287439190496,0.18845540993161064,8.635747284457004,73492.80420402986,80943.93212023067,6.499980747735333,298.01240819274403,283.28799821750175,1.6908482833284109,60.0,100.0,10.0,84.0,0.0,48.65151364802937,22.273498847396674,31.0,0.0001,500.0,1.1,0.0,1.0,2.0,2.0,1.4225703881948542,1.2710341752302843,,,,,,1.0,2
69.80000000000001,0.001581564657345527,14.18466766320573,0.18845260216807344,8.673015627111154,73614.52886615196,81076.57719089996,6.499116673688499,298.00752176331105,281.59255384754965,1.6949562008756778,60.0,100.0,10.0,84.0,0.0,48.109317282612956,20.545148614293545,31.0,0.0001,500.0,1.1,0.0,1.0,2.0,2.0,1.4220360482527181,1.2741915976275937,,,,,,1.0,2
70.0,0.0015828581378678776,14.194307901198648,0.1883683980869786,8.710169607228838,73736.20470039065,81209.18387421264,6.498077574582689,298.00390450102014,280.3350896334181,1.699073225434142,60.0,100.0,10.0,84.0,0.0,47.91815087053186,19.37840396308659,31.0,0.0001,500.0,1.1,0.0,1.0,2.0,2.0,1.4300831354781751,1.2773563649396051,,,,,,1.0,2
70.2,0.0015347333197940037,14.264464543251092,0.18844585411258752,8.746833581975352,73857.91723925751,81341.6953343854,6.497673576738033,297.9955121342219,277.41333040814334,1.7031282588245014,60.0,100.0,10.0,84.0,0.0,48.13998594359826,18.449162817637024,31.0,0.0001,500.0,1.1,0.0,1.0,2.0,2.0,1.4210955101025864,1.2804738172489232,,,,,,1.0,2
70.4,0.0015723780931283578,14.222225429377442,0.1881861795921706,8.783731134860597,73979.69690167299,81474.39397162391,6.495494166396031,297.9928256559557,276.4764742232103,1.7072043037107656,60.0,100.0,10.0,84.0,0.0,48.52127872952994,15.727344527673928,31.0,0.0001,500.0,1.1,0.0,1.0,2.0,2.0,1.4476511762780817,1.2836077607666536,,,,,,1.0,2
70.60000000000001,0.0015400627316963962,14.280463440594508,0.18820954784369748,8.819880098265635,74101.72059265962,81607.23722697563,6.4955963370310945,297.98596338068535,274.07960072661746,1.711263297765904,60.0,100.0,10.0,84.0,0.0,49.7849598505724,14.695157310147813,31.0,0.0001,500.0,1.1,0.0,1.0,2.0,2.0,1.4443686754744907,1.2867289311040417,,,,,,1.0,2
70.80000000000001,0.0015156201585749662,14.317232294308624,0.18821049459546524,8.855884328316291,74223.97680899972,81740.28451201902,6.496293908957941,297.9790621779865,271.6646801739799,1.7152746606687004,60.0,100.0,10.0,84.0,0.0,50.99443807217951,12.07878302721199,31.0,0.0001,500.0,1.1,0.0,1.0,2.0,2.0,1.4434590918176038,1.2898138055124146,,,,,,1.0,2
71.0,0.001484347385543645,14.36321384012731,0.18825822783710844,8.891679883167093,74346.41222311657,81873.44670473672,6.497668210311207,297.9718098259481,269.1229706620855,1.719241089062936,60.0,100.0,10.0,84.0,0.0,51.92937559043331,9.222961936344667,31.0,0.0001,500.0,1.1,0.0,1.0,2.0,2.0,1.4376254780970212,1.2928644464903438,,,,,,1.0,2
71.2,0.001522358099513642,14.352520995286016,0.18821763027829097,8.927925360401462,74468.91414734625,82006.80777828423,6.499174475131093,297.96990022403065,268.4525074478304,1.7232394371102124,60.0,100.0,10.0,84.0,0.0,52.31254539199562,5.98749117783499,31.0,0.0001,500.0,1.1,0.0,1.0,2.0,2.0,1.4410986207874013,1.2959399622137615,,,,,,1.0,2
71.4,0.0015542833403433352,14.328622789758475,0.18805852131053605,8.964458786973882,74591.36065455624,82140.23418026637,6.5006243175745135,297.97257007059943,269.39145797930814,1.7273161796991878,60.0,100.0,10.0,84.0,0.0,52.09304300381265,4.325939629648737,31.0,0.0001,500.0,1.1,0.0,1.0,2.0,2.0,1.4570492029001427,1.299076114611007,,,,,,1.0,2
71.60000000000001,0.00153228056758216,14.350437385391707,0.18793288714360998,9.001103288068453,74713.63496415969,82273.45020505517,6.502149573032276,297.9736545996725,269.7735029934889,1.7313925319219934,60.0,100.0,10.0,84.0,0.0,51.292373588295916,4.132617111407917,31.0,0.0001,500.0,1.1,0.0,1.0,2.0,2.0,1.4694678315980616,1.3022123058314496,,,,,,1.0,2
71.80000000000001,0.0015509935327111452,14.345469878729485,0.18782166020068544,9.037852530906052,74835.61587513107,82406.45046347594,6.502751950725815,297.97725441584214,271.0436252089741,1.7354870821739627,60.0,100.0,10.0,84.0,0.0,49.879231079343924,3.4581334398294032,31.0,0.0001,500.0,1.1,0.0,1.0,2.0,2.0,1.4803623320104915,1.305362839362565,,,,,,1.0,2
72.0,0.0015333812524445834,14.38318239285725,0.18781360240585826,9.074534812605082,74957.25305336331,82539.05793590804,6.501542413920652,297.9786885278297,271.55054407565456,1.739562535756028,60.0,100.0,10.0,84.0,0.0,48.22764757956144,3.7039835380258594,31.0,0.0001,500.0,1.1,0.0,1.0,2.0,2.0,1.4803905697659183,1.308499018904702,1836.5500416498976,31.73283764834124,1030.1339788789467,8.332953141370893,19.5435168439821,1.0,2
72.2,0.0015183548440134411,14.42845985124388,0.18790054768203202,9.11105356067492,75078.6463997183,82671.38825664295,6.499458094160611,297.97869168148,271.55162396688775,1.743599294277595,60.0,100.0,10.0,84.0,0.0,47.06442068227233,3.318794146548221,31.0,0.0001,500.0,1.1,0.0,1.0,2.0,2.0,1.4704157669371072,1.3116057557806364,,,,,,1.0,2
72.4,0.0016939524440295992,14.275484147854968,0.18740125962882762,9.14873325392308,75201.16100740079,82805.32091112847,6.494270424189808,297.9952016764926,277.40624762456025,1.747878060381722,60.0,100.0,10.0,90.0,0.0,46.734631329650874,2.5099461095936775,30.0,0.0001,500.0,1.1,0.0,1.0,2.0,2.0,1.5221419029262575,1.3148991078245684,,,,,,1.0,2
72.60000000000001,0.0017025225827755424,14.3013075894126,0.18736225148279984,9.186346685982464,75324.00903208442,82939.61722372031,6.490983666390239,298.0078427323265,281.89727670357297,1.7523143620032475,60.0,100.0,10.0,90.0,0.0,48.49384797080355,7.40680879208157,30.0,0.0001,500.0,1.1,0.0,1.0,2.0,2.0,1.525357281668894,1.3183141092538762,,,,,,1.0,2
72.80000000000001,0.0016913920140368334,14.326880566622846,0.1873054908767122,9.223871180773365,75447.45406815992,83074.50793687199,6.490944336150287,298.01620386191286,284.87289576257916,1.7567579451328406,60.0,100.0,10.0,90.0,0.0,51.55565118176221,11.464210960639612,30.0,0.0001,500.0,1.1,0.0,1.0,2.0,2.0,1.530439721455248,1.3217351189003594,,,,,,1.0,2
73.0,0.0016781276626479614,14.35484592292483,0.18719268236894596,9.261275055979883,75571.50008203331,83209.95053231076,6.493507873976136,298.01994412370897,286.20629073556916,1.7611674653213234,60.0,100.0,10.0,90.0,0.0,54.62865298087802,14.548095211428496,30.0,0.0001,500.0,1.1,0.0,1.0,2.0,2.0,1.541426981162628,1.325130303082525,,,,,,1.0,2
73.2,0.0016271344700315984,14.430925193633957,0.1872774796566486,9.298273554575077,75695.94560989474,83345.64949796336,6.49783403361862,298.01586531553215,284.74987806902465,1.765489274260804,60.0,100.0,10.0,90.0,0.0,56.67490477197006,16.38342188092097,30.0,0.0001,500.0,1.1,0.0,1.0,2.0,2.0,1.5316359204821488,1.328458338060003,,,,,,1.0,2
73.4,0.0016128299391111134,14.470205670537807,0.18738024411679594,9.335045583839705,75820.44267662337,83481.40593850183,6.501735597959718,298.01245934917466,283.53142918218924,1.7697677786176946,60.0,100.0,10.0,90.0,0.0,56.98781309813173,15.696085735535526,30.0,0.0001,500.0,1.1,0.0,1.0,2.0,2.0,1.5199586855226102,1.3317534021012174,,,,,,1.0,2
73.60000000000001,0.0016105256444845473,14.482846854449617,0.18731429435306035,9.371433982713747,75944.68097096267,83616.90382521546,6.5045112523189355,298.0083598532441,282.0624775905528,1.7740423556462486,60.0,100.0,10.0,90.0,0.0,55.74220231567476,15.146567735983048,30.0,0.0001,500.0,1.1,0.0,1.0,2.0,2.0,1.5260438100074223,1.335045815206078,,,,,,1.0,2
73.80000000000001,0.0016147592951302181,14.509803915684865,0.18730570453023715,9.407763057836267,76068.43791591261,83751.91855574926,6.505407988629556,298.00454089980116,280.6917358753469,1.7783069621649081,60.0,100.0,10.0,90.0,0.0,53.38512405926613,14.225011981665723,30.0,0.0001,500.0,1.1,0.0,1.0,2.0,2.0,1.52609195949127,1.338330920967512,,,,,,1.0,2
74.0,0.0016102962530956339,14.53327084076204,0.18728828573768977,9.444149192189187,76191.64227612042,83886.37665999908,6.504500185517052,298.00189080104985,279.7389863194804,1.7825577610905732,60.0,100.0,10.0,90.0,0.0,50.67076866279657,13.251713759987219,30.0,0.0001,500.0,1.1,0.0,1.0,2.0,2.0,1.5270724591670568,1.3416057605610163,,,,,,1.0,2
74.2,0.001565518937079103,14.60623547741626,0.18746951999862205,9.480427960978885,76314.36754542067,84020.24807353907,6.501963689598148,297.9966277834732,277.843926322015,1.7867449258201114,60.0,100.0,10.0,90.0,0.0,48.32060587396772,12.536355584152979,30.0,0.0001,500.0,1.1,0.0,1.0,2.0,2.0,1.5071448646204564,1.3448319372906334,,,,,,1.0,2
74.4,0.0015736006555335641,14.638640046443744,0.18759549618973684,9.51672526454024,76436.81607982442,84153.87617175502,6.497365486607821,297.9937271509916,276.79768125281953,1.7909106437100089,60.0,100.0,10.0,90.0,0.0,46.987850288460606,10.811395300202385,30.0,0.0001,500.0,1.1,0.0,1.0,2.0,2.0,1.4930339095824356,1.3480419452674401,,,,,,1.0,2
74.60000000000001,0.0014989434522480383,14.731778860522622,0.1877522351193475,9.552210528186468,76559.35932916493,84287.39076705725,6.4963744437147275,297.9836385862353,273.1530803049365,1.7949719426872626,60.0,100.0,10.0,90.0,0.0,47.50176135633881,9.723691606134828,30.0,0.0001,500.0,1.1,0.0,1.0,2.0,2.0,1.4756949045799377,1.351171832163071,,,,,,1.0,2
74.80000000000001,0.0014888156592391868,14.754604549442696,0.18771509598891864,9.58773997209763,76682.07272052446,84421.06324527516,6.495502068635332,297.97571528050537,270.28561759394756,1.7989602333488117,60.0,100.0,10.0,90.0,0.0,48.39485086169013,6.029659671008012,30.0,0.0001,500.0,1.1,0.0,1.0,2.0,2.0,1.4788065413285099,1.35424578279855,,,,,,1.0,2
75.0,0.0014480187338246125,14.816804269759245,0.187796883673417,9.622714754988742,76805.02967468118,84554.87709338761,6.49607340382557,297.96678869004757,267.0501937944337,1.8028853664665632,60.0,100.0,10.0,90.0,0.0,49.64917613018007,2.758230413673182,30.0,0.0001,500.0,1.1,0.0,1.0,2.0,2.0,1.4693916592055942,1.3572713729636987,,,,,,1.0,2
75.2,0.0014588545599238411,14.831521099859563,0.1877520404480681,9.657704890453722,76928.18236747108,84688.92455210163,6.496731011538712,297.96020581442957,264.66029727833524,1.8067898758457284,60.0,100.0,10.0,90.0,0.0,50.66988006383212,0.0001,30.0,0.0001,500.0,1.1,0.0,1.0,2.0,2.0,1.4733330329756118,1.3602813786892822,,,,,,1.0,2
75.4,0.0014809401037631574,13.89406760630643,0.18480268728530402,9.70334032412632,76971.46387845819,84743.20734010085,6.4998538959628975,298.0456621167978,295.71666211580015,1.810733399425371,60.0,100.0,10.0,90.0,0.0,51.431063881194746,0.0001,30.0,0.0001,100.0,1.1,0.0,1.0,2.0,2.0,1.7824055654542323,1.363321777423185,,,,,,1.0,2
75.60000000000001,0.0014593185127900184,13.904898652420911,0.1844196667529762,9.7487257430131,77014.61312352621,84797.30326621875,6.502033884510331,298.1071208927957,318.06655412767856,1.8146698361542537,60.0,100.0,10.0,90.0,0.0,50.931312077790984,28.039613925287735,30.0,0.0001,100.0,1.1,0.0,1.0,2.0,2.0,1.8217054711880567,1.3663570298313559,,,,,,1.0,2
75.80000000000001,0.0014724598360422844,13.861390699636953,0.1842443088674097,9.794417941271988,77057.46569033425,84851.17157280889,6.503977409119052,298.1537011904644,335.01649475691033,1.8186167030805442,60.0,100.0,10.0,90.0,0.0,49.56780874952439,50.314298756716596,30.0,0.0001,100.0,1.1,0.0,1.0,2.0,2.0,1.8392660844755773,1.3694006431667485,,,,,,1.0,2
76.0,0.0014407472155602188,13.881667236411426,0.18436809605856364,9.839625272108849,77099.87187128463,84904.53149602862,6.504355357740853,298.1815887385484,345.1706678823067,1.822541003022963,60.0,100.0,10.0,90.0,0.0,47.422163514695214,69.94059411227195,30.0,0.0001,100.0,1.1,0.0,1.0,2.0,2.0,1.8255527189445502,1.3724271703432975,,,,,,1.0,2
76.2,0.00140461821477954,13.880182567956782,0.18439344014473008,9.884519349612981,77141.80839527263,84957.36116103602,6.501906483312383,298.194826332675,349.9935543698489,1.8264153347796417,60.0,100.0,10.0,90.0,0.0,45.129247091604086,84.97624061114547,30.0,0.0001,100.0,1.1,0.0,1.0,2.0,2.0,1.8221411228265636,1.3754154701293677,,,,,,1.0,2
76.4,0.0018758837434500494,13.424251080892704,0.18304541860792298,9.93279117300557,77188.66856638239,85016.50701535546,6.489213761325934,298.2378458877932,365.6771634460646,1.830939694780864,60.0,100.0,10.0,116.0,0.0,43.82328621386834,96.14363166976457,29.0,0.0001,100.0,1.1,0.0,1.0,2.0,2.0,1.9620149793736505,1.3789055305685278,,,,,,1.0,2
76.60000000000001,0.0018256337625222998,13.46401274828514,0.1829528068091138,9.980531627635568,77236.275624375,85076.25704369601,6.481664604895574,298.2547092931702,371.82932948631,1.8357645551646482,60.0,100.0,10.0,116.0,0.0,47.63498660218984,118.19208370489915,29.0,0.0001,100.0,1.1,0.0,1.0,2.0,2.0,1.9707310197368886,1.3826278570789856,,,,,,1.0,2
76.80000000000001,0.0018249945455498045,13.441008179631037,0.18288945307115792,10.028533864573479,77285.23154508899,85137.406813608,6.478876756366768,298.2608080664526,374.0560513178459,1.840611408219925,60.0,100.0,10.0,116.0,0.0,54.42580368972773,132.6065326888303,29.0,0.0001,100.0,1.1,0.0,1.0,2.0,2.0,1.9763926671935614,1.3863676310263364,,,,,,1.0,2
77.00000000000001,0.0018638590888890442,13.385686041919508,0.18273512026437222,10.076455585475061,77335.76395431372,85200.29099904829,6.4803643088012315,298.26440230235386,375.36918615663325,1.8455406201895335,60.0,100.0,10.0,116.0,0.0,62.33598769539692,144.13573242481942,29.0,0.0001,100.0,1.1,0.0,1.0,2.0,2.0,1.991518040237385,1.3901714459875423,,,,,,1.0,2
77.2,0.0018322845858075138,13.41711094947911,0.1828464653400646,10.12375362523244,77387.75787268618,85264.55961959274,6.485280299668499,298.2466865429457,368.8918062485675,1.8504743673232054,60.0,100.0,10.0,116.0,0.0,69.65056737624316,155.11030550309994,29.0,0.0001,100.0,1.1,0.0,1.0,2.0,2.0,1.9789578159296028,1.393979259482881,,,,,,1.0,2
77.4,0.0018626688482283051,13.387647962559852,0.18284430697753568,10.170958775117782,77440.82242115577,85329.99953630916,6.490273613924996,298.2296932665421,362.67400164135853,1.8554354004280973,60.0,100.0,10.0,116.0,0.0,74.9951983706566,158.88649807630426,29.0,0.0001,100.0,1.1,0.0,1.0,2.0,2.0,1.97821947864718,1.397808635274283,,,,,,1.0,2
77.60000000000001,0.0018996168648610292,13.330872654029298,0.18267650663692064,10.218153362702322,77494.55781953056,85396.23211747204,6.495467048348478,298.217613411487,358.2506302599817,1.8604723464252044,60.0,100.0,10.0,116.0,0.0,78.34709346835332,162.4074312730745,29.0,0.0001,100.0,1.1,0.0,1.0,2.0,2.0,1.9947289386140101,1.401697123931993,,,,,,1.0,2
77.80000000000001,0.0018738034207257887,13.336666983343758,0.18267411671784597,10.265302073901816,77548.54938844437,85462.65549456568,6.500393482168778,298.1921713455732,348.92695419284587,1.8655048786688377,60.0,100.0,10.0,116.0,0.0,79.61472203383218,166.9808283474185,29.0,0.0001,100.0,1.1,0.0,1.0,2.0,2.0,1.994001863111936,1.4055827249427473,,,,,,1.0,2
78.00000000000001,0.0018396438594909686,13.342922562275913,0.18272269269720912,10.312652109691946,77602.4030850698,85528.8855886498,6.505195793501205,298.1717984763598,341.45507407697005,1.8704811420864507,60.0,100.0,10.0,116.0,0.0,78.90707645159463,166.45441745082988,29.0,0.0001,100.0,1.1,0.0,1.0,2.0,2.0,1.9879741649100409,1.4094253919162547,,,,,,1.0,2
78.2,0.001832573810906798,13.31183007556829,0.1826736781568005,10.360532859847408,77655.73201885237,85594.62420548288,6.508094428656747,298.15430609579147,335.0344884622625,1.8754364955394955,60.0,100.0,10.0,116.0,0.0,76.27192442854108,166.82301852556787,29.0,0.0001,100.0,1.1,0.0,1.0,2.0,2.0,1.9921209066322618,1.4132524171891538,,,,,,1.0,2
78.4,0.0018495695325274574,13.264972404876538,0.18257627788859745,10.408662846593444,77708.3026310482,85659.69282547498,6.509051731400931,298.1435585197368,331.08669140247616,1.8804220866906736,60.0,100.0,10.0,116.0,0.0,72.47944912019413,167.383386612083,29.0,0.0001,100.0,1.1,0.0,1.0,2.0,2.0,2.0013038682644892,1.4171033036864902,,,,,,1.0,2
78.60000000000001,0.001799922450416444,13.285117445551986,0.18267082257501563,10.45679666144901,77760.03794362943,85723.81721527145,6.508465932428075,298.12995178237827,326.08507788300017,1.8853660412323259,60.0,100.0,10.0,116.0,0.0,68.30309076186538,169.5931443196697,29.0,0.0001,100.0,1.1,0.0,1.0,2.0,2.0,1.9904918177627893,1.4209225338191918,,,,,,1.0,2
78.80000000000001,0.001799945944464014,13.241160135733846,0.182560796388806,10.504918814314358,77810.98558435615,85787.18845530265,6.506558213887098,298.1151201143586,320.62902817394894,1.8902938411967873,60.0,100.0,10.0,116.0,0.0,64.36065604162201,170.3628712415127,29.0,0.0001,100.0,1.1,0.0,1.0,2.0,2.0,2.001002971486655,1.4247297838696997,,,,,,1.0,2
79.00000000000001,0.0017950093222348878,13.240976261709347,0.18263444945896015,10.552862465419803,77861.2999346926,85849.91670975389,6.503697170914895,298.09587134748347,313.5426653625613,1.8952140876574513,60.0,100.0,10.0,116.0,0.0,61.18316782970656,170.22118814410175,29.0,0.0001,100.0,1.1,0.0,1.0,2.0,2.0,1.9923720917119407,1.4285316955772518,,,,,,1.0,2
79.2,0.0018088881229901628,13.203501046497847,0.18259315381200245,10.600941236883353,77911.20805899304,85912.30061573359,6.499258216242562,298.08850069914536,310.8273379929982,1.9001550163889775,60.0,100.0,10.0,116.0,0.0,59.152663567246094,168.00860537077466,29.0,0.0001,100.0,1.1,0.0,1.0,2.0,2.0,1.9957178933605881,1.4323500890276986,,,,,,1.0,2
79.4,0.001796752309809105,13.205367038855659,0.18263214727200658,10.648825999983197,77961.06439863754,85974.59666965429,6.493943338987087,298.08339434706704,308.9447613294981,1.905085467240544,60.0,100.0,10.0,116.0,0.0,58.90552460199383,169.20527297632017,29.0,0.0001,100.0,1.1,0.0,1.0,2.0,2.0,1.9906963067294512,1.4361608850260514,,,,,,1.0,2
79.60000000000001,0.0018299762766853765,13.15005459714361,0.1824959419183886,10.69692337865673,78011.2939799804,86037.37457718901,6.488820311559661,298.0827091967481,308.6919902093296,1.9100550205140274,60.0,100.0,10.0,116.0,0.0,60.78884441528198,170.81763758978835,29.0,0.0001,100.0,1.1,0.0,1.0,2.0,2.0,2.0039300341684325,1.4400024091560875,,,,,,1.0,2
79.80000000000001,0.0017619178816911162,13.20392212837239,0.18268444744811277,10.744601856922268,78062.3070188539,86100.78382735277,6.487250564204928,298.07889271612896,307.2829888415,1.9149756204402202,60.0,100.0,10.0,116.0,0.0,64.7243046912859,173.74684638535908,29.0,0.0001,100.0,1.1,0.0,1.0,2.0,2.0,1.9833228526743536,1.4438065918502279,,,,,,1.0,2
80.00000000000001,0.0018005111682940437,13.149924452035666,0.18259963558492093,10.79240445507091,78114.22585815623,86165.25281850525,6.488660189882565,298.08299217670645,308.79757702839186,1.919920133971898,60.0,100.0,10.0,116.0,0.0,69.27852685058882,175.5368940771984,29.0,0.0001,100.0,1.1,0.0,1.0,2.0,2.0,1.9912064512007794,1.4476297638188598,,,,,,1.0,2
80.2,0.0017831455266126288,13.151788008764216,0.18258009863635907,10.840143506160866,78166.93788182863,86230.47487335364,6.491656289403289,298.07937355732463,307.4595578936141,1.924866935508056,60.0,100.0,10.0,116.0,0.0,73.26876258729155,179.9383084359131,29.0,0.0001,100.0,1.1,0.0,1.0,2.0,2.0,1.9922832856600168,1.4514552079079128,,,,,,1.0,2
80.4,0.0011349869645143516,13.938106493846119,0.18477371525895883,10.880164017176927,78215.01999942317,86288.39441329527,6.509227861718707,298.0066895834493,280.5667546331267,1.9288205824568296,60.0,100.0,10.0,90.0,0.0,76.06118570465918,181.77134542134422,23.0,0.0001,100.0,1.1,0.0,1.0,2.0,2.0,1.7621447914936237,1.4545129908065642,,,,,,1.0,2
80.60000000000001,0.0011236304693513447,13.907426479797454,0.1850288147904555,10.920067073261833,78262.26383665334,86345.44169617833,6.524397077861865,297.94781485495224,258.76787974915135,1.932206297671385,60.0,100.0,10.0,90.0,0.0,71.7597910123929,159.6990224793981,23.0,0.0001,100.0,1.1,0.0,1.0,2.0,2.0,1.734718523327822,1.4571317861871533,,,,,,1.0,2
80.80000000000001,0.0011714448772357617,13.792535491556832,0.1847348093013376,10.961194315608642,78307.34926534964,86400.52759979136,6.53340281103521,298.38447359522416,420.5432363432997,1.9356028346504985,60.0,100.0,10.0,90.0,0.0,61.42538700417887,47.909706743819434,23.0,169.62747656924333,100.0,1.1,0.0,1.0,2.0,2.0,1.764884406243922,1.459759188948519,,,,,,1.0,2
81.00000000000001,0.0011659494593946535,13.761437406153693,0.1846763944050489,11.00285737093998,78349.5838781042,86452.75694433997,6.532344477647346,298.33229937854225,401.200924238632,1.9390224830585203,60.0,100.0,10.0,90.0,0.0,47.489047062260816,197.0415896620701,23.0,16.962747656924332,100.0,1.1,0.0,1.0,2.0,2.0,1.7703336787817794,1.462404709394344,,,,,,1.0,2
81.2,0.001169160375521527,13.699458091830543,0.18450914700731766,11.04537996733865,78389.14185607646,86502.35314382594,6.518398856939118,298.24698741334714,369.55618336787,1.9424523421710385,60.0,100.0,10.0,90.0,0.0,33.99082607207998,190.18430417567464,23.0,1.6962747656924333,100.0,1.1,0.0,1.0,2.0,2.0,1.7871881113483148,1.465058370764558,,,,,,1.0,2
81.4,0.0011375836950525253,13.699768115891109,0.18452209670229863,11.087681878415161,78427.14774665762,86550.31360198127,6.49497676287649,298.1766088332942,343.4361130241666,1.9458504259807312,60.0,100.0,10.0,90.0,0.0,26.099716243193924,173.6042095038126,23.0,0.16962747656924335,100.0,1.1,0.0,1.0,2.0,2.0,1.7851607216333436,1.4676876864958825,,,,,,1.0,2
81.60000000000001,0.0011426355686412466,13.67415410979149,0.18444705550656926,11.129979098014845,78465.47397510581,86598.61894099314,6.4756839832240525,298.12209981418715,323.1942513955362,1.9492354384026291,60.0,100.0,10.0,90.0,0.0,27.597429939455605,159.22546712503225,23.0,0.016962747656924335,100.0,1.1,0.0,1.0,2.0,2.0,1.7923578748202418,1.4703071243274752,,,,,,1.0,2
81.80000000000001,0.0011217494496393121,13.69022092167631,0.18446807601550672,11.171752630545868,78505.6541705802,86648.73074651406,6.470699102201396,298.07737779799436,306.5773714483975,1.952601542894916,60.0,100.0,10.0,90.0,0.0,36.791909213201336,147.57052613202694,23.0,0.0016962747656924335,100.0,1.1,0.0,1.0,2.0,2.0,1.7894912048760394,1.4729121644353342,,,,,,1.0,2
82.00000000000001,0.0011025902505782364,13.706820183233047,0.18448362122095674,11.213016889355627,78548.07799772122,86701.03965495247,6.479592937446562,298.0404117026108,292.83419389942077,1.955933159388399,60.0,100.0,10.0,90.0,0.0,47.95247731874885,137.12899122083448,23.0,0.00016962747656924337,100.0,1.1,0.0,1.0,2.0,2.0,1.7872048529320508,1.4754907438381761,,,,,,1.0,2
82.2,0.0011001367905881228,13.722689391086798,0.184631917878285,11.254242631439423,78592.02972954781,86754.90189273824,6.49390484255739,298.00721924038425,280.4864174893922,1.9592555695718854,60.0,100.0,10.0,90.0,0.0,55.545123868344476,127.6127708597449,23.0,0.0001,100.0,1.1,0.0,1.0,2.0,2.0,1.7710018542534054,1.4780624253896957,,,,,,1.0,2
82.4,0.0011024077696426431,13.719419776562477,0.18471593241327916,11.295603275745663,78636.36531356369,86809.16933879456,6.507026464498039,297.9764806072274,269.04410295459553,1.9625788258323262,60.0,100.0,10.0,90.0,0.0,57.42211066301506,117.95405595486164,23.0,0.0001,100.0,1.1,0.0,1.0,2.0,2.0,1.7615343113473436,1.480634989219639,,,,,,1.0,2
82.60000000000001,0.001112840820023597,13.68405383997108,0.18463217699122955,11.336822113423018,78680.03314632749,86862.78463479424,6.516765774873181,297.95262691578756,260.15963191677406,1.9659139962998757,60.0,100.0,10.0,90.0,0.0,54.05508515097135,107.86889249686388,23.0,0.0001,100.0,1.1,0.0,1.0,2.0,2.0,1.7696596864339207,1.4832170046119522,,,,,,1.0,2
82.80000000000001,0.001106636817224067,13.645883239577502,0.18447711007181802,11.378209809038907,78722.24844294919,86914.93035339646,6.51984549246033,297.94684516639916,258.004783505005,1.969242543999068,60.0,100.0,10.0,90.0,0.0,46.78694249377129,98.98793146981865,23.0,0.0001,100.0,1.1,0.0,1.0,2.0,2.0,1.7852620393573446,1.4857941212227361,,,,,,1.0,2
83.00000000000001,0.0010910797723056732,13.61216688363311,0.18431393592768194,11.419412337719562,78762.69561186842,86965.26164600317,6.514759324839439,298.2407695999486,367.60873765995086,1.9725479417118716,60.0,100.0,10.0,90.0,0.0,38.293895144544805,29.69637944094559,23.0,105.3900001465451,100.0,1.1,0.0,1.0,2.0,2.0,1.801713812986725,1.4883535398826653,,,,,,1.0,2
83.2,0.0010617360698216584,13.632359976685144,0.1844084923098009,11.459796882304554,78801.80085092998,87014.13674055555,6.50351734157071,298.25066687059683,371.30147078869277,1.9757981411461238,60.0,100.0,10.0,90.0,0.0,31.847524931905294,129.15036587587724,23.0,10.539000014654512,100.0,1.1,0.0,1.0,2.0,2.0,1.7911623318029497,1.4908704371739054,,,,,,1.0,2
83.4,0.0010599328670395413,13.620425077858854,0.18444997047851508,11.50022608613991,78840.51713412591,87062.6313692167,6.491105978215307,298.2319970069423,364.33159309984035,1.9790213208509335,60.0,100.0,10.0,90.0,0.0,29.90655627008119,139.38935099597546,23.0,1.0539000014654512,100.0,1.1,0.0,1.0,2.0,2.0,1.7861781387997213,1.4933666258146832,,,,,,1.0,2
83.60000000000001,0.0010751330724970384,13.598804001259557,0.1844610521095379,11.541005362809777,78879.84308568585,87111.80838635206,6.483202010468522,298.2083204384523,355.48758597350235,1.9822660084063597,60.0,100.0,10.0,90.0,0.0,32.929868075822256,142.27402615268917,23.0,0.10539000014654512,100.0,1.1,0.0,1.0,2.0,2.0,1.7843760491799923,1.4958796874212266,,,,,,1.0,2
83.80000000000001,0.001055895608335454,13.617283461972555,0.1845512279896365,11.581545189895179,78920.41019245677,87162.20289804811,6.482498645333417,298.1822500416731,345.74400992117705,1.9855047763109595,60.0,100.0,10.0,90.0,0.0,39.10591998929352,142.94552176137404,23.0,0.010539000014654513,100.0,1.1,0.0,1.0,2.0,2.0,1.7742802517464884,1.4983883805478213,,,,,,1.0,2
84.00000000000001,0.0010338119503850818,13.640884632947735,0.18462635914966355,11.621803583136364,78962.27210769584,87213.81212857657,6.488578424928765,298.15877576666355,336.9662722411285,1.9886963958797326,60.0,100.0,10.0,90.0,0.0,45.55495602109876,141.9408255781946,23.0,0.0010539000014654514,100.0,1.1,0.0,1.0,2.0,2.0,1.7657689737284346,1.5008607649097376,1785.3565024990246,26.261764423000727,1136.0781804253,10.79240445507091,21.089824484994022,1.0,2
84.2,0.001034010314073615,13.630724000215961,0.18459950875132122,11.661919425815876,79004.94059867236,87266.23680647634,6.498911370211497,298.14111407585654,330.3576203197252,1.9918593972142686,60.0,100.0,10.0,90.0,0.0,49.56541483866581,140.8721052384813,23.0,0.00010539000014654515,100.0,1.1,0.0,1.0,2.0,2.0,1.7679607024867436,1.5033111873630742,,,,,,1.0,2
84.4,0.0010601581521228459,13.574544240284391,0.18443721613323882,11.702667592767808,79047.58599498536,87318.74533522216,6.508063515923818,298.1247743582289,324.24020053892787,1.9950586795156775,60.0,100.0,10.0,90.0,0.0,49.4375490362186,140.90897022251528,23.0,0.0001,100.0,1.1,0.0,1.0,2.0,2.0,1.7843510129773859,1.5057899270292208,,,,,,1.0,2
84.60000000000001,0.0010772869746821234,13.511190274474613,0.18419876385627848,11.744098399721317,79089.47788339359,87370.57565480513,6.51306850449532,298.10624512878957,317.29880295770556,1.9983055327219545,60.0,100.0,10.0,90.0,0.0,45.65465425103383,140.69600816664564,23.0,0.0001,100.0,1.1,0.0,1.0,2.0,2.0,1.8087095152569654,1.5083057394581374,,,,,,1.0,2
84.80000000000001,0.0011098112770382227,13.435570124053381,0.18398305619763322,11.786335252983868,79130.21789129588,87421.40178684419,6.510651299145813,298.08247853318426,308.39043328689604,2.0016274091800055,60.0,100.0,10.0,90.0,0.0,39.87311315787056,139.10501032587422,23.0,0.0001,100.0,1.1,0.0,1.0,2.0,2.0,1.8306580735954958,1.5108799083755935,,,,,,1.0,2
85.00000000000001,0.0010902139776028906,13.427978519695486,0.1839411227072291,11.828230704858125,79170.00294361527,87471.2197045382,6.504016464268374,298.0616640717637,300.58393730233666,2.004961852555518,60.0,100.0,10.0,90.0,0.0,35.07271816179309,135.0286963924461,23.0,0.0001,100.0,1.1,0.0,1.0,2.0,2.0,1.8343950620060503,1.5134640444605694,,,,,,1.0,2
85.2,0.0010580614464131431,13.453246716516785,0.1840310299765365,11.869640254041354,79209.36147734152,87520.4989648876,6.496846778244045,298.0463563048756,294.8396680425504,2.0082355739606292,60.0,100.0,10.0,90.0,0.0,32.92487003082786,131.11890166379868,23.0,0.0001,100.0,1.1,0.0,1.0,2.0,2.0,1.8243319504955933,1.5160013451867949,,,,,,1.0,2
85.4,0.0010602782548655542,13.435925005927475,0.18401981022350244,11.911115716566467,79248.86481531672,87569.94545785428,6.4901671993062,298.03595468297385,290.9339496398949,2.0114800957720895,60.0,100.0,10.0,90.0,0.0,33.642222346834174,128.30623323919684,23.0,0.0001,100.0,1.1,0.0,1.0,2.0,2.0,1.8248691139196513,1.5185162328908126,,,,,,1.0,2
85.60000000000001,0.001042318336311295,13.454136076248242,0.1840811648417411,11.95196325138774,79289.0491521731,87620.00898115813,6.4897602474836695,298.0180297111192,284.1998600834402,2.0146951753866946,60.0,100.0,10.0,90.0,0.0,37.03642639129743,126.57084336759343,23.0,0.0001,100.0,1.1,0.0,1.0,2.0,2.0,1.8178067762354908,1.5210085136657205,,,,,,1.0,2
85.80000000000001,0.0010469929524566113,13.438402154615812,0.1840804619105447,11.9927568261612,79329.94659795742,87670.82403915138,6.49342804811738,297.99199180450273,274.412133760739,2.0179095899960737,60.0,100.0,10.0,90.0,0.0,40.57485157467025,121.81304085352014,23.0,0.0001,100.0,1.1,0.0,1.0,2.0,2.0,1.8172475392163785,1.5235004921742683,,,,,,1.0,2
86.00000000000001,0.001060984441096905,13.411632527969072,0.1840586631346907,12.03339554638904,79371.2641447881,87722.13158298052,6.497367992290317,297.9693180590631,265.88419574332806,2.021162841106632,60.0,100.0,10.0,90.0,0.0,42.64832023787088,113.64051452671919,23.0,0.0001,100.0,1.1,0.0,1.0,2.0,2.0,1.8188916666656183,1.5260227958438732,,,,,,1.0,2
86.2,0.0010448637688222592,13.405696516529098,0.18401199100896581,12.07364593560151,79412.68600813378,87773.50423352473,6.502268787955057,297.9530794696127,259.77320313294973,2.0244152605312085,60.0,100.0,10.0,90.0,0.0,43.153048587412904,105.71304931851688,23.0,0.0001,100.0,1.1,0.0,1.0,2.0,2.0,1.8231428121260251,1.5285446730600725,,,,,,1.0,2
86.4,0.001032626180490417,13.398725195823543,0.18395757135692845,12.113682779478447,79453.81728899376,87824.53175341935,6.505554813032882,297.93853769756595,254.2975045194268,2.027632068660691,60.0,100.0,10.0,90.0,0.0,41.68895442203474,99.13021626379833,23.0,0.0001,100.0,1.1,0.0,1.0,2.0,2.0,1.8282126907645668,1.5310391526061524,,,,,,1.0,2
86.60000000000001,0.001023537295381511,13.383430313733331,0.18390387910875572,12.153499740014713,79494.31819305666,87874.90532947742,6.507310525557644,298.23372891923356,365.51557887767456,2.0308196328140724,60.0,100.0,10.0,90.0,0.0,38.91464045087083,29.739064879139498,23.0,111.7255610020398,100.0,1.1,0.0,1.0,2.0,2.0,1.8332118194298832,1.5335111655927958,,,,,,1.0,2
86.80000000000001,0.0010215160446769623,13.368401426297842,0.183922832793081,12.193080042031163,79534.08244582708,87924.55291622295,6.504415048305823,298.21746630951543,359.3849799923949,2.0340047092299267,60.0,100.0,10.0,90.0,0.0,35.4356323023698,129.38426330353792,23.0,11.17255610020398,100.0,1.1,0.0,1.0,2.0,2.0,1.8305991766127003,1.5359814588461298,,,,,,1.0,2
87.00000000000001,0.0009992465304999485,13.386609540950673,0.18402976556132816,12.232256617115167,79573.39425601596,87973.6670078888,6.498539091925362,298.16790943806075,340.6943005874774,2.03715613779164,60.0,100.0,10.0,90.0,0.0,33.128931709818914,130.32456325953575,23.0,1.117255610020398,100.0,1.1,0.0,1.0,2.0,2.0,1.8187714624172537,1.5384258615607764,,,,,,1.0,2
87.2,0.001007193867284398,13.345180002839465,0.18391968079398624,12.271821505271845,79612.73029672507,88022.86787050901,6.4917017841530456,298.12769037231766,325.5163520863934,2.040305190890799,60.0,100.0,10.0,90.0,0.0,33.17497044220948,121.50439878738453,23.0,0.11172556100203981,100.0,1.1,0.0,1.0,2.0,2.0,1.8296898715766254,1.5408686266358644,,,,,,1.0,2
87.4,0.0009895321750075891,13.353598598581472,0.1838961067954672,12.310743128326317,79652.63562905241,88072.5748238272,6.487735291870359,298.0863993796432,309.9250130116242,2.04343614502513,60.0,100.0,10.0,90.0,0.0,35.95810579316534,114.29710156920734,23.0,0.011172556100203982,100.0,1.1,0.0,1.0,2.0,2.0,1.8315444012408066,1.5432975551586443,,,,,,1.0,2
87.60000000000001,0.0009894270185924947,13.347323567178266,0.1838903136155956,12.34963147010344,79693.42643048507,88123.17815173083,6.489437897284165,298.0433714868761,293.668554142919,2.0465548547206023,60.0,100.0,10.0,90.0,0.0,40.32022171022259,105.14174105149849,23.0,0.0011172556100203983,100.0,1.1,0.0,1.0,2.0,2.0,1.831537940634697,1.5457171860265213,,,,,,1.0,2
87.80000000000001,0.0009921238436605855,13.344609841766108,0.1839409948997567,12.388782391823915,79734.9632830445,88174.56231023508,6.4948530953545625,298.00712655971427,279.96635018938997,2.049676371804818,60.0,100.0,10.0,90.0,0.0,43.98975491650092,93.846777228527,23.0,0.00011172556100203983,100.0,1.1,0.0,1.0,2.0,2.0,1.8256116446373754,1.5481391962140185,,,,,,1.0,2
88.00000000000001,0.0009677848469412555,13.373898318836796,0.1840905264367608,12.427758463317574,79776.80845417896,88226.18314512601,6.5014581439308206,297.9767345658358,268.47095581920814,2.052761956194644,60.0,100.0,10.0,90.0,0.0,45.49244280381623,83.29141731130633,23.0,0.0001,100.0,1.1,0.0,1.0,2.0,2.0,1.8093265490537986,1.550533523811883,,,,,,1.0,2
88.2,0.0009549718492881778,13.387426393924132,0.18421832867483595,12.466422285298918,79818.43277065124,88277.53118586082,6.506891371163025,297.9506831424423,258.61164434364787,2.055804092596824,60.0,100.0,10.0,90.0,0.0,44.35276714194224,73.34526236622878,23.0,0.0001,100.0,1.1,0.0,1.0,2.0,2.0,1.7953221831505513,1.5528943295991247,,,,,,1.0,2
88.4,0.0009471127244072624,13.381920912235794,0.18425815187263309,12.504774996746852,79859.39930539826,88328.18734986454,6.508965447503822,297.9336826601828,252.17364642522182,2.0588164841133128,60.0,100.0,10.0,90.0,0.0,41.04051461499384,63.71300746840774,23.0,0.0001,100.0,1.1,0.0,1.0,2.0,2.0,1.7905497979052056,1.5552322407786958,,,,,,1.0,2
88.60000000000001,0.0009889354805201883,13.302158511912118,0.18407479265339277,12.544000834773797,79899.49006999303,88378.12610365056,6.505307537530242,298.14079215758545,330.64368302755065,2.0618802837197174,60.0,100.0,10.0,90.0,0.0,36.903243272041124,19.11390224052232,23.0,75.56376426132914,100.0,1.1,0.0,1.0,2.0,2.0,1.8091793053446137,1.5576102420805922,,,,,,1.0,2
88.80000000000001,0.0010055863732001786,13.258673950566552,0.18397411255753923,12.584013817015418,79939.0137646905,88427.59800135625,6.498534189508513,298.1280172390678,325.80102748944233,2.0650038278345444,60.0,100.0,10.0,90.0,0.0,34.24193275281815,88.20728221823947,23.0,7.556376426132914,100.0,1.1,0.0,1.0,2.0,2.0,1.8191215965115717,1.5600348144987708,,,,,,1.0,2
89.00000000000001,0.0009886714833440343,13.261261214302406,0.1839476933139132,12.623380986391625,79978.55273602817,88477.0199574603,6.4920854703529605,298.0981208135094,314.4611694694766,2.0681245901359255,60.0,100.0,10.0,90.0,0.0,34.290443797591486,87.52632000857992,23.0,0.7556376426132915,100.0,1.1,0.0,1.0,2.0,2.0,1.821277062818539,1.5624574290560505,,,,,,1.0,2
89.2,0.0009888309939757747,13.262552689401376,0.18401417795380598,12.662742731271312,80018.62470058484,88526.98970211993,6.488800306334012,298.06994561703937,303.76802298945944,2.0712355961220075,60.0,100.0,10.0,90.0,0.0,36.91546742654167,82.1085115448644,23.0,0.07556376426132916,100.0,1.1,0.0,1.0,2.0,2.0,1.8136924193684458,1.5648726703324645,,,,,,1.0,2
89.4,0.000980340229328399,13.27616893929623,0.18409276176879516,12.701793999847727,80059.48992542728,88577.72656324443,6.490918466900674,298.044361769504,294.0530648848582,2.074329228077249,60.0,100.0,10.0,90.0,0.0,40.84926799803446,76.29182246098969,23.0,0.007556376426132916,100.0,1.1,0.0,1.0,2.0,2.0,1.8048401618799117,1.5672746216938014,,,,,,1.0,2
89.60000000000001,0.000983316983057986,13.265477661247042,0.18410864020017148,12.740859375548752,80100.9747604644,88629.11091710885,6.496052574507356,298.0278855008736,287.79261085268814,2.077420763720511,60.0,100.0,10.0,90.0,0.0,43.92555642339225,70.29966967379258,23.0,0.0007556376426132917,100.0,1.1,0.0,1.0,2.0,2.0,1.8025647282132171,1.5696751431872524,,,,,,1.0,2
89.80000000000001,0.0010136482353729425,13.19468400555761,0.1839072348525149,12.780749608413698,80142.6658708081,88680.84872642117,6.501680984803796,298.0147275431115,282.79056473095704,2.0805696967186855,60.0,100.0,10.0,90.0,0.0,44.949205137563055,66.47080220921558,23.0,0.0001,100.0,1.1,0.0,1.0,2.0,2.0,1.8230683814078101,1.5721204359313656,,,,,,1.0,2
90.00000000000001,0.001044505837531379,13.12911548390174,0.18372701746067854,12.821311918370775,80184.1115971481,88732.4844785678,6.504643010181633,298.00793335569347,280.20624276615774,2.083805885187356,60.0,100.0,10.0,90.0,0.0,43.72242059516657,63.10058507878742,23.0,0.0001,100.0,1.1,0.0,1.0,2.0,2.0,1.8413252990053675,1.574633700344027,,,,,,1.0,2
90.2,0.001036895366953711,13.100430320017713,0.18357148822456826,12.861624988994256,80225.0743210003,88783.62531588983,6.504848066655341,298.0041954299894,278.78353326066434,2.087070575097077,60.0,100.0,10.0,90.0,0.0,41.317400280484314,61.40755796945703,23.0,0.0001,100.0,1.1,0.0,1.0,2.0,2.0,1.8569830379300198,1.5771693188935278,,,,,,1.0,2
90.4,0.001028612738337447,13.560660474869364,0.1883253797701199,12.901999230631413,80265.53799949102,88834.2638392839,6.502894105757739,297.9995450627133,277.01270881926143,1.7029228066489623,75.0,100.0,10.0,90.0,0.0,38.83060692472723,60.46643084569729,23.0,0.0001,100.0,1.1,0.0,1.0,2.0,2.0,1.7923014607802505,1.6003948255753913,,,,,,1.0,2
90.60000000000001,0.0010103378079789392,13.566142866341364,0.18889298391846823,12.942139179169308,80305.65831201531,88884.50614791724,6.498562197728651,297.9976398460394,276.28679163215617,1.6828451353164322,75.0,100.0,10.0,90.0,0.0,37.126153390753736,59.04741720282635,23.0,0.0001,100.0,1.1,0.0,1.0,2.0,2.0,1.7225323186268273,1.5811047416244923,,,,,,1.0,2
90.80000000000001,0.0010224730295851588,13.530170102195774,0.18885268245810302,12.98234844716837,80345.78164160083,88934.8100261126,6.495976510542962,297.9989042960296,276.7688448480943,1.684385082533548,75.0,100.0,10.0,90.0,0.0,37.160862534945494,58.40793505665408,23.0,0.0001,100.0,1.1,0.0,1.0,2.0,2.0,1.7274592594661566,1.5825839176977496,,,,,,1.0,2
91.00000000000001,0.00101910541660216,13.52956321867484,0.18888624271219692,13.022647501602574,80386.11244400877,88985.31837179583,6.4956686408663655,298.00057657837334,277.40673645719016,1.686873441165203,75.0,100.0,10.0,90.0,0.0,38.21972748275893,58.769953654796495,23.0,0.0001,100.0,1.1,0.0,1.0,2.0,2.0,1.7224006052206484,1.584974205541383,,,,,,1.0,2
91.2,0.001025343862413523,13.488476247281003,0.18874706572506947,13.063453097235332,80426.67509394583,89036.12162161242,6.497692599821062,298.0027608125693,278.2403645064163,1.6894692375901113,75.0,100.0,10.0,90.0,0.0,39.40023828121079,59.296318789572865,23.0,0.0001,100.0,1.1,0.0,1.0,2.0,2.0,1.7401041491696136,1.5874678649262859,,,,,,1.0,2
91.4,0.001033163569180593,13.488051395358251,0.18885445113583083,13.103929121162063,80467.30656488574,89087.01822706808,6.499602814560939,298.0052815980968,279.20299877251904,1.692096589109319,75.0,100.0,10.0,90.0,0.0,39.76825639678109,60.05895915860313,23.0,0.0001,100.0,1.1,0.0,1.0,2.0,2.0,1.7252714039513581,1.5899920125842317,,,,,,1.0,2
91.60000000000001,0.0010206346369489895,13.502914442034283,0.18894191391954887,13.143716103267847,80507.85722518458,89137.7714108427,6.500081473868813,297.99973245323014,277.0827243882106,1.694710241179687,75.0,100.0,10.0,90.0,0.0,39.37763175887789,61.015778880472794,23.0,0.0001,100.0,1.1,0.0,1.0,2.0,2.0,1.713066635470401,1.5925031733960076,,,,,,1.0,2
91.80000000000001,0.0010265747424025341,13.474084773549242,0.18888690855093113,13.18388931522614,80548.29048646094,89188.4534434601,6.500864973493497,297.9950365104377,275.2874258240224,1.69732315562266,75.0,100.0,10.0,90.0,0.0,38.79928153460268,59.28047793864343,23.0,0.0001,100.0,1.1,0.0,1.0,2.0,2.0,1.7196633010831965,1.5950137994739009,,,,,,1.0,2
92.00000000000001,0.0010194557414396743,13.470361185908272,0.1888840933247896,13.223890806284953,80588.54158171733,89238.92830122034,6.500416081479313,297.9923034967044,274.24193336794013,1.6999257864385853,75.0,100.0,10.0,90.0,0.0,37.900937661822454,57.69196325789244,23.0,0.0001,100.0,1.1,0.0,1.0,2.0,2.0,1.7193748502875248,1.5975147174358897,,,,,,1.0,2
92.2,0.0010426430713341526,13.408585060664276,0.18868574214909828,13.26428046816838,80628.64718452323,89289.36389970378,6.498646388091165,297.99220057191053,274.2025378268824,1.702559117378364,75.0,100.0,10.0,90.0,0.0,37.18775472556891,56.5981622322453,23.0,0.0001,100.0,1.1,0.0,1.0,2.0,2.0,1.7448785712202344,1.6000453114149942,,,,,,1.0,2
92.4,0.0010442449280696716,13.41703888367828,0.188783280983863,13.304528519662773,80668.74845584757,89339.79739924497,6.497342864456134,297.9915807095278,273.9651489015796,1.7052031919964314,75.0,100.0,10.0,90.0,0.0,37.185082087569214,56.29453190778128,23.0,0.0001,100.0,1.1,0.0,1.0,2.0,2.0,1.7313403642872343,1.6025864077268803,,,,,,1.0,2
92.60000000000001,0.0010380961884958,13.420035386860341,0.18882126423266732,13.344577043702019,80708.95018003948,89390.30269350151,6.497329720687686,297.98742846705807,272.37413912075317,1.7078307384645466,75.0,100.0,10.0,90.0,0.0,37.69969145578396,55.788972768336635,23.0,0.0001,100.0,1.1,0.0,1.0,2.0,2.0,1.7256621368943024,1.6051117961296173,,,,,,1.0,2
92.80000000000001,0.0010305690883996022,13.426519009548045,0.18887556308860878,13.383986795411493,80749.25261016682,89440.87092020517,6.498100657446928,297.98607832862785,271.85651669319697,1.7104408294239013,75.0,100.0,10.0,90.0,0.0,38.21682561396199,54.04537469144293,23.0,0.0001,100.0,1.1,0.0,1.0,2.0,2.0,1.7178339462200807,1.6076205819239464,,,,,,1.0,2
93.00000000000001,0.0010464506344189215,13.393419959594556,0.188838459759837,13.423667592415018,80789.59363793982,89491.5506469841,6.497372134783565,297.9850377603353,271.45735219348666,1.7130694101835608,75.0,100.0,10.0,90.0,0.0,38.42617431245799,53.13928626622035,23.0,0.0001,100.0,1.1,0.0,1.0,2.0,2.0,1.7220644924828814,1.610147315399139,,,,,,1.0,2
93.2,0.0010389702995432766,13.396502649702057,0.1888738397466674,13.462857656567989,80830.03431033585,89542.30287848884,6.4979031682121615,297.9797629420834,269.4328042477728,1.7157002558404577,75.0,100.0,10.0,90.0,0.0,38.93530241765358,52.26835356705115,23.0,0.0001,100.0,1.1,0.0,1.0,2.0,2.0,1.7167273544913781,1.6126764024037434,,,,,,1.0,2
93.4,0.0010405746044136587,13.3865019579438,0.18891851076252492,13.502409199424893,80870.53056706509,89593.1369080544,6.498185567133631,297.97531333608737,267.7240217345993,1.718332027958424,75.0,100.0,10.0,90.0,0.0,39.22238918510969,49.89526154493055,23.0,0.0001,100.0,1.1,0.0,1.0,2.0,2.0,1.7101625549825403,1.6152065566099767,,,,,,1.0,2
93.60000000000001,0.0010349141732298053,13.39031364548067,0.18897203462826645,13.541762573527006,80911.06038005016,89643.97409326173,6.499404372817653,297.97217225013384,266.51710540117654,1.7209528174685869,75.0,100.0,10.0,90.0,0.0,39.40102104563132,47.640818941307884,23.0,0.0001,100.0,1.1,0.0,1.0,2.0,2.0,1.702430416512045,1.6177263277886613,,,,,,1.0,2
93.80000000000001,0.0010213779987148074,13.3760509057716,0.18889869580725951,13.580950079977269,80951.52444799407,89694.71953721727,6.500482950186473,297.97121013391285,266.14722195201944,1.7235560903222404,75.0,100.0,10.0,90.0,0.0,39.0867090857573,45.664766435586785,23.0,0.0001,100.0,1.1,0.0,1.0,2.0,2.0,1.7114528735794472,1.6202294309088612,,,,,,1.0,2
94.00000000000001,0.0010327864277201093,13.335269389867147,0.18875250069292676,13.62037720626553,80991.83631016113,89745.36394380992,6.5000346602254515,297.9710065255068,266.06889654624496,1.7261668025398735,75.0,100.0,10.0,90.0,0.0,38.343065083842845,44.31285386401575,23.0,0.0001,100.0,1.1,0.0,1.0,2.0,2.0,1.730088924510919,1.6227398607343935,,,,,,1.0,2
94.2,0.0010545913656715216,13.281594149282746,0.18860055836584705,13.660522985877396,81032.0319986654,89796.00255943953,6.497612362341006,297.974687466545,267.48553099464385,1.7288154583066393,75.0,100.0,10.0,90.0,0.0,37.783880144646204,43.170204857326326,23.0,0.0001,100.0,1.1,0.0,1.0,2.0,2.0,1.7494680013229786,1.6252869542955592,,,,,,1.0,2
94.4,0.001080540222088268,13.237560183941925,0.1884992913414274,13.700910175120699,81072.30455914458,89846.81885186052,6.495033414724733,297.9825985067138,270.53182135756106,1.7315148153299655,75.0,100.0,10.0,90.0,0.0,38.19827347109286,43.35440128504578,23.0,0.0001,100.0,1.1,0.0,1.0,2.0,2.0,1.7621440902079148,1.6278829891248399,,,,,,1.0,2
94.60000000000001,0.001069113924182402,13.249356387647493,0.18855254303360042,13.741194436409549,81112.85939921513,89897.88797857796,6.4951427673786055,297.9878552173685,272.55716784325745,1.7342124761984252,75.0,100.0,10.0,90.0,0.0,39.641669146912534,45.106883080944925,23.0,0.0001,100.0,1.1,0.0,1.0,2.0,2.0,1.7544364173848175,1.630477578453712,,,,,,1.0,2
94.80000000000001,0.0010672581186817426,13.22589366312738,0.1884710070132008,13.781876276088704,81153.68669935397,89949.25321015884,6.4952936003034445,297.9914781566662,273.953845510417,1.7369015075330128,75.0,100.0,10.0,90.0,0.0,41.03183849440456,46.20855945731583,23.0,0.0001,100.0,1.1,0.0,1.0,2.0,2.0,1.7645121146709681,1.6330640527660165,,,,,,1.0,2
95.00000000000001,0.0010642012492277392,13.189135895439318,0.18828291650985174,13.822699935992436,81194.77683853004,90000.90489555217,6.496018603050065,297.9934453386263,274.71263823769783,1.7395935479051288,75.0,100.0,10.0,90.0,0.0,42.36997851331131,46.96361883641663,23.0,0.0001,100.0,1.1,0.0,1.0,2.0,2.0,1.7886369657620174,1.635653606189308,,,,,,1.0,2
95.2,0.0010937622244396718,13.128922499793218,0.18809413998054714,13.86409090850742,81236.07153559448,90052.89238898836,6.495780265875989,297.9969960972074,276.08298973870023,1.742330163053927,75.0,100.0,10.0,90.0,0.0,43.41545060527271,47.295555442914065,23.0,0.0001,100.0,1.1,0.0,1.0,2.0,2.0,1.8128311975023816,1.6382862269884357,,,,,,1.0,2
95.4,0.0010734700039247127,13.138448232378707,0.1880507860032672,13.904809993589854,81277.5913692599,90105.02739767144,6.49670034586707,297.99464948995177,275.1767884564486,1.745057767134644,75.0,100.0,10.0,90.0,0.0,44.56156994291003,48.2600134871692,23.0,0.0001,100.0,1.1,0.0,1.0,2.0,2.0,1.8178567626905773,1.6409103693603944,,,,,,1.0,2
95.60000000000001,0.0010782706978547864,13.109346854267049,0.1879777612733254,13.945389988592078,81319.26206943668,90157.3553822062,6.4979999374790856,297.993703058523,274.81109412919443,1.7477924071600122,75.0,100.0,10.0,90.0,0.0,45.331595941351935,47.311156939900116,23.0,0.0001,100.0,1.1,0.0,1.0,2.0,2.0,1.826790119315268,1.6435414714464478,,,,,,1.0,2
95.80000000000001,0.00106306033657645,13.11800808151552,0.1880149972534067,13.985662889395929,81360.98023280792,90209.69171217483,6.497799314216787,297.99031400097607,273.5008802588411,1.7505155588733683,75.0,100.0,10.0,90.0,0.0,45.58261611825205,46.801593524586934,23.0,0.0001,100.0,1.1,0.0,1.0,2.0,2.0,1.8211966931488413,1.6461617099033412,,,,,,1.0,2
96.00000000000001,0.0010778649751200587,13.05825327753879,0.18782131249067882,14.026583201992356,81402.76190007942,90262.20014863461,6.496353338496334,297.99324480697516,274.634580174931,1.7532602915022009,75.0,100.0,10.0,90.0,0.0,45.920293455780225,45.403331601221225,23.0,0.0001,100.0,1.1,0.0,1.0,2.0,2.0,1.8460239801631753,1.648802905284373,1789.1148226021119,35.347535141092564,1217.6249238002183,13.223890806284953,22.571213268509535,1.0,2
96.2,0.001068280222936854,13.059500715294973,0.1877955348145586,14.06756364013338,81444.7226512943,90314.85739925184,6.495866268596011,297.99322173085307,274.62563894506303,1.7559982207622364,75.0,100.0,10.0,90.0,0.0,46.83746536237173,46.076652639110364,23.0,0.0001,100.0,1.1,0.0,1.0,2.0,2.0,1.8487300939591926,1.6514377455900813,,,,,,1.0,2
96.4,0.0010864562476769484,13.036088134163203,0.1878006259849245,14.108625245893611,81486.90053332559,90367.80205824936,6.49697243896259,297.9964158021764,275.86251977110476,1.7587532114123345,75.0,100.0,10.0,90.0,0.0,47.94292494111213,45.79339059356434,23.0,0.0001,100.0,1.1,0.0,1.0,2.0,2.0,1.8473657341745782,1.654089198118908,,,,,,1.0,2
96.60000000000001,0.0010465163485790967,13.092022401582462,0.1879629993404864,14.148632269874605,81529.20630239802,90420.70096796549,6.499120023313919,297.99316925250713,274.6045283385368,1.7614575382581628,75.0,100.0,10.0,90.0,0.0,48.6023602007813,46.64133317801577,23.0,0.0001,100.0,1.1,0.0,1.0,2.0,2.0,1.8252900625423258,1.6566920794290037,,,,,,1.0,2
96.80000000000001,0.0010733759368468927,13.043529514344428,0.1879236010048107,14.189188505336768,81571.46858353537,90473.68310450227,6.500480577422791,297.99361737606375,274.77826396915384,1.7641750461016512,75.0,100.0,10.0,90.0,0.0,48.401736604551,45.362910588811815,23.0,0.0001,100.0,1.1,0.0,1.0,2.0,2.0,1.8297970241214114,1.6593078354623665,,,,,,1.0,2
97.00000000000001,0.0010811399488243466,13.008089517345072,0.18783470266266544,14.230198738211255,81613.57844262647,90526.57586025818,6.50032474442812,297.99486141594286,275.26086037435243,1.7669235988374914,75.0,100.0,10.0,90.0,0.0,47.66109836603239,45.2857093073836,23.0,0.0001,100.0,1.1,0.0,1.0,2.0,2.0,1.8408184133330336,1.6619536658698677,,,,,,1.0,2
97.2,0.0010419625444398881,13.041463115653974,0.18786240102735957,14.270197625933653,81655.54987451635,90579.17336959027,6.500065991421284,297.9919426285104,274.1279222136272,1.7696255372791192,75.0,100.0,10.0,90.0,0.0,46.98545437808706,45.472193741393085,23.0,0.0001,100.0,1.1,0.0,1.0,2.0,2.0,1.8364879356847776,1.6645548122359621,,,,,,1.0,2
97.4,0.0010217109084640875,13.059556096220195,0.18794027045741982,14.309932780499997,81697.40337414364,90631.58354004001,6.500129358781112,297.98825686056546,272.6963970810423,1.7722715887958282,75.0,100.0,10.0,90.0,0.0,46.409110899893356,44.26318487595728,23.0,0.0001,100.0,1.1,0.0,1.0,2.0,2.0,1.8255586785090843,1.6671023372499614,,,,,,1.0,2
97.60000000000001,0.0010136953070854458,13.064483643630107,0.18799212381175062,14.349393978301704,81739.13352721444,90683.83611779903,6.499676989287596,297.98623864185566,271.9120962790904,1.7748859824929235,75.0,100.0,10.0,90.0,0.0,45.80594975485753,42.7113344098351,23.0,0.0001,100.0,1.1,0.0,1.0,2.0,2.0,1.8180642259563402,1.6696195589518894,,,,,,1.0,2
97.80000000000001,0.0010157952985047802,13.043949476126398,0.18798234952094908,14.388994874528837,81780.77620656345,90736.0383430825,6.4989011163151655,297.9861896893166,271.8930510626565,1.77750005341475,75.0,100.0,10.0,90.0,0.0,45.3870413400614,41.60232448574823,23.0,0.0001,100.0,1.1,0.0,1.0,2.0,2.0,1.818693209307395,1.67213664452268,,,,,,1.0,2
98.00000000000001,0.0010637816081106174,12.966671413783503,0.18786419651249514,14.42972288755357,81822.39248265717,90788.43595682208,6.49673437369884,297.9919449040266,274.1320351692813,1.7801869363259168,75.0,100.0,10.0,90.0,0.0,45.278873875383084,41.08452156967337,23.0,0.0001,100.0,1.1,0.0,1.0,2.0,2.0,1.83358937953105,1.6747240226846547,,,,,,1.0,2
98.2,0.0010642253582032926,12.954687453181608,0.1878650058096956,14.470762359741022,81864.15560847794,90841.01304116176,6.4961312740736625,297.9963468898378,275.8455836571572,1.7829100596744814,75.0,100.0,10.0,90.0,0.0,46.043677008346286,42.55255113804046,23.0,0.0001,100.0,1.1,0.0,1.0,2.0,2.0,1.8327962472627122,1.6773464874614676,,,,,,1.0,2
98.4,0.0010571717600300796,12.930971867665948,0.18773114747770034,14.511813554576436,81906.11264139903,90893.77829980319,6.495778888759054,298.00009915773217,277.3070660664797,1.7856304699579635,75.0,100.0,10.0,90.0,0.0,47.040869237448554,43.72600603358583,23.0,0.0001,100.0,1.1,0.0,1.0,2.0,2.0,1.8497505380204757,1.679966528746505,,,,,,1.0,2
98.60000000000001,0.001024130870693049,12.976850447902768,0.18784574199086126,14.552610740400334,81948.29488921637,90946.64419927253,6.496576720286274,297.9976752062036,276.3624551040876,1.7882913828297262,75.0,100.0,10.0,90.0,0.0,48.18365312027483,44.85053193247231,23.0,0.0001,100.0,1.1,0.0,1.0,2.0,2.0,1.8339786241080878,1.6825294508148827,,,,,,1.0,2
98.80000000000001,0.0010357108249328343,12.950137252143348,0.1878098303255648,14.593690130021173,81990.63737776563,90999.71287972704,6.49738679984217,297.9980869022132,276.52297900461457,1.7909380845658536,75.0,100.0,10.0,90.0,0.0,49.00332114498558,43.9898450608691,23.0,0.0001,100.0,1.1,0.0,1.0,2.0,2.0,1.8380446260475551,1.685078864683938,,,,,,1.0,2
99.00000000000001,0.0010120143254352956,12.971495682626356,0.18787049077290768,14.634418807461492,82033.07614990314,91052.79645526806,6.497923677345542,297.99732278457856,276.2248657596523,1.7935565024497153,75.0,100.0,10.0,90.0,0.0,49.50158850986578,44.062880053268344,23.0,0.0001,100.0,1.1,0.0,1.0,2.0,2.0,1.8293889008334043,1.6876012106359266,,,,,,1.0,2
99.2,0.0009736154548406402,13.013505270596125,0.18795667265120386,14.674384529706177,82075.56862383071,91105.78200803346,6.499194498067545,297.99335042101956,274.67418067912377,1.7961001917671755,75.0,100.0,10.0,90.0,0.0,49.78536554565863,43.724430582247805,23.0,0.0001,100.0,1.1,0.0,1.0,2.0,2.0,1.8173851070778742,1.6900517377835798,,,,,,1.0,2
99.4,0.000943900771886399,13.053872867329137,0.1880624574359812,14.713665613958792,82118.01352188548,91158.57923906048,6.500715118579647,297.98686592224357,272.14141049294494,1.7985603834880068,75.0,100.0,10.0,90.0,0.0,49.55591512667004,42.259300458348065,23.0,0.0001,100.0,1.1,0.0,1.0,2.0,2.0,1.802813556081031,1.6924219828540625,,,,,,1.0,2
99.60000000000001,0.0009456036485783368,13.015985408585259,0.18791149823701053,14.753172517066979,82160.28913865477,91211.22997075219,6.502305149128064,297.98184809108426,270.18033455622054,1.800995094975735,75.0,100.0,10.0,90.0,0.0,48.71782122237776,39.802581895557466,23.0,0.0001,100.0,1.1,0.0,1.0,2.0,2.0,1.82210632398802,1.6947678316955137,,,,,,1.0,2
99.80000000000001,0.0009385958639320187,12.994345446475512,0.18775938856134564,14.792555515646868,82202.26714851831,91263.54999660194,6.501646975043401,297.9786962843547,268.9477754488106,1.8034137014465328,75.0,100.0,10.0,90.0,0.0,47.242263909536916,37.627535970550156,23.0,0.0001,100.0,1.1,0.0,1.0,2.0,2.0,1.8415486374878796,1.697098313469638,,,,,,1.0,2
100.00000000000001,0.0009400780823525527,12.970285953305627,0.18767011194829084,14.832022983026453,82244.00143146607,91315.64219147472,6.497959789375466,297.977397136457,268.43944345051136,1.805829485547197,75.0,100.0,10.0,90.0,0.0,46.03843569229883,35.89709979821555,23.0,0.0001,100.0,1.1,0.0,1.0,2.0,2.0,1.8527059439666511,1.6994262251088812,,,,,,1.0,2
100.2,0.09172595833971003,12.49061609923872,0.1693118030119931,14.830357580127744,82285.80169904693,91367.8372775996,6.527945464663726,297.89496668320885,236.17075717982135,4.354221608684503,20.0,100.0,10.0,90.0,0.0,46.316907851990116,34.67364298727395,23.0,0.0001,100.0,1.1,0.0,1.0,2.0,2.0,0.972322579246259,1.1309599017180976,,,,,,1.0,2
100.4,0.2072113923960071,11.57474276735335,0.16005809061941162,14.815659724558506,81622.47474701541,90617.7870497391,6.58872642628817,298.0032170114535,278.3835605607683,5.55793855849489,20.0,100.0,10.0,90.0,0.0,34.44136641185269,10.402092896182184,23.0,80.0846553455178,100.0,1.0,-4000.0,1.0,2.0,2.0,1.2214487426621172,1.4678422965329794,,,,,,1.0,2
100.60000000000001,0.3254438705528181,11.493265877440573,0.154285380681783,14.801586231494527,80955.746669215,89864.2414724548,6.630227329719632,297.90546271495873,240.5749272701977,6.105189995020229,20.0,100.0,10.0,90.0,0.0,17.220683205926345,44.42793516027976,23.0,8.00846553455178,100.0,1.0,-4000.0,1.0,2.0,2.0,1.3893098268136284,1.6247594790507618,,,,,,1.0,2
100.80000000000001,0.44917541283631407,11.458448493829458,0.15110227244988167,14.787787042156934,80287.32133408527,89109.00934734762,6.660212258913156,298.10634669063,317.6309992539508,6.336084921908468,20.0,100.0,10.0,90.0,0.0,8.610341602963173,13.328380548083928,23.0,119.72426317812747,100.0,1.0,-4000.0,1.0,2.0,2.0,1.4857357384279601,1.6916894253465644,,,,,,1.0,2
101.00000000000001,0.5780244768857105,11.444801021439295,0.1496445957801181,14.774108910599786,79618.08011299103,88352.96556576673,6.6843056982338975,297.9754627304344,267.89442216023537,6.40717893836812,20.0,100.0,10.0,90.0,0.0,4.305170801481586,79.82136118933683,23.0,11.972426317812747,100.0,1.0,-4000.0,1.0,2.0,2.0,1.5317154939212503,1.7123850812502839,,,,,,1.0,2
101.2,0.7115400619548496,11.444797991569553,0.14900285440251987,14.760529007719779,78948.48963907814,87596.61756165324,6.705425099794521,297.86649996136356,226.7943260424427,6.418273449685715,20.0,100.0,10.0,90.0,0.0,2.152585400740793,37.14776600294415,23.0,1.1972426317812748,100.0,1.0,-4000.0,1.0,2.0,2.0,1.5530285781780444,1.7156184549134552,,,,,,1.0,2
101.4,0.8477532351242661,11.435636380709123,0.14893349872579742,14.746952529966508,78278.73854325258,86840.05660525175,6.725130139518213,297.94069755881134,254.51395227505444,6.390511527307663,20.0,100.0,10.0,90.0,0.0,1.0762927003703966,11.144329800883245,23.0,63.815614402584245,100.0,1.0,-4000.0,1.0,2.0,2.0,1.556902445888858,1.7075294423654344,,,,,,1.0,2
101.60000000000001,0.9892750051471622,11.438496289294266,0.14916753083513778,14.73336671469762,77608.93395374174,86083.53404081955,6.7441536265241275,297.8684611835386,227.76048475049834,6.347748411565727,20.0,100.0,10.0,90.0,0.0,0.5381463501851983,3.3432989402649733,23.0,0.0001,100.0,1.0,-4000.0,1.0,2.0,2.0,1.5512419936130635,1.6950818636109564,,,,,,1.0,2
101.80000000000001,1.1329254720821493,11.435933585402424,0.14955062196066632,14.719733046332594,76939.10589195523,85326.95763150271,6.763023249289403,297.9722624450419,265.8725650152085,6.29762156205514,20.0,100.0,10.0,90.0,0.0,0.26907317509259915,1.002989682079492,23.0,69.8713741763038,100.0,1.0,-4000.0,1.0,2.0,2.0,1.5409005370205502,1.6805098588298475,,,,,,1.0,2
102.00000000000001,1.2783324013855812,11.435964563550026,0.15002468088650583,14.706073003351912,76269.30527384907,84570.37049764239,6.781939014403041,297.88113636501834,232.70517281706134,6.243843807522182,20.0,100.0,10.0,90.0,0.0,0.13453658754629957,32.42349209795888,23.0,6.987137417630381,100.0,1.0,-4000.0,1.0,2.0,2.0,1.5276571043985832,1.6648993120901532,,,,,,1.0,2
102.2,1.429745250966092,11.454445318610528,0.1506240648359975,14.692334141554866,75599.50297991934,83813.92522885685,6.801057956403849,298.0755628017383,302.8629550071308,6.188284549951862,20.0,100.0,10.0,90.0,0.0,0.06726829377314979,9.727047629387663,23.0,109.48435847718625,100.0,1.0,-4000.0,1.0,2.0,2.0,1.5102338149998151,1.6487963499714016,,,,,,1.0,2
102.4,1.5794884092383812,11.447585641883164,0.15105522957153225,14.678583016393771,75632.63286293006,83857.36226744062,6.767628446786186,297.9394035745406,253.88033813312575,6.152049127182448,20.0,100.0,10.0,90.0,0.0,0.033634146886574894,73.03022758613017,23.0,10.948435847718626,100.0,1.0,0.0,1.0,2.0,2.0,1.4974940315071201,1.6383075995409027,,,,,,1.0,2
102.60000000000001,1.7293681079989536,11.449815641683397,0.15133697835051982,14.664753941546934,75665.69596089948,83900.70941529422,6.737766541316504,298.2816760061525,377.0620515285992,6.134578921406098,20.0,100.0,10.0,90.0,0.004988523936097638,0.016817073443287447,21.90906827583905,23.0,174.60389001728592,100.0,1.0,0.0,1.0,2.0,2.0,1.488825721216691,1.6332544565174996,,,,,,1.0,2
102.80000000000001,1.877540891756848,11.445506934110092,0.15150580408094672,14.650922357494368,75698.75609327841,83943.95707165207,6.710782254432592,298.073507003578,302.1121897298431,6.126182023262006,20.0,100.0,10.0,90.0,0.006903565517537271,0.008408536721643723,138.74188543119632,23.0,17.460389001728593,100.0,1.0,0.0,1.0,2.0,2.0,1.4835161589132904,1.6308265884945303,,,,,,1.0,2
103.00000000000001,2.0264308101336193,11.449737770202674,0.15164357929975178,14.637167341076125,75731.87985150624,83987.28183869226,6.6861444531247525,297.9121830585449,244.0040370070065,6.122152720380414,20.0,100.0,10.0,90.0,0.008655958613051719,0.004204268360821862,74.91938653662604,23.0,1.7460389001728593,100.0,1.0,0.0,1.0,2.0,2.0,1.4790262851576665,1.629661763954479,,,,,,1.0,2
103.2,2.178632799308695,11.439722103421811,0.15170778235714696,14.623398574305948,75764.99172432708,84030.70509877194,6.663548586730459,298.03788088096377,289.29878089938137,6.120188668252526,20.0,100.0,10.0,90.0,0.010277576652879643,0.002102134180410931,22.47581596098781,23.0,88.83770769396565,100.0,1.0,0.0,1.0,2.0,2.0,1.4769384074432823,1.6290940270176635,,,,,,1.0,2
103.4,2.33081326285611,11.447570205193562,0.15180168042795966,14.609643883284964,75798.1146563425,84074.12567283833,6.642658954802077,297.90763043579193,242.34437035763514,6.119206695422867,20.0,100.0,10.0,90.0,0.011779016685347412,0.0010510670902054654,63.75835897868496,23.0,8.883770769396566,100.0,1.0,0.0,1.0,2.0,2.0,1.4737798197673466,1.6288101856495003,,,,,,1.0,2
103.60000000000001,2.4804254539873716,11.442100414221494,0.1518605627826485,14.595826614135643,75831.18449234607,84117.37830955932,6.623308017812907,298.1972037884124,346.7772307597269,6.118709910469635,20.0,100.0,10.0,90.0,0.013186729231889576,0.0005255335451027327,19.127507693605487,23.0,152.73186097657214,100.0,1.0,0.0,1.0,2.0,2.0,1.4717921749094953,1.628666591859392,,,,,,1.0,2
103.80000000000001,2.627007485550078,11.427448167361453,0.15185925951262574,14.582011145959378,75864.25423440966,84160.49860182272,6.605247157564362,298.0172744592756,281.86003840885496,6.118443991865525,20.0,100.0,10.0,90.0,0.01450382711368197,0.00026276677255136636,116.54333402866192,23.0,15.273186097657215,100.0,1.0,0.0,1.0,2.0,2.0,1.4718515017867608,1.6285897299252956,,,,,,1.0,2
104.00000000000001,2.7750434826024817,11.419978945884859,0.15185302500163525,14.568265639235813,75897.38007323458,84203.72552445058,6.588287135549354,297.87536629876183,230.63891897752015,6.118290464836421,20.0,100.0,10.0,90.0,0.01575275737653572,0.00013138338627568318,59.69105739726919,23.0,1.5273186097657216,100.0,1.0,0.0,1.0,2.0,2.0,1.4720733774895944,1.628545354259628,,,,,,1.0,2
104.2,2.9215348130673338,11.400484393170045,0.15179673056492446,14.55450968074436,75930.49490276568,84246.86163172763,6.572334556150669,297.99020916280904,272.10786156316357,6.118189515734395,20.0,100.0,10.0,90.0,0.016944367986187085,6.569169313784159e-05,17.907317219180758,23.0,82.20791351482566,100.0,1.0,0.0,1.0,2.0,2.0,1.474005487644235,1.6285161758950037,,,,,,1.0,2
104.4,3.069832416360746,11.386685998895773,0.15173425237886765,14.540769867466661,75963.62028474652,84290.0811860474,6.557276608129094,297.86876557468196,228.23693272813065,6.118114648775014,20.0,100.0,10.0,90.0,0.01808008990732095,3.2845846568920794e-05,53.91865272288837,23.0,8.220791351482566,100.0,1.0,0.0,1.0,2.0,2.0,1.4761474485488195,1.6284945363755208,,,,,,1.0,2
104.60000000000001,3.2140462294228325,11.384366723442577,0.15171643038687785,14.526971623494392,75996.69419524392,84333.07440303518,6.543051859353494,298.1429468265259,327.32416049534845,6.118052070988401,20.0,100.0,10.0,90.0,0.019168837637392935,1.6422923284460397e-05,16.175595816866508,23.0,145.30933023642146,100.0,1.0,0.0,1.0,2.0,2.0,1.476760661997457,1.6284764489490102,,,,,,1.0,2
104.80000000000001,3.361926360491231,11.375229532003562,0.15169784148560173,14.51318215222404,76029.76704691954,84376.21339057587,6.529572797664107,297.959713634813,261.0775823949562,6.117995545717322,20.0,100.0,10.0,90.0,0.0,0.0,106.75766366454313,23.0,14.530933023642147,100.0,1.0,0.0,1.0,2.0,2.0,1.4773997489540431,1.6284601109633363,,,,,,1.0,2
105.00000000000001,3.509660626724368,11.370661403932749,0.15169537374185516,14.49946247710702,76062.8934277386,84419.39425956253,6.516713277777494,297.82876080543673,213.71263304961963,6.11794201664142,20.0,100.0,10.0,90.0,0.0,0.0,46.84635912949291,23.0,1.4530933023642147,100.0,1.0,0.0,1.0,2.0,2.0,1.4774871319031118,1.6284446390175944,,,,,,1.0,2
105.2,3.657287071026561,11.365330983149489,0.1516994445394793,14.485736386715315,76096.0100352747,84462.55679131091,6.504452855218972,297.92848889147973,249.7987088317184,6.117889942096341,20.0,100.0,10.0,90.0,0.0,0.0,14.053907738847872,23.0,74.57174892680968,100.0,1.0,0.0,1.0,2.0,2.0,1.4773507444019633,1.6284295875090304,,,,,,1.0,2
105.4,3.805937141364132,11.357719238846817,0.15169734567529017,14.472018260894748,76129.12845624358,84505.75944588435,6.492731919840924,297.85402799987594,222.84426570930606,6.117838606516915,20.0,100.0,10.0,90.0,0.0,0.0,4.216172321654361,23.0,0.0001,100.0,1.0,0.0,1.0,2.0,2.0,1.4774253866212792,1.6284147496109147,,,,,,1.0,2
105.60000000000001,3.956072024921212,11.363165046202285,0.1517289469040659,14.458189221664208,76162.69554439842,84549.48091383319,6.484517770412236,297.9866339377495,270.8666678013272,6.117787646202886,20.0,100.0,10.0,90.0,0.0,2.3653687366208174,1.2648516964963084,23.0,80.6808613383544,100.0,1.0,0.0,1.0,2.0,2.0,1.476347052206054,1.6284000201996054,,,,,,1.0,2
105.80000000000001,4.106538282529228,11.376491105208933,0.15179283179531405,14.444166691147128,76197.39706967272,84594.35190614779,6.483511500308256,297.876731051531,231.049195859795,6.117736894465589,20.0,100.0,10.0,90.0,0.0,8.016744966017383,42.09840694525188,23.0,8.068086133835441,100.0,1.0,0.0,1.0,2.0,2.0,1.4741639444390704,1.6283853510955657,,,,,,1.0,2
106.00000000000001,4.256039151722622,11.401616379808422,0.15192327951647328,14.429889950390118,76233.26578164715,84640.35059551295,6.489810990952415,298.1217680178388,319.86339756315004,6.117686257563682,20.0,100.0,10.0,90.0,0.0,14.05940391621911,12.629522083575564,23.0,132.87454697298847,100.0,1.0,0.0,1.0,2.0,2.0,1.469702189366967,1.628370715203926,,,,,,1.0,2
106.2,4.406381831655421,11.41071285351977,0.1520372954829783,14.415513012912584,76269.83650611277,84687.08368993214,6.499947649578767,297.949854115826,257.52348583891586,6.1176357295030135,20.0,100.0,10.0,90.0,0.0,17.573615537861148,93.36896153881592,23.0,13.287454697298848,100.0,1.0,0.0,1.0,2.0,2.0,1.4658015967706433,1.6283561107920246,,,,,,1.0,2
106.4,4.555978876285634,11.383606274876861,0.15201866307274506,14.401098544373893,76306.22362589977,84733.60470863593,6.5091572445798995,298.3783556976758,412.9766762565566,6.117585283086678,20.0,100.0,10.0,90.0,0.0,17.031275714158983,28.010688461644776,23.0,216.2315505544127,100.0,1.0,0.0,1.0,2.0,2.0,1.466442360435987,1.6283415299988677,,,,,,1.0,2
106.60000000000001,4.705875185469073,11.354420931894252,0.151935480039335,14.386861611241853,76341.7569702059,84779.28415059303,6.513300561458337,298.11441316812034,317.18007117038314,6.1175348708208555,20.0,100.0,10.0,90.0,0.0,12.808654637943249,175.25261780839182,23.0,21.623155055441273,100.0,1.0,0.0,1.0,2.0,2.0,1.4692929390011156,1.628326959096995,,,,,,1.0,2
106.80000000000001,4.855930637768557,11.305809717844898,0.15174802646427768,14.372964710112237,76376.19724545038,84823.87303251577,6.510218795621125,297.91320707243364,244.12173390097465,6.117484481402549,20.0,100.0,10.0,90.0,0.0,6.937007251530223,95.16702191073443,23.0,2.1623155055441274,100.0,1.0,0.0,1.0,2.0,2.0,1.4757110204208739,1.6283123948194134,,,,,,1.0,2
107.00000000000001,5.006440807498459,11.284253384430052,0.15160960184678396,14.359244830368386,76409.7034066873,84867.5400884844,6.501471061380126,298.06936966753534,300.8496617155262,6.117434158768356,20.0,100.0,10.0,90.0,0.0,2.309596480047442,28.55010657322033,23.0,106.90180374115835,100.0,1.0,0.0,1.0,2.0,2.0,1.480449193434514,1.628297849865256,,,,,,1.0,2
107.2,5.154115944855397,11.284159498806996,0.1515650194150556,14.345593176931311,76442.99970644606,84910.87889059135,6.4915360962807,297.90514332114185,241.16735901109294,6.11738392689342,20.0,100.0,10.0,90.0,0.0,1.1879788009382937,80.68051281722013,23.0,10.690180374115835,100.0,1.0,0.0,1.0,2.0,2.0,1.4819767398520305,1.62828333116406,,,,,,1.0,2
107.4,5.298500665752989,11.28060727233126,0.15153494486977273,14.331766150691902,76476.79998419512,84954.58845116886,6.485596770605832,298.266914688245,372.69486260268275,6.117333741857814,20.0,100.0,10.0,90.0,0.0,4.038568184249959,24.20415384516604,23.0,187.9604012823237,100.0,1.0,0.0,1.0,2.0,2.0,1.4830079973717452,1.6282688260214062,,,,,,1.0,2
107.60000000000001,5.44234520579207,11.301587372661256,0.15159732472040036,14.317764304053004,76511.64593191336,84999.32460458207,6.486296837846894,298.01510515004867,281.1079263322194,6.1172835797584755,20.0,100.0,10.0,90.0,0.0,9.255270790922221,146.68984763651682,23.0,18.79604012823237,100.0,1.0,0.0,1.0,2.0,2.0,1.480877419379407,1.6282543275284713,,,,,,1.0,2
107.80000000000001,5.584860876331156,11.32625329803075,0.15173137671933384,14.303692567724413,76547.55073087945,85045.06834940154,6.492985836430707,297.84374249062256,218.75310228609305,6.117233440471059,20.0,100.0,10.0,90.0,0.0,14.182069460605534,67.11157251470243,23.0,1.8796040128232372,100.0,1.0,0.0,1.0,2.0,2.0,1.4762945642051726,1.6282398356492884,,,,,,1.0,2
108.00000000000001,5.729330790490097,11.339966627486673,0.15187419321437926,14.289563520656978,76583.90004473706,85091.34651723113,6.501558767413732,297.96153754386324,261.63574574862946,6.117183358572689,20.0,100.0,10.0,90.0,0.0,16.426588518375638,20.133471754410728,23.0,86.81948766894496,100.0,1.0,0.0,1.0,2.0,2.0,1.4714101799002988,1.6282253603777181,1889.8648453499263,44.41959722393097,1505.2351345405734,14.568265639235813,23.327777443456778,1.0,2
108.2,5.874138507726315,11.32165048237897,0.15191181640509738,14.275523386790388,76620.02474275156,85137.41100785394,6.508291778091957,297.8259505956751,212.25346810703823,6.117133355149713,20.0,100.0,10.0,90.0,0.0,15.24414894672959,56.19832846648851,23.0,8.681948766894497,100.0,1.0,0.0,1.0,2.0,2.0,1.4701251956857542,1.628210907808307,,,,,,1.0,2
108.4,6.018295399303104,11.283224258265891,0.15181962777369082,14.261590236625231,76655.32276620757,85182.62542042098,6.510360816130719,298.133606993082,324.3527970488349,6.1170833594168625,20.0,100.0,10.0,90.0,0.0,11.371965072336208,16.859498539946554,23.0,161.13305709807068,100.0,1.0,0.0,1.0,2.0,2.0,1.4732831423299508,1.6281964574818235,,,,,,1.0,2
108.60000000000001,6.163431647207572,11.233694160833172,0.1516009358324752,14.24783718441256,76689.67176334963,85226.9295643491,6.506632072144146,297.92319545988175,247.65569361075245,6.117033294767714,20.0,100.0,10.0,90.0,0.0,6.678924951789632,117.49100509455572,23.0,16.11330570980707,100.0,1.0,0.0,1.0,2.0,2.0,1.4807677346403363,1.6281819872566579,,,,,,1.0,2
108.80000000000001,6.309841704621693,11.202628827057657,0.15140584490079853,14.234113773955391,76723.29532675847,85270.55821135752,6.499199229491143,298.475361774474,449.01763378199655,6.116983223246796,20.0,100.0,10.0,90.0,0.0,3.48631361872829,35.24730152836671,23.0,272.889472430012,100.0,1.0,0.0,1.0,2.0,2.0,1.487441379036153,1.6281675150656356,,,,,,1.0,2
109.00000000000001,6.454298575039774,11.18935824272719,0.15126924573019823,14.220401988221457,76756.86900140365,85314.05729185071,6.491765534332747,298.1105061035394,315.9075902032796,6.116933213899071,20.0,100.0,10.0,90.0,0.0,3.2699096846084705,224.442596307253,23.0,27.288947243001203,100.0,1.0,0.0,1.0,2.0,2.0,1.492112995268843,1.6281530608648154,,,,,,1.0,2
109.2,6.597056653217247,11.189412511077252,0.15120311867483974,14.206734224637865,76791.10426159076,85358.15483547618,6.487872079338804,297.8708779084418,228.44539122729094,6.116883304587285,20.0,100.0,10.0,90.0,0.0,6.024429803124011,112.25220901816246,23.0,2.7288947243001207,100.0,1.0,0.0,1.0,2.0,2.0,1.4943753340756982,1.6281386355975678,,,,,,1.0,2
109.4,6.741359972376786,11.215557283057459,0.15127276231053807,14.192914361851885,76826.19076883797,85403.17327849353,6.4892781587249315,298.0456483642852,292.2609965750507,6.116833414388705,20.0,100.0,10.0,90.0,0.0,10.329507197569704,33.67566270544874,23.0,118.75116812544977,100.0,1.0,0.0,1.0,2.0,2.0,1.4919983167648199,1.6281242158747562,,,,,,1.0,2
109.60000000000001,6.887359388587879,11.221882574280594,0.15134083200453582,14.178998130614744,76862.03606772795,85449.02094798104,6.496159469574743,297.8669343169314,226.9754709597639,6.116783570264357,20.0,100.0,10.0,90.0,0.0,14.06434364719787,90.92660300123146,23.0,11.875116812544977,100.0,1.0,0.0,1.0,2.0,2.0,1.4896746760993071,1.6281098094888655,,,,,,1.0,2
109.80000000000001,7.031264971663388,11.243181998836715,0.15148700914793156,14.16499046643658,76898.00396954396,85494.90857718061,6.504359427807291,298.2888579953643,381.17316870641423,6.116733746254414,20.0,100.0,10.0,90.0,0.0,15.03706553421043,27.277980900369435,23.0,214.84656778195404,100.0,1.0,0.0,1.0,2.0,2.0,1.4846802394724183,1.6280954089367174,,,,,,1.0,2
110.00000000000001,7.1758936729770335,11.222916541162041,0.15152620449773122,14.15109179491677,76933.50692789463,85540.36509911009,6.5090678092783385,298.00549063900837,277.5663060682699,6.116683930890919,20.0,100.0,10.0,90.0,0.0,12.73262801200054,169.19204219980276,23.0,21.484656778195404,100.0,1.0,0.0,1.0,2.0,2.0,1.4833427491670905,1.628081010903731,,,,,,1.0,2
110.2,7.321153263160528,11.202808667805439,0.15151313835259084,14.137466993540508,76968.25725594406,85585.09756975826,6.5084280263104395,297.82114256997124,210.13343592077842,6.116634155133826,20.0,100.0,10.0,90.0,0.0,8.554492179673595,79.09805149491876,23.0,2.1484656778195403,100.0,1.0,0.0,1.0,2.0,2.0,1.4837922922381255,1.6280666243381678,,,,,,1.0,2
110.4,7.12053215082374,2.431793671632831,0.17863328836523062,14.123969372217958,77002.209658698,85629.0407639698,6.425937085800621,298.1766017287553,340.2202399986073,1.891103781592078,75.0,100.0,10.0,90.0,0.0,4.63948867820789,23.729415448475628,23.0,99.33211912282377,100.0,1.0,0.0,1.0,2.0,2.0,3.0101706720468973,1.781694495951891,,,,,,1.0,2
110.60000000000001,6.018902698759036,2.292627088655368,0.16669753929572476,14.10894160323391,77041.84825648452,85678.46467455401,6.246023601001518,298.70356738971304,533.1705001882207,1.682416125636548,75.0,100.0,10.0,90.0,0.0,34.07013523074373,141.03828212068052,23.0,9.933211912282378,100.0,1.0,0.0,1.0,2.0,2.0,4.571529627318096,1.5806926727669477,,,,,,1.0,2
110.80000000000001,4.959225233490603,2.221313791251374,0.16567214360971352,14.089828627737711,77101.66184346256,85748.15512047667,6.172305114515837,298.9110118967932,609.1921671171217,1.6894304401517515,75.0,100.0,10.0,90.0,0.0,135.68098053645994,326.7980562885406,23.0,0.9933211912282378,100.0,1.0,0.0,1.0,2.0,2.0,4.697933197415462,1.5874305927908363,,,,,,1.0,2
111.00000000000001,3.931416821694543,2.1633931423572843,0.16547736270634877,14.06731498307745,77179.28229586213,85835.67854081548,6.12854284114828,298.9713011491985,631.3103061152511,1.7073162419028458,75.0,100.0,10.0,90.0,0.0,225.0,420.7979458882452,23.0,0.09933211912282379,100.0,1.0,0.0,1.0,2.0,2.0,4.7184411440301215,1.6046172891544048,,,,,,1.0,2
111.2,2.95067321914926,2.097525996736315,0.16533493375625063,14.044768689765446,77256.8887109046,85923.1460346342,6.099755778286971,298.94954479743956,623.319167558455,1.7256795321877179,75.0,100.0,10.0,90.0,0.0,225.0,474.2048502947211,23.0,0.009933211912282379,100.0,1.0,0.0,1.0,2.0,2.0,4.732329507377242,1.6222712941615325,,,,,,1.0,2
111.4,2.008955852935239,2.033490384674516,0.16517116952335031,14.022236010625813,77334.49875338913,86010.60575177186,6.080435031813054,298.9145372480366,610.445553180564,1.7440804608319598,75.0,100.0,10.0,90.0,0.0,225.0,502.67053263979113,23.0,0.000993321191228238,100.0,1.0,0.0,1.0,2.0,2.0,4.7488679060484555,1.6399701117745014,,,,,,1.0,2
111.60000000000001,1.1016982679063758,1.0,0.16503121665178808,13.999756853259413,77412.12991751419,86098.15771409044,6.067858995351826,298.80359798283627,569.6007929187131,1.762486463510929,75.0,100.0,10.0,90.0,0.0,225.0,526.3640306379446,23.0,0.0001,100.0,1.0,0.0,1.0,2.0,2.0,4.762441644485278,1.65768245638069,,,,,,1.0,2
111.80000000000001,0.23497183539182315,1.0,0.16499412983579848,13.977363628749346,77489.79376576557,86185.741313965,6.061788365825907,298.71774074547653,537.9518206807911,1.7807856344896051,75.0,100.0,10.0,90.0,0.0,225.0,522.6476875657254,23.0,0.0001,100.0,1.0,0.0,1.0,2.0,2.0,4.763231817991982,1.6753005740842162,,,,,,1.0,2
112.00000000000001,0.00040786075025406543,12.647160267024402,0.18578155102724,13.979544632220483,77567.55199145021,86273.53871991989,6.109061354499289,298.1161132098043,315.9000470719649,1.7925349324350854,75.0,100.0,10.0,90.0,0.0,225.0,523.9939095219801,23.0,0.0001,100.0,1.0,0.0,1.0,2.0,2.0,2.1042876288879313,1.6866171020165175,,,,,,1.0,2
112.2,0.00040054590313549145,12.65352999102073,0.1912250433593831,13.995077670230206,77645.55440873065,86361.54370719544,6.173481749794541,297.55234828634497,107.64060657393208,1.7948712184577755,75.0,100.0,10.0,90.0,0.0,225.0,343.9916169506364,23.0,0.0001,100.0,1.0,0.0,1.0,2.0,2.0,1.3849698353161157,1.6888677547412254,,,,,,1.0,2
112.4,0.0003883386348028699,12.691608767021643,0.19163279624661694,14.01045908690145,77723.45548071984,86449.3862395659,6.234570331157688,298.4447067415815,437.64631129555266,1.7964118482911966,75.0,100.0,10.0,90.0,0.0,225.0,103.19748508519092,23.0,452.2445528013992,100.0,1.0,0.0,1.0,2.0,2.0,1.3303330356716176,1.6903519913228646,,,,,,1.0,2
112.60000000000001,0.0003762764487604786,12.705251436176061,0.19161608650326634,14.025360368415827,77801.32992347106,86537.13103058773,6.29266639513029,297.9230685379172,244.53860722193306,1.7978794443369115,75.0,100.0,10.0,90.0,0.0,225.0,398.502449805681,23.0,45.22445528013992,100.0,1.0,0.0,1.0,2.0,2.0,1.332175718018695,1.6917659239081386,,,,,,1.0,2
112.80000000000001,0.0003956077538013962,12.648821704065075,0.19142002983721024,14.040334188104163,77878.9288463295,86624.69137841465,6.347833027533168,299.574396333031,856.4271386723062,1.7993624940784247,75.0,100.0,10.0,90.0,0.0,225.0,119.55073494170429,23.0,793.4698171306843,100.0,1.0,0.0,1.0,2.0,2.0,1.3578764638892336,1.6931948010827584,,,,,,1.0,2
113.00000000000001,0.0003851927453746702,12.673693828616852,0.19154362327199323,14.055318650604702,77956.43715614796,86712.13172219525,6.398646709468654,298.6761369251882,523.2301275717635,1.8008376829054404,75.0,100.0,10.0,90.0,0.0,225.0,690.2861809553568,23.0,79.34698171306843,100.0,1.0,0.0,1.0,2.0,2.0,1.3410506543380605,1.6946161603011645,,,,,,1.0,2
113.2,0.00038942853054947435,12.649526281481986,0.1914736481946042,14.070636356245451,78034.22496655412,86799.8846286946,6.445539958432574,298.0323180191037,284.175612036771,1.8023155156917483,75.0,100.0,10.0,90.0,0.0,225.0,427.0415892748901,23.0,7.934698171306843,100.0,1.0,0.0,1.0,2.0,2.0,1.349977641069341,1.6960401228217084,,,,,,1.0,2
113.4,0.000405441435943078,12.596661300296821,0.19133625726301734,14.086599303222934,78112.19286584872,86887.9169524139,6.487960548567299,297.6438283425013,139.78271717250547,1.8038337805789701,75.0,100.0,10.0,90.0,0.0,225.0,237.01614692911426,23.0,0.7934698171306844,100.0,1.0,0.0,1.0,2.0,2.0,1.3678600041235047,1.6975031017918332,,,,,,1.0,2
113.60000000000001,0.0003936468569445168,12.643390438544381,0.19150321137052617,14.102100050132803,78190.10912533477,86975.82268461135,6.526558359564704,298.1248427734738,318.74783712646246,1.8053328142619056,75.0,100.0,10.0,90.0,0.0,225.0,71.10484407873427,23.0,263.84265488843914,100.0,1.0,0.0,1.0,2.0,2.0,1.345261346109581,1.6989476077012482,,,,,,1.0,2
113.80000000000001,0.0003872489548124878,12.610312987476835,0.19142272352761475,14.118004466411758,78265.76986362012,87061.44548997121,6.561300739549546,297.8317487507355,209.59057877610078,1.806797218286028,75.0,100.0,10.0,90.0,0.0,213.8008215525038,226.61205818256133,23.0,26.384265488843916,100.0,1.0,0.0,1.0,2.0,2.0,1.3555901631938116,1.700358799133801,,,,,,1.0,2
114.00000000000001,0.0003952936414129721,12.225797167032745,0.19064732782731791,14.137918383516421,78319.88019259035,87125.55488303659,6.58546540808855,298.8332877914404,582.8850900263045,1.80826008308574,75.0,100.0,10.0,90.0,0.0,106.9004107762519,67.98361745476839,23.0,468.44412260006106,100.0,1.0,0.0,1.0,2.0,2.0,1.4582671528394884,1.7017685620595138,,,,,,1.0,2
114.2,0.0003789802257619943,12.098774321845188,0.1904455531527168,14.15927514102483,78363.22746715682,87178.80808751249,6.586455723857859,298.34870976264284,402.15381723738375,1.8096842823617538,75.0,100.0,10.0,90.0,0.0,53.45020538812595,409.4033698210678,23.0,46.84441226000611,100.0,1.0,0.0,1.0,2.0,2.0,1.484684947629012,1.7031411156254093,,,,,,1.0,2
114.4,0.0003693587136228259,12.02468457824153,0.1903122144863831,14.181571129876525,78401.39594756514,87226.83482182301,6.561258244697007,297.9648276851877,258.8987115866224,1.8110693027053626,75.0,100.0,10.0,90.0,0.0009707233589679231,26.725102694062976,265.960699259639,23.0,4.684441226000611,100.0,1.0,0.0,1.0,2.0,2.0,1.5020215996804058,1.7044759607882771,,,,,,1.0,2
114.60000000000001,0.00037799431653118775,11.944247152960866,0.19014175162467536,14.204506504401857,78436.99730080967,87272.34756229066,6.523966378707285,297.742330591371,175.8280562894143,1.8124670188995224,75.0,100.0,10.0,90.0,0.004227991380100878,13.362551347031488,150.23233385269873,23.0,0.4684441226000611,100.0,1.0,0.0,1.0,2.0,2.0,1.524273279167657,1.7058230916386123,,,,,,1.0,2
114.80000000000001,0.00038772013356581843,11.855494810059202,0.18988411825211365,14.227962756371602,78470.5287853852,87315.86543021121,6.478876445354545,298.0855967853577,304.04746135376735,1.813903301795038,75.0,100.0,10.0,90.0,0.0,3.2363267114024143,45.06970015580962,23.0,172.54482435971522,100.0,1.0,0.0,1.0,2.0,2.0,1.5580605467403497,1.707207445494533,,,,,,1.0,2
115.00000000000001,0.00036015241439604724,11.941571549792227,0.190007531514846,14.250472202623666,78505.63945241236,87360.81067517577,6.448045258910409,297.88343404069946,228.49744377091915,1.8152854472132083,75.0,100.0,10.0,90.0,0.0,11.19030911739316,155.50266246126625,23.0,17.25448243597152,100.0,1.0,0.0,1.0,2.0,2.0,1.5413470174887431,1.708539669074475,,,,,,1.0,2
115.2,0.0003409209267809627,12.078195784279407,0.19043245591680125,14.271771440949593,78544.66813995808,87409.56475779845,6.4417779870852545,298.56772438535415,484.3492514186028,1.8165869849704612,75.0,100.0,10.0,90.0,0.0,31.440789949617727,46.650798738379876,23.0,325.28122621553564,100.0,1.0,0.0,1.0,2.0,2.0,1.4846463336438154,1.7097942411718012,,,,,,1.0,2
115.4,0.0003168734241641531,12.211407540188775,0.1907412095989628,14.291534607115091,78588.21825416313,87462.70776557628,6.459212320572316,298.20969188513965,350.4081987559815,1.8178027475947087,75.0,100.0,10.0,90.0,0.0,54.17017480498971,279.8759647554174,23.0,32.528122621553564,100.0,1.0,0.0,1.0,2.0,2.0,1.4433380677774519,1.7109661724798813,,,,,,1.0,2
115.60000000000001,0.00031446084811513554,12.261428640505054,0.19087882080503996,14.310866788073975,78635.0286527516,87519.10982051432,6.487213721986121,297.9301732592793,245.77837613505432,1.8189834411682435,75.0,100.0,10.0,90.0,0.0,69.90696788824448,172.51223904728337,23.0,3.2528122621553566,100.0,1.0,0.0,1.0,2.0,2.0,1.4247511861919409,1.712104335280748,,,,,,1.0,2
115.80000000000001,0.0003150224247153342,12.291899871035522,0.19106662014408052,14.33024063735192,78682.71178068423,87576.37922420244,6.516279565409964,298.24599637372967,364.0737658018647,1.8201493001520432,75.0,100.0,10.0,90.0,0.0,74.45108155144463,51.75367171418501,23.0,180.82504989590834,100.0,1.0,0.0,1.0,2.0,2.0,1.399489400554752,1.7132282328787882,,,,,,1.0,2
116.00000000000001,0.0002972338817269763,12.294528214815857,0.19104579508158612,14.349726788110344,78728.98084202383,87632.1404266216,6.541801312007175,298.00594318236097,274.10633156665443,1.8212664502779692,75.0,100.0,10.0,90.0,0.0,67.36222225650275,160.1905331164926,23.0,18.082504989590834,100.0,1.0,0.0,1.0,2.0,2.0,1.4019688810818292,1.7143052073866383,,,,,,1.0,2
116.2,0.00029825213978775336,12.218617861151726,0.19088192776309504,14.36994438027075,78771.85792532707,87684.52608657464,6.553663711597027,297.8453657720987,213.88950408777748,1.8223663377395687,75.0,100.0,10.0,90.0,0.0,50.045106565382625,84.22837275077512,23.0,1.8082504989590835,100.0,1.0,0.0,1.0,2.0,2.0,1.4234643675796932,1.7153655712557097,,,,,,1.0,2
116.4,0.00028485476633765546,12.158616476741017,0.190737886655311,14.390758143340799,78809.71695475324,87731.82344198965,6.537227483792736,298.01915139282625,279.09190970830554,1.8234322713542521,75.0,100.0,10.0,90.0,0.0,25.022553282691312,25.268511825232537,23.0,103.31514356753104,100.0,1.0,0.0,1.0,2.0,2.0,1.4423266855902026,1.7163932309368004,,,,,,1.0,2
116.60000000000001,0.0002780097504652296,12.112881298410043,0.19064339659164545,14.411953697539287,78844.49031826557,87776.00879025686,6.502948505235374,297.89361093243855,231.9664543822598,1.8244664775920156,75.0,100.0,10.0,90.0,0.0,9.62421078396962,80.63009800689863,23.0,10.331514356753104,100.0,1.0,0.0,1.0,2.0,2.0,1.454610408348371,1.7173903302656632,,,,,,1.0,2
116.80000000000001,0.0002829697394275274,12.08058066146869,0.19057254171645457,14.433127183583105,78878.86031081526,87819.83265319905,6.470015546424028,298.26386437811686,371.016153119232,1.8255095786923778,75.0,100.0,10.0,90.0,0.0,7.950867678338864,24.18902940206959,23.0,183.01645481738015,100.0,1.0,0.0,1.0,2.0,2.0,1.4637508657126226,1.7183960330543382,,,,,,1.0,2
117.00000000000001,0.0002862458610957739,12.089511056784904,0.19049943164007088,14.454012074571674,78915.51407820525,87865.95798476755,6.4526072664892515,298.05107994354506,291.06627214200216,1.8265638636665558,75.0,100.0,10.0,90.0,0.0,19.42949013756238,148.87843158044174,23.0,18.301645481738017,100.0,1.0,0.0,1.0,2.0,2.0,1.4731864582197405,1.719412547052257,,,,,,1.0,2
117.2,0.00027298396054443617,12.181335892108462,0.1906739837623869,14.473888240270304,78955.91544845884,87915.75502347415,6.45544284706167,297.8828454029551,227.82490715510005,1.8275876107086282,75.0,100.0,10.0,90.0,0.0,37.84488776524729,82.58581498996517,23.0,1.8301645481738018,100.0,1.0,0.0,1.0,2.0,2.0,1.449742844703587,1.7203996444130558,,,,,,1.0,2
117.4,0.0002701515592110794,12.24641442999802,0.19083275639661637,14.492704634413652,78999.7595774945,87968.96790457948,6.475613714519974,298.0435275744442,288.2619546931976,1.8285886998619851,75.0,100.0,10.0,90.0,0.0,55.10606689441484,24.77574449698955,23.0,103.29098793297004,100.0,1.0,0.0,1.0,2.0,2.0,1.4283909637258052,1.7213649209819621,,,,,,1.0,2
117.60000000000001,0.0002498147878418513,12.31116153533005,0.1908771069805574,14.510695572526043,79045.44261091838,88023.89563244811,6.502182190320233,297.89528709368085,232.47134271000843,1.8295320462840066,75.0,100.0,10.0,90.0,0.0,64.28320120878651,77.07955532597074,23.0,10.329098793297005,100.0,1.0,0.0,1.0,2.0,2.0,1.4222535304160429,1.7222745439734894,,,,,,1.0,2
117.80000000000001,0.00023637833811819453,12.337806464198804,0.1909554840476742,14.528470738720596,79090.77904530404,88078.4001048499,6.528074503029115,298.2397331300498,362.1788055493845,1.8304165413857898,75.0,100.0,10.0,90.0,0.0,62.83465652866948,23.123866597791224,23.0,182.6648236910889,100.0,1.0,0.0,1.0,2.0,2.0,1.4116076708927157,1.7231274402066725,,,,,,1.0,2
118.00000000000001,0.0002302011384055923,12.300277991748938,0.19087421718111516,14.546514873087407,79133.74139992935,88130.50432531933,6.5433130732206175,298.0203581347511,279.5207935499781,1.8312686173531856,75.0,100.0,10.0,90.0,0.0,51.01791224611188,139.1428187638313,23.0,18.266482369108893,100.0,1.0,0.0,1.0,2.0,2.0,1.4221888490913774,1.7239490944376683,,,,,,1.0,2
118.2,0.00020750495542044364,12.28514485058777,0.1907787825564547,14.564772324848,79173.18956629894,88178.96443432127,6.541402433546869,297.8686136795228,222.31469727787902,1.8320530505613801,75.0,100.0,10.0,90.0,0.0,33.11763684385993,69.8650924898918,23.0,1.8266482369108894,100.0,1.0,0.0,1.0,2.0,2.0,1.4346680491890489,1.7247055374037945,,,,,,1.0,2
118.4,0.00020229646798925602,12.23944562448891,0.19074326161665847,14.583660938372327,79209.2070312315,88223.97358334875,6.51927882337555,297.99443067845317,269.76925632316426,1.8327977009305465,75.0,100.0,10.0,90.0,0.0,16.006538337769623,20.959527746967538,23.0,86.82194432915693,100.0,1.0,0.0,1.0,2.0,2.0,1.439195264071993,1.7254236316488316,,,,,,1.0,2
118.60000000000001,0.0002048051766191546,12.197460930632111,0.19067120999308168,14.602761963196775,79243.58286202131,88267.35694025361,6.487941527876646,297.88114232917445,227.02059911170065,1.8335415518130462,75.0,100.0,10.0,90.0,0.0,7.786455353049073,60.57748877425978,23.0,8.682194432915693,100.0,1.0,0.0,1.0,2.0,2.0,1.448575199068674,1.7261409690988887,,,,,,1.0,2
118.80000000000001,0.0001966850943376951,12.229464593673493,0.19072066147110625,14.621315403068834,79278.77012094052,88311.51000700127,6.464793977738965,298.1611282628607,332.7214841646369,1.8342655343559213,75.0,100.0,10.0,90.0,0.0,12.106798767638036,18.173246632277934,23.0,149.7897774555753,100.0,1.0,0.0,1.0,2.0,2.0,1.4418189536191675,1.7268391599960142,,,,,,1.0,2
119.00000000000001,0.00023139198781675624,12.181862357575772,0.19067963108525646,14.64014957135787,79316.66234462814,88358.5739363685,6.457632784326319,297.9981359934376,271.158773055138,1.8350634614240526,75.0,100.0,10.0,90.0,0.0,25.657450883401083,111.16089371766591,23.0,14.978977745557529,100.0,1.0,0.0,1.0,2.0,2.0,1.447063854090308,1.727608676721516,,,,,,1.0,2
119.2,0.00021826659248855236,12.278616337839436,0.19092999218873857,14.658362404629774,79357.88208654994,88408.90007124764,6.468159514920135,297.86718060647837,221.67296078334763,1.8358608087700152,75.0,100.0,10.0,90.0,0.0,42.0545991487653,58.87097612132095,23.0,1.497897774555753,100.0,1.0,0.0,1.0,2.0,2.0,1.4135885897513731,1.7283776506574562,,,,,,1.0,2
119.4,0.0002114898095208951,12.32922627715396,0.1910433321452943,14.676230318047985,79401.52651934516,88461.62180888743,6.488727135159121,297.9838833497477,265.79919077683434,1.836626489753788,75.0,100.0,10.0,90.0,0.0,54.22192159326395,17.661292836396285,23.0,83.97340355763276,100.0,1.0,0.0,1.0,2.0,2.0,1.398322213661461,1.7291161003996662,,,,,,1.0,2
119.60000000000001,0.00020979958411412742,12.350022783569523,0.1911527044131831,14.693977575425262,79445.96439971539,88515.1322710703,6.510905718722435,297.87505753236604,224.62747702472618,1.8373771087400486,75.0,100.0,10.0,90.0,0.0,58.16109118670336,53.92517740945266,23.0,8.397340355763276,100.0,1.0,0.0,1.0,2.0,2.0,1.3835827948436585,1.729840038398681,,,,,,1.0,2
119.80000000000001,0.0002084919555361359,12.340203105622198,0.19118626183993395,14.711834575272523,79489.36489827724,88567.59349069215,6.530827488735752,298.1287308137387,320.6525113586376,1.8381148536477045,75.0,100.0,10.0,90.0,0.0,53.227613670486335,16.177553222835797,23.0,140.73710196808122,100.0,1.0,0.0,1.0,2.0,2.0,1.378928130735086,1.7305515739969994,,,,,,1.0,2
120.00000000000001,0.00022245571445021848,12.240924400501763,0.1909682694572585,14.730730860850134,79530.17436892069,88617.5561493723,6.536681359749384,297.98469359428265,266.10097781751153,1.8388812390367282,75.0,100.0,10.0,90.0,0.0,40.31149519544479,99.82568639048631,23.0,14.073710196808122,100.0,1.0,0.0,1.0,2.0,2.0,1.4077190319413095,1.7312907473537766,2074.271969805372,54.433169606621554,2053.6029991565106,14.349726788110344,24.794984560387118,1.0,2
120.2,0.00033552978128575044,11.949774399645271,0.19046934043980893,14.752934782936773,79570.98151743748,88668.16829758023,6.519748347265613,297.8832271180416,227.65178099470737,1.8399153299012054,75.0,100.0,10.0,105.0,0.0,25.084857485656915,53.057701583058986,23.0,1.4073710196808122,100.0,1.0,0.0,1.0,2.0,2.0,1.4737419545325876,1.7322881446225573,,,,,,1.0,2
120.4,0.0003213374459478029,11.928091456376986,0.1902591822712224,14.775233705553212,79610.0987544994,88717.03265595497,6.49336609348949,297.99465290360735,269.89577542244353,1.841034856636545,75.0,100.0,10.0,105.0,0.0,16.68418972051999,15.917310474917695,23.0,70.84291598304895,100.0,1.0,0.0,1.0,2.0,2.0,1.5013516987069861,1.7333679770488197,,,,,,1.0,2
120.60000000000001,0.0003256708067637638,11.917023661267098,0.19024018625152392,14.797524298012052,79649.64081711097,88766.36191543598,6.471030336446787,297.9078207165923,236.95742814425265,1.8421599621507885,75.0,100.0,10.0,105.0,0.0,18.82833517410365,50.74122199347137,23.0,7.084291598304896,100.0,1.0,0.0,1.0,2.0,2.0,1.5035832847579205,1.7344532228041012,,,,,,1.0,2
120.80000000000001,0.0003149974938337886,11.991727772637736,0.1904756032211161,14.819241790984247,79691.35215133544,88817.81269456925,6.4624946472854985,298.1382870021842,324.42697145664505,1.8432626208920029,75.0,100.0,10.0,105.0,0.0,29.89033288828695,15.222366598041411,23.0,123.08318117095844,100.0,1.0,0.0,1.0,2.0,2.0,1.4720478622919733,1.7355168484918138,,,,,,1.0,2
121.00000000000001,0.0003086860098821839,12.050760430363017,0.19063803999945922,14.840402050450821,79735.94692813519,88872.13182848433,6.468130825896789,297.9972641775827,270.87319238485594,1.8443406583889206,75.0,100.0,10.0,105.0,0.0,44.3442352869181,91.92775340206714,23.0,12.308318117095844,100.0,1.0,0.0,1.0,2.0,2.0,1.4501952431284753,1.7365567546227294,,,,,,1.0,2
121.2,0.0002715157329908384,12.193860510191183,0.19097690011602603,14.860322620363862,79783.02246596612,88928.73152253586,6.483866002636333,297.88335542197024,227.59135988556616,1.8453224617498127,75.0,100.0,10.0,105.0,0.0,56.53474241585126,46.73214435451078,23.0,1.2308318117095844,100.0,1.0,0.0,1.0,2.0,2.0,1.4049053736417247,1.737503856435729,,,,,,1.0,2
121.4,0.00026602062833697897,12.229627672166579,0.19111923732253736,14.8798341498166,79831.2705236917,88986.47528435507,6.505335391852745,297.97055084511743,260.74370980646563,1.8462482152988502,75.0,100.0,10.0,105.0,0.0,62.424545371912494,14.019643306353233,23.0,68.97798049381598,100.0,1.0,0.0,1.0,2.0,2.0,1.3857366246921636,1.738396912127571,,,,,,1.0,2
121.60000000000001,0.00025181320353301063,12.250545804283993,0.19120479656859837,14.899252846689944,79878.97990518421,89043.61348188973,6.523893728487937,297.8727881738585,223.55121972042977,1.847133127518744,75.0,100.0,10.0,105.0,0.0,59.71322566508864,40.58220828311207,23.0,6.897798049381598,100.0,1.0,0.0,1.0,2.0,2.0,1.3741255816303302,1.7392505895473747,,,,,,1.0,2
121.80000000000001,0.00022753264197701377,12.258958235584803,0.1911348848372541,14.918500731301869,79924.62820066843,89098.55381997097,6.5337262594882075,298.0723496695296,299.51838650381353,1.8479417420942152,75.0,100.0,10.0,105.0,0.0,49.5821944993906,12.17466248493362,23.0,117.1522306758844,100.0,1.0,0.0,1.0,2.0,2.0,1.383216587901748,1.7400306799527443,,,,,,1.0,2
122.00000000000001,0.00023686535384634332,12.161116877972438,0.19084089121075254,14.938496408540793,79967.46010433842,89150.73348923092,6.5287185032670845,297.9372866621119,248.07571426291182,1.848742108058334,75.0,100.0,10.0,105.0,0.0,35.52419054906825,76.98615504560091,23.0,11.71522306758844,100.0,1.0,0.0,1.0,2.0,2.0,1.422102636770717,1.74080282922136,,,,,,1.0,2
122.2,0.00023970939119965403,12.112899155292942,0.190751880275683,14.958890413662505,80007.82719221374,89200.461249597,6.5111713276609855,298.27843295825795,378.08157559750407,1.8495520290411127,75.0,100.0,10.0,105.0,0.0,23.49694958889647,23.09584651368027,23.0,179.93809876631798,100.0,1.0,0.0,1.0,2.0,2.0,1.433723820949708,1.741584213361867,,,,,,1.0,2
122.4,0.00022357030405187455,12.133216824555358,0.19078765457923183,14.978961609746698,80047.18125030685,89249.08424824812,6.489390003047941,298.0798944644341,302.38316566644437,1.8503262997865468,75.0,100.0,10.0,105.0,0.0,18.505510637916537,139.45254106890118,23.0,17.993809876631797,100.0,1.0,0.0,1.0,2.0,2.0,1.4287693160693498,1.7423312190881546,,,,,,1.0,2
122.60000000000001,0.00024088183587520374,12.07425622014794,0.19055880567903563,14.999400001228645,80087.34447628507,89298.62024616616,6.472194049026281,297.92760695316167,244.28900153717194,1.8511210562273415,75.0,100.0,10.0,105.0,0.0,22.227926793579982,78.83939941325664,23.0,1.7993809876631799,100.0,1.0,0.0,1.0,2.0,2.0,1.4589717159850732,1.7430980051113099,,,,,,1.0,2
122.80000000000001,0.00024286814902350288,12.108176807219506,0.19061530524744852,15.019290571194558,80129.61866098599,89350.27790954178,6.466438627978646,298.05201876451343,291.7747201193991,1.8519325484621276,75.0,100.0,10.0,105.0,0.0,32.820919717797224,23.651819823976993,23.0,89.36963870669857,100.0,1.0,0.0,1.0,2.0,2.0,1.4512567327772141,1.7438809546389005,,,,,,1.0,2
123.00000000000001,0.00024441733819520164,12.1516072758274,0.19073227067488432,15.038527773566875,80174.47330616541,89404.51752331409,6.472263874093025,297.92820901339024,244.49224014917922,1.8527477130450152,75.0,100.0,10.0,105.0,0.0,45.699971784694554,65.00131181844124,23.0,8.936963870669857,100.0,1.0,0.0,1.0,2.0,2.0,1.4355045068322223,1.744667464340925,,,,,,1.0,2
123.2,0.0002245367666464269,12.254022518125362,0.191033158063728,15.056818593404246,80221.39218869618,89460.70757719871,6.487431110053306,298.18567520608013,342.87531404460225,1.8535149466575485,75.0,100.0,10.0,105.0,0.0,56.24066414356547,19.500393545532372,23.0,147.6053873152901,100.0,1.0,0.0,1.0,2.0,2.0,1.3953040552658198,1.7454077435150115,,,,,,1.0,2
123.4,0.00023266931522545017,12.243999077777442,0.19107262418960688,15.07530672933967,80269.2001601638,89517.8475439068,6.505546822578841,298.01684891026537,278.32217908139154,1.8542774008953844,75.0,100.0,10.0,105.0,0.0,60.702522174942594,106.56264115910244,23.0,14.76053873152901,100.0,1.0,0.0,1.0,2.0,2.0,1.3898574245867987,1.7461434261720195,,,,,,1.0,2
123.60000000000001,0.00023572885269551442,12.217869906070824,0.19101194494338164,15.094136659044281,80316.50001347098,89574.50173623279,6.521156723234332,297.88928805172225,229.51942673017996,1.8550495617179068,75.0,100.0,10.0,105.0,0.0,57.915570647710396,53.34939288583851,23.0,1.4760538731529012,100.0,1.0,0.0,1.0,2.0,2.0,1.3977280831326,1.7468884897806807,,,,,,1.0,2
123.80000000000001,0.0002252468719149851,12.203214092519763,0.19095501656158564,15.113251251393592,80361.98691344437,89629.29370644363,6.528127442475839,297.97484378089865,262.27211575055753,1.8557962656298463,75.0,100.0,10.0,105.0,0.0,48.881938640972145,16.00481786575155,23.0,71.55346615063334,100.0,1.0,0.0,1.0,2.0,2.0,1.4051054982620168,1.747609004367855,,,,,,1.0,2
124.00000000000001,0.00019461519537766482,12.242015138219669,0.19108279590300287,15.132131479271184,80405.11944450063,89681.57303431572,6.52646409402845,297.8740424815385,223.6630325683177,1.8564649895419858,75.0,100.0,10.0,105.0,0.0,37.071045055050895,42.32655281026918,23.0,7.155346615063334,100.0,1.0,0.0,1.0,2.0,2.0,1.387937891063566,1.7482542860991557,,,,,,1.0,2
124.2,0.0001880534481808932,12.221958696448885,0.19110920630501527,15.151113315603723,80445.98895236435,89731.55947371105,6.512922290308907,298.0751305568733,300.72575369199456,1.8570869849042424,75.0,100.0,10.0,105.0,0.0,25.928419939093878,12.697965843080754,23.0,119.14737860472566,100.0,1.0,0.0,1.0,2.0,2.0,1.3842635116486002,1.7488544876453116,,,,,,1.0,2
124.4,0.0001645941195074856,12.250782853543518,0.191129020789756,15.169663820579965,80485.71412901147,89780.28203086898,6.495257490509284,297.94511039419564,250.8728162881582,1.8576467708685804,75.0,100.0,10.0,105.0,0.0,20.23186879590497,78.10595463649399,23.0,11.914737860472567,100.0,1.0,0.0,1.0,2.0,2.0,1.3814824685996525,1.7493946680008916,,,,,,1.0,2
124.60000000000001,0.00017098889823096672,12.233413542922548,0.1911009076115512,15.188251376948008,80525.65087778165,89829.25934043157,6.480883873911154,298.2688634111398,375.0719734159231,1.8581952276935512,75.0,100.0,10.0,105.0,0.0,21.599291776062465,23.431786390948197,23.0,178.36194343438018,100.0,1.0,0.0,1.0,2.0,2.0,1.3850804139560837,1.7499239237938293,,,,,,1.0,2
124.80000000000001,0.00018215675207738019,12.225245087526384,0.19106182917570827,15.206824976413257,80566.99959734503,89879.709598019,6.47360092246135,298.0819345909275,303.3261643302608,1.858767181590713,75.0,100.0,10.0,105.0,0.0,28.709839640841203,134.0433682391097,23.0,17.83619434343802,100.0,1.0,0.0,1.0,2.0,2.0,1.3901306711296642,1.7504758622603025,,,,,,1.0,2
125.00000000000001,0.0001987084590906205,12.208400506571682,0.19100436931347642,15.225624025550635,80610.41405684924,89932.3231331619,6.475278569930038,297.93164153441114,245.61040122458235,1.8593835346500782,75.0,100.0,10.0,105.0,0.0,38.729576368704585,77.20715555652748,23.0,1.783619434343802,100.0,1.0,0.0,1.0,2.0,2.0,1.3976138029655325,1.7510706555370539,,,,,,1.0,2
125.2,0.00020877536198837433,12.206423613289427,0.19098148771290493,15.244605538696348,80655.68527616508,89986.86014468917,6.485718064641044,298.04837357268605,290.46629847336374,1.8600357617618963,75.0,100.0,10.0,105.0,0.0,48.069530153106825,23.162146666958243,23.0,89.23456057613623,100.0,1.0,0.0,1.0,2.0,2.0,1.400488178422651,1.751700078613542,,,,,,1.0,2
125.4,0.00019574582115362935,12.256136468489862,0.19110024938949097,15.262917360040905,80701.99350772564,90042.37351737967,6.500547843217526,297.93038670372096,245.10629763682172,1.8606725311750876,75.0,100.0,10.0,105.0,0.0,53.22095614381385,61.99845533609075,23.0,8.923456057613624,100.0,1.0,0.0,1.0,2.0,2.0,1.3845262498195698,1.7523145949668801,,,,,,1.0,2
125.60000000000001,0.0001861148176269837,12.274268690760566,0.19113807360743487,15.280715984729396,80748.10101713924,90097.63382886474,6.51401859687283,298.1717472481222,337.9576540599626,1.8612763980331586,75.0,100.0,10.0,105.0,0.0,52.43562305976446,18.599536600827225,23.0,140.5001848501527,100.0,1.0,0.0,1.0,2.0,2.0,1.3793375718062764,1.7528973682093412,,,,,,1.0,2
125.80000000000001,0.00015928348192115687,12.313868450958603,0.19122154245244585,15.298097901151175,80792.97117761252,90151.51708106032,6.522688292513249,298.025044127884,281.4897130760656,1.861813340680144,75.0,100.0,10.0,105.0,0.0,46.26316715849218,100.14332732602624,23.0,14.05001848501527,100.0,1.0,0.0,1.0,2.0,2.0,1.3680916984106686,1.7534155628173511,,,,,,1.0,2
126.00000000000001,0.00013166458699590764,12.3454388589904,0.19127911923757174,15.314944670759264,80835.96243986716,90203.36706137436,6.522631619514247,297.89939290631537,233.09818423848793,1.8622634634657136,75.0,100.0,10.0,105.0,0.0,36.622793089779066,54.16106856541502,23.0,1.4050018485015272,100.0,1.0,0.0,1.0,2.0,2.0,1.3603121380833956,1.7538499746868297,,,,,,1.0,2
126.2,0.00013664559692788675,12.29218068256006,0.19119131688617208,15.332284126972274,80877.02581151736,90253.32648140995,6.512525121467037,297.990889458181,268.3544630988052,1.8626947923556507,75.0,100.0,10.0,105.0,0.0,27.01847059212615,16.248320569624507,23.0,75.30207371336827,100.0,1.0,0.0,1.0,2.0,2.0,1.3718854055217367,1.7542662535103453,,,,,,1.0,2
126.4,0.00014381759793401648,12.254060977477387,0.19113512178790573,15.349874585783757,80916.98806401675,90302.23081085087,6.497671224808026,297.8896706339582,229.33187482572774,1.8631436487804487,75.0,100.0,10.0,105.0,0.0,21.475158983648576,44.984249111863235,23.0,7.530207371336828,100.0,1.0,0.0,1.0,2.0,2.0,1.3792464449431645,1.7546994533578388,,,,,,1.0,2
126.60000000000001,0.0001528709962135357,12.239787063116813,0.19115539932400122,15.367557767205096,80956.98945552843,90351.22968440066,6.483566835494313,298.08899492201505,306.2168860451177,1.8636162934333744,75.0,100.0,10.0,105.0,0.0,21.87583137933883,13.49527473355897,23.0,120.28990755348464,100.0,1.0,0.0,1.0,2.0,2.0,1.3764259080199923,1.7551556172598426,,,,,,1.0,2
126.80000000000001,0.00016208351505609368,12.241034605404204,0.19119619001764862,15.385302038286534,80998.20338327311,90401.49893055006,6.477211138036176,297.96242250891936,257.3684602419158,1.8641137520722972,75.0,100.0,10.0,105.0,0.0,27.918065469182523,78.88394406827805,23.0,12.028990755348465,100.0,1.0,0.0,1.0,2.0,2.0,1.3708690513865387,1.7556357360912096,,,,,,1.0,2
127.00000000000001,0.00016258533635282144,12.264261790923891,0.19123146806692914,15.402804327020023,81041.1702643249,90453.53279170363,6.481264402998098,297.85630247233917,216.39229453733827,1.8646189471007149,75.0,100.0,10.0,105.0,0.0,36.48720111318693,37.05883896540391,23.0,1.2028990755348465,100.0,1.0,0.0,1.0,2.0,2.0,1.366043213598536,1.7561233281413604,,,,,,1.0,2
127.2,0.0001434813219395871,12.350333986489009,0.19148538447170085,15.419426593387936,81085.51740189742,90506.83628116937,6.494423740348568,297.9324174614357,245.79762779609263,1.8650832278222245,75.0,100.0,10.0,105.0,0.0,43.420757762049824,11.117651689621171,23.0,65.99125219770704,100.0,1.0,0.0,1.0,2.0,2.0,1.3321186126914604,1.7565714372712162,,,,,,1.0,2
127.4,0.00013425753924490024,12.370930758125382,0.19152669271477984,15.435690597253629,81130.19664268136,90560.42435368733,6.508815288996287,297.86135502848936,218.32826776430545,1.865508055811803,75.0,100.0,10.0,105.0,0.0,45.077791678415586,3.3352955068863515,23.0,0.0001,100.0,1.0,0.0,1.0,2.0,2.0,1.3265067117717886,1.75698147271016,,,,,,1.0,2
127.60000000000001,0.00015303478490787895,12.301714317370697,0.19139248424217545,15.452715170213743,81174.04090920852,90613.29066366375,6.5188517338085425,297.96089865825724,256.827583778744,1.8659596700949672,75.0,100.0,10.0,105.0,0.0,40.98504634247719,1.0005886520659053,23.0,71.41176696705426,100.0,1.0,0.0,1.0,2.0,2.0,1.344261465173774,1.757417366816927,,,,,,1.0,2
127.80000000000001,0.0001610462836718676,12.249788606858289,0.19128266248862563,15.470132922514827,81216.2645560909,90664.5805676928,6.520292109904038,297.8761794359103,224.04394191122444,1.8664427797939014,75.0,100.0,10.0,105.0,0.0,32.88286082535782,30.67692273743275,23.0,7.141176696705426,100.0,1.0,0.0,1.0,2.0,2.0,1.3587562427572497,1.7578836658107018,,,,,,1.0,2
128.0,0.000191852585764205,12.141084394611823,0.19107910284665325,15.488675015638744,81256.72539935408,90714.28161937765,6.508879853068155,298.04668977517787,290.0597711295159,1.866994658091656,75.0,100.0,10.0,105.0,0.0,24.216922072493873,9.203076821229825,23.0,105.74270970143643,100.0,1.0,0.0,1.0,2.0,2.0,1.3857017969075431,1.7584163477959163,,,,,,1.0,2
128.2,0.00021787089634168395,12.063117561362494,0.19090647023828,15.507899373612972,81296.3672938303,90763.29707013309,6.492767488857329,297.93419972948834,246.48483186210822,1.8676222785816927,75.0,100.0,10.0,105.0,0.0,20.145561835430616,64.02126688278715,23.0,10.574270970143644,100.0,1.0,0.0,1.0,2.0,2.0,1.408501616228998,1.7590221468805876,,,,,,1.0,2
128.4,0.00020508303573316128,12.079624365628995,0.19080897818412093,15.52665088260694,81336.42802482944,90812.66659366057,6.479916463851837,298.2050249759579,351.4478037799832,1.8682477356345495,75.0,100.0,10.0,105.0,0.0,22.51383073337719,19.206380064836143,23.0,153.55591950887515,100.0,1.0,0.0,1.0,2.0,2.0,1.4213032206766751,1.7596258677982448,,,,,,1.0,2
128.6,0.00019353866579870042,12.13125005614397,0.19090507568136583,15.544889242963496,81377.98420105266,90863.48361158188,6.476199317646351,298.04200766840626,288.2363268358405,1.8688401188199408,75.0,100.0,10.0,105.0,0.0,30.012490772529425,111.01725529531237,23.0,15.355591950887515,100.0,1.0,0.0,1.0,2.0,2.0,1.4083720046694357,1.760197673496601,,,,,,1.0,2
128.79999999999998,0.00017268176603423097,12.198870139387,0.1909765492529892,15.56217791339251,81421.38788449208,90916.04270569826,6.482043715573625,297.90819978972945,236.3237451116311,1.8693794500307968,75.0,100.0,10.0,105.0,0.0,38.9829148282877,60.43353143990018,23.0,1.5355591950887515,100.0,1.0,0.0,1.0,2.0,2.0,1.3987265458153118,1.760718277903161,,,,,,1.0,2
129.0,0.00018177320920017485,12.195706322173596,0.19096165818373673,15.579324729972935,81466.10882169171,90969.96873793911,6.493695480129847,298.0022503734543,272.83410737445934,1.8699142486841018,75.0,100.0,10.0,105.0,0.0,45.60637507821165,18.130059431970054,23.0,78.18161020914474,100.0,1.0,0.0,1.0,2.0,2.0,1.4005687650829186,1.7612345145000186,,,,,,1.0,2
129.2,0.00019651061822858966,12.17098999482873,0.19095234403589015,15.596799838283346,81511.22991523922,91024.38305784721,6.507232737603085,297.8968969432752,231.91554137749787,1.8704812686019077,75.0,100.0,10.0,105.0,0.0,47.56633362282169,48.13856202196426,23.0,7.818161020914474,100.0,1.0,0.0,1.0,2.0,2.0,1.401660846054784,1.7617818620223216,,,,,,1.0,2
129.4,0.00020596587190665612,12.121228376515871,0.1907706467519561,15.614531126515374,81555.62438087922,91078.11069025191,6.515391287687324,298.1011999843097,311.3111162652463,1.8710752777638158,75.0,100.0,10.0,105.0,0.0,44.10662681803749,14.441568606589279,23.0,123.87784835186174,100.0,1.0,0.0,1.0,2.0,2.0,1.4256684643890363,1.7623552712592672,,,,,,1.0,2
129.6,0.0008281708678717963,12.155314671635415,0.19073684593866616,15.638221964770619,81598.66646156236,91130.63166383909,6.513098672425688,297.9704346903722,260.4683083234341,1.8716611062652113,75.0,100.0,10.0,105.0,0.0,37.39662532944714,81.84990386265659,23.0,12.387784835186174,100.0,1.0,0.0,1.0,2.0,2.0,1.430010560113942,1.7629207924016048,,,,,,1.0,2
129.79999999999998,0.0010199457516641942,12.199208272940595,0.19093594239592718,15.67673973428302,81640.59853590444,91181.964518168,6.501319896445068,297.85904447647084,217.1353296930297,1.871846230838101,75.0,100.0,10.0,105.0,0.0,31.62380361554646,38.99860405807834,23.0,1.2387784835186175,100.0,1.0,0.0,1.0,2.0,2.0,1.4034890677683494,1.7630995015836828,,,,,,1.0,2
130.0,0.0010333969375961778,12.2012472280605,0.19101025078041056,15.717511522956132,81682.32376306831,91233.1055917641,6.48918388513029,297.93651178833585,247.2878368108952,1.8718714991308596,75.0,100.0,10.0,105.0,0.0,30.57535190085023,11.699581217423502,23.0,67.91544944994604,100.0,1.0,0.0,1.0,2.0,2.0,1.393598394549519,1.763123894285764,,,,,,1.0,2
130.2,0.0010541377398322923,12.213802762796284,0.19108329344979222,15.758694627412554,81724.80449555557,91285.03420155951,6.4812455371895785,297.86476685610677,219.34636625434348,1.8718749621509077,75.0,100.0,10.0,105.0,0.0,34.36725568218399,3.5098743652270503,23.0,0.0001,100.0,1.0,0.0,1.0,2.0,2.0,1.3838799108053732,1.7631272373073679,,,,,,1.0,2
130.4,0.0009802389755182274,12.260347336656865,0.19125796137641926,15.797158303894621,81067.15015506162,90538.25762188649,6.507336262041467,297.9636467191586,257.70559126754006,1.8613659428161682,75.0,100.0,10.0,105.0,0.0,41.329276898312266,1.052962309568115,23.0,71.44681077884916,100.0,1.0,-4000.0,1.0,2.0,2.0,1.3633609433810827,1.7529837859081383,,,,,,1.0,2
130.6,0.001081653644900176,12.207874665807758,0.1912754871507082,15.837929211814474,80408.84851632774,89790.864290811,6.52874330416095,297.87216657696615,222.49896446291444,1.845884892855438,75.0,100.0,10.0,105.0,0.0,37.72384314530109,30.63335915816809,23.0,7.144681077884916,100.0,1.0,-4000.0,1.0,2.0,2.0,1.3650435118130784,1.7380464197094732,,,,,,1.0,2
130.79999999999998,0.001333854934135514,12.088255229389413,0.1911545361241666,15.884194433143673,79748.19429972976,89041.25655935996,6.534575576710489,298.0496921126327,290.2630498956185,1.8300912770997368,75.0,100.0,10.0,105.0,0.0,25.65190037060408,9.190007747450426,23.0,108.36405218562435,100.0,1.0,-4000.0,1.0,2.0,2.0,1.3852260760075221,1.722813793761331,,,,,,1.0,2
131.0,0.001499309712364693,12.006659371783037,0.19120120008501348,15.934050798958104,79084.75164087025,88288.89905582991,6.522680123905141,297.91459933484055,239.15970404286657,1.8142881859590925,75.0,100.0,10.0,105.0,0.0,11.275315813466605,66.32866525509284,23.0,10.836405218562435,100.0,1.0,-4000.0,1.0,2.0,2.0,1.3831127977387838,1.7075784230797006,,,,,,1.0,2
131.2,0.001841396818200243,11.926859278814879,0.1912156410174477,15.987604568684429,78419.42782324045,87534.73901084671,6.4988666435405325,298.22892238179173,357.1641771243704,1.7984916018665014,75.0,100.0,10.0,105.0,0.0,1.6813816434948805,19.898599576527854,23.0,168.3180155412819,100.0,1.0,-4000.0,1.0,2.0,2.0,1.3852826298958594,1.6923557138420262,,,,,,1.0,2
131.4,0.03121821876307806,12.842550513166612,0.19261174775098086,16.009991642032663,77754.15933952235,86780.64622919763,6.490220084385096,298.0103613141256,275.81557467795085,1.782703316363136,75.0,100.0,10.0,105.0,0.0,1.6261139801470625,126.15072166464944,23.0,16.83180155412819,100.0,1.0,-4000.0,1.0,2.0,2.0,1.2034738960367475,1.67714737963926,,,,,,1.0,2
131.6,0.10105432724526377,12.857795211308748,0.19351685400649649,15.99411852828222,77089.6754347382,86027.38997593075,6.504015753782225,297.85894438217804,219.93363556289194,1.7669223230648672,75.0,100.0,10.0,105.0,0.0,4.952135310348259,56.974319784885836,23.0,1.6831801554128192,100.0,1.0,-4000.0,1.0,2.0,2.0,1.0867612178961967,1.6619524377322328,,,,,,1.0,2
131.79999999999998,0.18505374709453976,12.852001663577205,0.19372475430233996,15.978306670445354,76424.79794659809,85273.77653904518,6.517220815375681,297.9526817095095,254.23066453413458,1.7511485606415453,75.0,100.0,10.0,105.0,0.0,2.717352023724913,17.09229593546575,23.0,75.97025601700767,100.0,1.0,-4000.0,1.0,2.0,2.0,1.0631247010782705,1.6467708164108048,,,,,,1.0,2
132.0,0.2789401565572031,12.85377168042242,0.19397095415874344,15.962568420128413,75759.42545905602,84519.57581441419,6.528716753519098,297.8326966244564,210.70982556677683,1.7353819298747208,75.0,100.0,10.0,105.0,0.0,0.0,45.27771518609534,23.0,7.597025601700768,100.0,1.0,-4000.0,1.0,2.0,2.0,1.034360892552631,1.6316024076383935,2180.1004046083435,65.07715916772449,2362.5625179406998,15.488675015638744,24.641987859290357,1.0,2
132.2,0.384003348162971,12.866871996162967,0.19424403124023007,15.946746251310397,75094.07023269456,83765.44512628326,6.541327658003623,298.0910302697715,303.59066799423897,1.719622442972974,75.0,100.0,10.0,105.0,0.0,0.0,13.583314555828602,23.0,138.1682476436037,100.0,1.0,-4000.0,1.0,2.0,2.0,1.001992340691384,1.6164472106877334,,,,,,1.0,2
132.4,0.499598016322506,12.864426198642022,0.19430841078924796,15.930883730107931,75130.23725932525,83811.45487302527,6.525016322029923,297.90027001593626,235.29042596310975,1.7148015108216763,75.0,100.0,10.0,105.0,0.0,0.0,97.33443374456233,23.0,13.816824764360371,100.0,1.0,0.0,1.0,2.0,2.0,0.9946523771804344,1.6118124001568441,,,,,,1.0,2
132.6,0.6186101362937143,12.859163452186342,0.19428856127918173,15.914946134123342,75166.34520970772,83857.34024526914,6.51011910623924,298.38594265509556,409.2615977383399,1.7144404606255685,75.0,100.0,10.0,105.0,0.0,0.0,29.200330123368698,23.0,239.09191803667358,100.0,1.0,0.0,1.0,2.0,2.0,0.9974041773131299,1.6114653128711798,,,,,,1.0,2
132.79999999999998,0.743665750895099,12.860318557330958,0.19431928275797636,15.898988696693213,75202.43357818697,83903.28887715489,6.4963752902771725,298.04798392337506,288.14333232915754,1.7144301950756398,75.0,100.0,10.0,105.0,0.0,0.0,194.4482181347028,23.0,23.90919180366736,100.0,1.0,0.0,1.0,2.0,2.0,0.9932956635551893,1.6114554443699185,,,,,,1.0,2
133.0,0.8727827310147291,12.876394589460634,0.19446192567538595,15.883120764380374,75238.79133090735,83949.56190006934,6.484418952106959,297.83518209008963,211.8466280504364,1.7144295195082535,75.0,100.0,10.0,105.0,0.0,0.901645065307149,88.68276046351735,23.0,2.390919180366736,100.0,1.0,0.0,1.0,2.0,2.0,0.9742027937280897,1.6114547949320723,,,,,,1.0,2
133.2,1.0042490032500242,12.90640612547761,0.19458445065736427,15.867034168329026,75276.29361914365,83996.9761110304,6.4792208403855325,297.97712041189095,262.7617113934473,1.7144296460706483,75.0,100.0,10.0,105.0,0.0,6.598487206321767,26.604828139055204,23.0,100.99720950109241,100.0,1.0,0.0,1.0,2.0,2.0,0.957797021833017,1.6114549165992962,,,,,,1.0,2
133.4,1.1385665503187288,12.924034988603738,0.19456746023069382,15.850656736449961,75315.35720344521,84045.99095835182,6.482461294021981,297.81608689719326,204.96896597655146,1.7144298157122047,75.0,100.0,10.0,105.0,0.0,14.364403828827097,70.98889128851229,23.0,10.099720950109242,100.0,1.0,0.0,1.0,2.0,2.0,0.9600722500963013,1.6114550796794698,,,,,,1.0,2
133.6,1.2768593771049552,12.942286362888044,0.19457256824184557,15.833967051411003,75355.65510796304,84096.3462371233,6.492893656798353,298.1941800961543,340.72943372157584,1.7144299867030324,75.0,100.0,10.0,105.0,0.0,20.824136915924,21.296667386553686,23.0,191.5661467094981,100.0,1.0,0.0,1.0,2.0,2.0,0.9593881756875782,1.6114552440567285,,,,,,1.0,2
133.79999999999998,1.4140732584745552,12.942262032052758,0.1945362673416543,15.817203417684325,75396.39337487635,84147.05613960014,6.507849345861684,297.93295380626483,246.8871923604805,1.7144301022771518,75.0,100.0,10.0,105.0,0.0,23.101480945275256,146.04983103309218,23.0,19.15661467094981,100.0,1.0,0.0,1.0,2.0,2.0,0.9642491150304578,1.6114553551606818,,,,,,1.0,2
134.0,1.555162787107493,12.924912947574663,0.19450392834649127,15.800506929653237,75436.28760936814,84197.04258910965,6.5179489535182284,298.620794397633,494.1190390186468,1.7144302414894679,75.0,100.0,10.0,105.0,0.0,19.385753291101814,43.81494930992765,23.0,332.3502564872245,100.0,1.0,0.0,1.0,2.0,2.0,0.9685791415028762,1.6114554889885566,,,,,,1.0,2
134.2,1.6958643950014347,12.90186544569782,0.1945276108158923,15.784145032920994,75474.61679782093,84245.4171620169,6.519123421828653,298.16428945777005,329.9559573472449,1.7144303953115354,75.0,100.0,10.0,105.0,0.0,11.647478133060167,280.56491824104916,23.0,33.23502564872245,100.0,1.0,0.0,1.0,2.0,2.0,0.9654081467040527,1.6114556368611088,,,,,,1.0,2
134.4,1.83997365993057,12.85851701700298,0.19440224232452682,15.768320581608426,75511.43751625514,84292.39122071704,6.5103191736202435,297.86914141488984,223.76858132376148,1.7144305385905354,75.0,100.0,10.0,105.0,0.0,3.4516443191923525,141.19169946430694,23.0,3.323502564872245,100.0,1.0,0.0,1.0,2.0,2.0,0.982192104036336,1.6114557745983775,,,,,,1.0,2
134.6,1.9849881530168543,12.8346827052485,0.19429440551129826,15.752657365162692,75547.57323894894,84338.6910769497,6.497818324207456,298.08495505054987,301.44699363988826,1.7144306356526187,75.0,100.0,10.0,105.0,0.0,0.0,42.35750983929208,23.0,141.78159438466528,100.0,1.0,0.0,1.0,2.0,2.0,0.9966247104054831,1.6114558679063036,,,,,,1.0,2
134.79999999999998,2.1357607423884173,12.832598934165299,0.19428649600386572,15.736989416328317,75583.7772195701,84385.27108811587,6.486302585219431,297.84902191575975,216.48830081181183,1.714430708142458,75.0,100.0,10.0,105.0,0.0,0.33808544337965685,114.11962752197184,23.0,14.17815943846653,100.0,1.0,0.0,1.0,2.0,2.0,0.9976831262071254,1.6114559375923878,,,,,,1.0,2
135.0,2.2857442031211823,12.85727700804818,0.19436933929561281,15.72104706536747,75620.90867968313,84432.72139228694,6.480721952333548,298.3941742257057,412.88625158535416,1.714430780941746,75.0,100.0,10.0,105.0,0.0,5.281704385409586,34.23588825659155,23.0,269.04859372206346,100.0,1.0,0.0,1.0,2.0,2.0,0.9865961244047379,1.611456007575953,,,,,,1.0,2
135.2,2.4364505592030876,12.906553997229773,0.19461817313444554,15.704787894926135,75659.4415824826,84481.59037631509,6.483019386345245,298.0061965957603,273.0459902871235,1.7144308491748983,75.0,100.0,10.0,105.0,0.0,12.448030097315065,218.42125553985514,23.0,26.904859372206346,100.0,1.0,0.0,1.0,2.0,2.0,0.9532804662219488,1.6114560731699905,,,,,,1.0,2
135.4,2.5885281226888273,12.92663504636571,0.19468522867091967,15.688449941384494,75699.33220620234,84531.85981749215,6.491083748174213,297.779589511538,191.32882508473836,1.7144309143470777,75.0,100.0,10.0,105.0,0.0,18.685720188409228,95.26186434806195,23.0,2.6904859372206347,100.0,1.0,0.0,1.0,2.0,2.0,0.9442989796414337,1.6114561358214474,,,,,,1.0,2
135.6,2.738620357959571,12.942067402830011,0.19476038539123183,15.67203824859222,75739.83228730799,84582.64007278616,6.5036962148337905,297.94322174706826,250.36634920530867,1.7144309735356364,75.0,100.0,10.0,105.0,0.0,21.694046539456725,28.578559304418583,23.0,110.33167982079564,100.0,1.0,0.0,1.0,2.0,2.0,0.9342305994226516,1.6114561927207176,,,,,,1.0,2
135.79999999999998,2.8904986172208407,12.924748723504775,0.19468778565126815,15.655729116377083,75779.90410078868,84633.05669200663,6.514363352958683,297.8605275062275,220.5156469204734,1.71443102803099,75.0,100.0,10.0,105.0,0.0,19.645022061945912,8.573567791325575,23.0,0.0001,100.0,1.0,0.0,1.0,2.0,2.0,0.9439564353450178,1.6114562451083059,,,,,,1.0,2
136.0,3.038571623625091,12.905852469981145,0.19470499936645203,15.639686575250742,75818.69172949887,84682.02546687564,6.51784181830769,298.0445619876272,286.9806954449568,1.7144310763947468,75.0,100.0,10.0,105.0,0.0,13.336320441006098,2.572070337397672,23.0,102.18439768060604,100.0,1.0,0.0,1.0,2.0,2.0,0.9416505429909967,1.6114562916014545,,,,,,1.0,2
136.2,3.189344299938119,12.852205502190623,0.19447259410444045,15.623969708561411,75855.93023987315,84729.5456914358,6.51205498538364,297.9055113261723,236.73784548942456,1.7144311198803928,75.0,100.0,10.0,105.0,0.0,5.649064350848466,61.453954710129246,23.0,10.218439768060605,100.0,1.0,0.0,1.0,2.0,2.0,0.9727741008724916,1.6114563334051677,,,,,,1.0,2
136.4,3.339009239970297,12.823499477281592,0.1943726052560036,15.60843680745369,75892.05939902923,84775.90290440078,6.500200107002156,298.2289106328375,353.6446575266154,1.7144311578046123,75.0,100.0,10.0,105.0,0.0,0.29155492727917665,18.436186413038772,23.0,168.07550826206685,100.0,1.0,0.0,1.0,2.0,2.0,0.9861588908821388,1.6114563698625588,,,,,,1.0,2
136.6,3.487574318628381,12.817394484855567,0.1943468462360769,15.592896079454837,75928.10852732528,84822.13612962005,6.488554848239609,298.00613685544016,273.0769503566501,1.7144311896835138,75.0,100.0,10.0,105.0,0.0,0.0,127.50850190489928,23.0,16.807550826206686,100.0,1.0,0.0,1.0,2.0,2.0,0.9896065103847871,1.611456400508452,,,,,,1.0,2
136.79999999999998,3.6362072298496244,12.828247448547147,0.19435518566841925,15.577288997912373,75965.0328543882,84869.23879423073,6.481801506499455,297.8519909685188,217.3035217348046,1.7144312154554942,75.0,100.0,10.0,105.0,0.0,4.042437508536751,56.81020263424003,23.0,1.6807550826206687,100.0,1.0,0.0,1.0,2.0,2.0,0.9884903654164716,1.6114564252836265,,,,,,1.0,2
137.0,3.7814964583365795,12.845344934008269,0.1943207715510904,15.561435614382923,76003.3113743961,84917.56398807632,6.482685787271788,297.95033738584704,252.90420789307393,1.7144312343508832,75.0,100.0,10.0,105.0,0.0,10.779071820973234,17.04306079027201,23.0,76.96233065755521,100.0,1.0,0.0,1.0,2.0,2.0,0.993096146213348,1.611456443448182,,,,,,1.0,2
137.2,3.925716627528703,12.870915983820547,0.19439036766905748,15.545353317036684,76042.86468938232,84967.11879962044,6.490674123464511,297.83173824854373,209.9512635231976,1.7144312468760086,75.0,100.0,10.0,105.0,0.0,17.15149326847476,46.578330239876735,23.0,7.696233065755521,100.0,1.0,0.0,1.0,2.0,2.0,0.9837813866410844,1.6114564554888617,,,,,,1.0,2
137.4,4.071317089943136,12.871771466684292,0.19436138125269448,15.529140622497094,76083.02110705031,85017.33123086207,6.501819451399904,298.09444639652645,305.14348848212524,1.7144312521690122,75.0,100.0,10.0,105.0,0.0,20.31989281068103,13.97349907196302,23.0,140.39702605418023,100.0,1.0,0.0,1.0,2.0,2.0,0.9876611319408153,1.6114564605771435,,,,,,1.0,2
137.6,4.215984390972992,12.869592870615604,0.19439423422271965,15.51299642125531,76122.90051802323,85067.22762678526,6.511699275935558,297.9140570657364,239.74673399290285,1.7144312497832024,75.0,100.0,10.0,105.0,0.0,19.028553993441466,99.18748797616645,23.0,14.039702605418023,100.0,1.0,0.0,1.0,2.0,2.0,0.9832638374554573,1.6114564582836117,,,,,,1.0,2
137.79999999999998,4.360415405776501,12.857686645190993,0.19444626636767157,15.497023574071807,76161.67182456989,85116.00241904154,6.516300394716336,298.38826616942265,411.7471918988173,1.7144312332695562,75.0,100.0,10.0,105.0,0.0,13.786848363487493,29.756246392849935,23.0,236.16991106157428,100.0,1.0,0.0,1.0,2.0,2.0,0.976298708056944,1.6114564424086786,,,,,,1.0,2
138.0,4.503238388619595,12.815473501073416,0.19429475183962325,15.481318334563097,76198.99291510083,85163.26138821368,6.512116354058428,298.0938383988043,304.90450547319404,1.7144311836710242,75.0,100.0,10.0,105.0,0.0,6.7119740463279625,191.48844711064177,23.0,23.61699110615743,100.0,1.0,0.0,1.0,2.0,2.0,0.9965782199614945,1.6114563947285125,,,,,,1.0,2
138.2,4.645798444525356,12.798938523729234,0.19430365099189031,15.465963731047669,76235.32735483171,85209.5249462977,6.5016366109332395,297.88744731787597,229.97432074200248,1.7144310844000505,75.0,100.0,10.0,105.0,0.0,1.3281666614338024,100.91427932300681,23.0,2.361699110615743,100.0,1.0,0.0,1.0,2.0,2.0,0.9953873524507872,1.61145629929713,,,,,,1.0,2
138.4,4.78407854602648,12.78727322273121,0.19425509662413698,15.45067036546085,76271.42741114584,85255.37507981557,6.49019880547902,298.05599729981094,291.19395717905604,1.714430918246261,75.0,100.0,10.0,105.0,0.0,0.1422788319081032,30.27428379690204,23.0,111.7351973717148,100.0,1.0,0.0,1.0,2.0,2.0,1.0018846654292728,1.6114561395698181,,,,,,1.0,2
138.6,4.923826302106243,12.801359885530115,0.19430287414883468,15.435253497969498,76308.20545195784,85301.96319435627,6.482892584233653,297.89624957266614,233.14280312410435,1.7144307064841968,75.0,100.0,10.0,105.0,0.0,3.5288301972149148,85.75123509177882,23.0,11.173519737171482,100.0,1.0,0.0,1.0,2.0,2.0,0.9954914114437097,1.6114559359982645,,,,,,1.0,2
138.79999999999998,5.064118855141221,12.826655068384454,0.1943724143875951,15.4195217635107,76346.18208010026,85349.772669559,6.482579856014629,298.2797979049442,372.58552886824947,1.7144304033820164,75.0,100.0,10.0,105.0,0.0,9.83018899447734,25.725370527533645,23.0,196.56313418573615,100.0,1.0,0.0,1.0,2.0,2.0,0.9861846375337948,1.6114556446194404,,,,,,1.0,2
139.0,5.204355562977838,12.848089585805786,0.19441270272981417,15.403542699138066,76385.42783183549,85398.85590481065,6.488758150827902,298.0500027739935,289.0007459448841,1.7144299816781108,75.0,100.0,10.0,105.0,0.0,16.247275360926373,155.35701209202816,23.0,19.656313418573617,100.0,1.0,0.0,1.0,2.0,2.0,0.9807920447606052,1.6114552392261605,,,,,,1.0,2
139.2,5.345251956333421,12.847867011274557,0.19433896470834974,15.387540480232007,76425.53591705466,85448.83390286975,6.498579847831652,297.8753559090947,225.4417596067304,1.714429457913185,75.0,100.0,10.0,105.0,0.0,20.186551362482238,83.69350085737113,23.0,1.9656313418573619,100.0,1.0,0.0,1.0,2.0,2.0,0.9906617997864097,1.6114547357193731,,,,,,1.0,2
139.4,5.488547207944353,12.843503941783645,0.19431281522944757,15.371553167541915,76465.62774967478,85498.89584230269,6.507861648667805,298.03166450784653,282.3549388943241,1.71442877849154,75.0,100.0,10.0,105.0,0.0,20.193712361368753,25.10805025721134,23.0,103.56759577040935,100.0,1.0,0.0,1.0,2.0,2.0,0.9941615666870588,1.6114540825763557,,,,,,1.0,2
139.6,5.634382573862875,12.822629470326877,0.19425250272040492,15.355757696553566,76504.9860979213,85548.32543691796,6.513182353761301,297.8907045319187,231.00556953443262,1.7144279057761764,75.0,100.0,10.0,105.0,0.0,16.489757691424987,75.67021490438216,23.0,10.356759577040936,100.0,1.0,0.0,1.0,2.0,2.0,1.0022325410032211,1.6114532436158395,,,,,,1.0,2
139.79999999999998,5.776601874293126,12.7891313369607,0.19413719180927436,15.34014758993332,76543.12004599442,85596.37778630122,6.5125980388823415,298.2366525310322,357.08763949688415,1.7144268162725231,75.0,100.0,10.0,105.0,0.0,10.661905232637366,22.70106447131465,23.0,178.8944509869527,100.0,1.0,0.0,1.0,2.0,2.0,1.0176597704057582,1.6114521962519885,,,,,,1.0,2
140.0,5.916644073185046,12.7509092663635,0.19397464067394762,15.32476533458907,76580.12465706682,85643.20886859813,6.506085882934673,298.03073239681254,282.0043335512936,1.7144255013125196,75.0,100.0,10.0,105.0,0.0,5.0752589475247785,139.0117439318787,23.0,17.889445098695273,100.0,1.0,0.0,1.0,2.0,2.0,1.039399461389553,1.611450932152024,,,,,,1.0,2
140.2,6.077138450560174,12.803044685347366,0.1941154622419107,15.309037238996785,76619.39828094734,85693.16219641577,6.496506459239313,297.87213408249215,224.14800210260702,1.7144239580635976,75.0,100.0,9.0,120.0,0.0,2.1024675878904606,74.24915754645878,23.0,1.7889445098695274,100.0,1.0,0.0,1.0,2.0,2.0,1.0205671239320662,1.6114494485929594,,,,,,1.0,2
140.4,6.239501528898973,12.81610717847289,0.19422842490342682,15.29327352606252,76658.83190801145,85743.35703678035,6.4880617538315155,298.0135149064905,275.74963696159904,1.7144221876154302,75.0,100.0,9.0,120.0,0.0,2.9646988079137198,22.27474726393763,23.0,95.9218017892344,100.0,1.0,0.0,1.0,2.0,2.0,1.0054556911978147,1.6114477466223471,,,,,,1.0,2
140.6,6.40288826989924,12.834496846353538,0.19430034889251852,15.27736733637388,76699.11965085265,85794.45599597806,6.4839114037664825,297.8809890190549,227.3564235152007,1.714420157943966,75.0,100.0,9.0,120.0,0.0,7.2017579793168185,67.44564699423077,23.0,9.59218017892344,100.0,1.0,0.0,1.0,2.0,2.0,0.9958321365495834,1.6114457954547996,,,,,,1.0,2
140.79999999999998,6.56861727442132,12.83755382937302,0.19420571281159174,15.261178471022653,76740.52674024426,85846.77267201585,6.486312233600644,298.1977235346391,343.07561619840504,1.714417848337999,75.0,100.0,9.0,120.0,0.0,13.093570369463691,20.23369409826923,23.0,166.35081541353512,100.0,1.0,0.0,1.0,2.0,2.0,1.0084955605292434,1.6114435751802223,,,,,,1.0,2
141.0,6.733222662778534,12.848762391433585,0.1941798543338763,15.244823007915448,76782.91431839153,85900.03105487768,6.493030454012954,298.00628914218817,273.09895107869545,1.7144152481242705,75.0,100.0,9.0,120.0,0.0,18.014338876957023,126.03813434515867,23.0,16.63508154135351,100.0,1.0,0.0,1.0,2.0,2.0,1.0119557215585182,1.6114410755382296,,,,,,1.0,2
141.2,6.895751327447661,12.857116990381288,0.19420450275558418,15.228492097534948,76825.80641191058,85953.71923714368,6.502353445813549,297.86301284841613,220.6974803097614,1.714412345287966,75.0,100.0,9.0,120.0,0.0,20.24631815187482,65.03239263166346,23.0,1.6635081541353511,100.0,1.0,0.0,1.0,2.0,2.0,1.0086589075723553,1.6114382849787787,,,,,,1.0,2
141.4,7.058540685842215,12.848194833551881,0.19418984387056581,15.212241150315691,76868.38340449994,86007.11362647661,6.5103149319961515,297.9877960973334,266.3595643243149,1.7144091169695819,75.0,100.0,9.0,120.0,0.0,18.742620022460187,19.509717789499035,23.0,87.55411296730709,100.0,1.0,0.0,1.0,2.0,2.0,1.0106209199913756,1.611435181526603,,,,,,1.0,2
141.6,7.221693828437588,12.832256916447134,0.1941909260988629,15.19621783817349,76910.03054428437,86059.58984215185,6.513748583027607,297.86921877392126,222.94609400127985,1.7144055319109441,75.0,100.0,9.0,120.0,0.0,14.05691683848676,58.49749268484683,23.0,8.75541129673071,100.0,1.0,0.0,1.0,2.0,2.0,1.0104770827233598,1.6114317351326293,,,,,,1.0,2
141.79999999999998,7.384500590448061,12.796965275643494,0.1940713110304944,15.180396094714803,76950.4175570229,86110.79671127224,6.5107061448469405,298.15317147990163,326.95711399698223,1.7144015748583143,75.0,100.0,9.0,120.0,0.0,8.003803075873487,17.549247805454048,23.0,151.4227471535457,100.0,1.0,0.0,1.0,2.0,2.0,1.0264783122324794,1.6114279311332114,,,,,,1.0,2
142.0,7.547714171215088,12.78146826342157,0.1940672480276642,15.16477075660741,76989.8296183797,86161.0484335771,6.502249047105464,297.99016207445896,267.2167425540517,1.7143972425697533,75.0,100.0,9.0,120.0,0.0,3.1784114393830505,111.49796531631945,23.0,15.142274715354572,100.0,1.0,0.0,1.0,2.0,2.0,1.0270228543673452,1.6114237664119158,,,,,,1.0,2
142.2,7.711671513696822,12.785065587611072,0.1941417073839408,15.149281092625731,77029.00685363878,86211.09749343318,6.4925590886450175,297.8567381810434,218.29460477565868,1.7143925505227984,75.0,100.0,9.0,120.0,0.0,1.743778016511852,58.8740056400584,23.0,1.5142274715354573,100.0,1.0,0.0,1.0,2.0,2.0,1.0170647903216317,1.611419255847751,,,,,,1.0,2
142.4,7.876866434791716,12.804379074775596,0.1942578133162051,15.133692104623336,77068.65787747625,86261.67118076369,6.4858388336487645,297.98226954219234,264.3442655872053,1.7143874602409537,75.0,100.0,9.0,120.0,0.0,4.184022938792411,17.66220169201752,23.0,86.80118609538307,100.0,1.0,0.0,1.0,2.0,2.0,1.0015326473936084,1.611414362452583,,,,,,1.0,2
142.6,8.045572578028905,12.823744648974543,0.19431482152863325,15.117926343683573,77109.3359910636,86313.4256055202,6.484519524474791,297.8727329483451,224.14207806758475,1.7143819690988356,75.0,100.0,9.0,120.0,0.0,9.30695888345757,56.5988822781474,23.0,8.680118609538308,100.0,1.0,0.0,1.0,2.0,2.0,0.9939054565505825,1.6114090837027304,,,,,,1.0,2
142.79999999999998,8.216852260155518,12.824223874128002,0.19420487583780033,15.10190314030798,77151.08960470096,86366.3715009472,6.489354506336314,298.1472663481274,324.95456596548337,1.714376086650962,75.0,100.0,9.0,120.0,0.0,14.951000514086786,16.97966468344422,23.0,146.29611105052726,100.0,1.0,0.0,1.0,2.0,2.0,1.0086185785203794,1.611403428783317,,,,,,1.0,2
143.0,8.394422326350684,12.825131698063444,0.19412561664713046,15.085762719040844,77193.5762135543,86420.32027540317,6.4983762677354315,298.00316444211876,272.01080669941877,1.714369803973407,75.0,100.0,9.0,120.0,0.0,18.652184966851692,107.74269762512876,23.0,14.629611105052726,100.0,1.0,0.0,1.0,2.0,2.0,1.0192231738868889,1.6113973891157671,,,,,,1.0,2
143.2,8.57353713603182,12.81631483519365,0.1940615408046456,15.06971731152448,77236.12749506054,86474.40261620402,6.507812969538408,297.87591806970937,225.23488634859058,1.7143631161032327,75.0,100.0,9.0,120.0,0.0,18.739355720283353,61.49102760855729,23.0,1.4629611105052727,100.0,1.0,0.0,1.0,2.0,2.0,1.027795157459252,1.6113909599292982,,,,,,1.0,2
143.4,8.75469575653192,12.811512543356681,0.19411717149480076,15.053827442447295,77277.92237249788,86527.81491629005,6.512972215404783,298.0066668180786,273.3232461752146,1.7143560044661008,75.0,100.0,9.0,120.0,0.0,15.05185817437394,18.447308282567185,23.0,88.4558488873387,100.0,1.0,0.0,1.0,2.0,2.0,1.0203564479125347,1.6113841233682318,,,,,,1.0,2
143.6,8.935781540907643,12.789505401199387,0.19410414925938227,15.038191525575161,77318.57194953467,86580.08679400853,6.511685271434499,297.9017333422063,234.71074918899683,1.7143484497523551,75.0,100.0,9.0,120.0,0.0,9.309364449099295,59.85690187712283,23.0,8.845584888733871,100.0,1.0,0.0,1.0,2.0,2.0,1.0221002575244313,1.6113768608700387,,,,,,1.0,2
143.79999999999998,9.115364994766818,12.770638227814258,0.19409208393567884,15.02271586418639,77358.12785621009,86631.20745416151,6.5042947006808,298.1679737867246,332.72800265086136,1.7143404575009813,75.0,100.0,9.0,120.0,0.0,4.090810093118872,17.95707056313685,23.0,143.67746328986743,100.0,1.0,0.0,1.0,2.0,2.0,1.0237161374442505,1.6113691777597123,,,,,,1.0,2
144.0,9.289604015106798,12.76437180522808,0.19410861362930676,15.007333003063478,77397.22587889092,86681.65187879051,6.494720801944585,298.0199262019881,278.1969646257333,1.7143320412134462,75.0,100.0,9.0,120.0,0.0,1.837426475789559,106.91202532372938,23.0,14.367746328986744,100.0,1.0,0.0,1.0,2.0,2.0,1.021507458223252,1.6113610870167445,2414.5011772416547,74.57811807401364,2936.5969912217547,15.32476533458907,23.96906464253194,1.0,2
144.2,9.464826796049227,12.76044342943731,0.19405651448862454,14.991964370672651,77436.68815833308,86732.50600225192,6.487217054228844,297.8894207677045,230.1036302710953,1.7143232131229265,75.0,100.0,9.0,120.0,0.0,3.4133252450172935,60.137822257920675,23.0,1.4367746328986746,100.0,1.0,0.0,1.0,2.0,2.0,1.0284779106251516,1.6113526004013978,,,,,,1.0,2
144.4,9.641509309817916,12.763347398630824,0.19397691294425937,14.976419900208002,77477.04961843745,86784.33067867013,6.485253104786591,298.0081136996975,273.86542501619533,1.7143139693360299,75.0,100.0,9.0,120.0,0.0,7.9862278936615905,18.0413466773762,23.0,84.39340281796672,100.0,1.0,0.0,1.0,2.0,2.0,1.0391250657185496,1.6113437141711582,,,,,,1.0,2
144.6,9.819215888903262,12.781986731802226,0.1939989797185808,14.960703295952714,77518.48726518182,86837.28498714953,6.489065357694561,297.896404777922,232.65867378317995,1.7143043000069424,75.0,100.0,9.0,120.0,0.0,13.335544187952511,55.82247776100564,23.0,8.439340281796673,100.0,1.0,0.0,1.0,2.0,2.0,1.0361769542831702,1.6113344188613519,,,,,,1.0,2
144.79999999999998,9.995728555919627,12.807509794574896,0.19412475873109267,14.944818683941362,77560.64451618314,86890.92277583314,6.496857618576793,298.15102975170106,326.63123968382877,1.7142942080375994,75.0,100.0,9.0,120.0,0.0,17.15404161065891,16.746743328301694,23.0,139.7274317075122,100.0,1.0,0.0,1.0,2.0,2.0,1.0193579023042845,1.6113247172619787,,,,,,1.0,2
145.0,10.174345509200615,12.819654594080268,0.1942309763381388,14.928937459964407,77602.93432735946,86944.79353772776,6.505829833280525,297.9961994219872,269.4584286513608,1.7142837113291498,75.0,100.0,9.0,120.0,0.0,17.8513512552611,101.5453553674728,23.0,13.972743170751222,100.0,1.0,0.0,1.0,2.0,2.0,1.0051509302376027,1.6113146265820677,,,,,,1.0,2
145.2,10.353559476215452,12.796329161571329,0.1941465835999811,14.913259701443021,77644.69303389455,86998.15997073048,6.510527996583366,297.8689655267888,222.4520460173675,1.7142728242924903,75.0,100.0,9.0,120.0,0.0,14.957246524181784,51.88282000164752,23.0,1.3972743170751223,100.0,1.0,0.0,1.0,2.0,2.0,1.016444143183865,1.6113041606753997,,,,,,1.0,2
145.4,10.536417640698579,12.797419608395325,0.19426932133420305,14.897780625750835,77685.48912680049,87050.71437357673,6.50974823622166,297.9719872334876,260.53325989200187,1.714261548851232,75.0,100.0,9.0,120.0,0.0,10.195653237753938,15.564846000494255,23.0,77.5523007749445,100.0,1.0,0.0,1.0,2.0,2.0,1.0000260746615757,1.611293321391501,,,,,,1.0,2
145.6,10.716890848175012,12.776445804996916,0.19424169343327202,14.882500761990128,77725.40391658914,87102.2870401222,6.504051323130952,297.86539316974046,221.11272976687184,1.7142498802375197,75.0,100.0,9.0,120.0,0.0,5.751282984210981,47.147796280138536,23.0,7.75523007749445,100.0,1.0,0.0,1.0,2.0,2.0,1.003725935305945,1.611282104147284,,,,,,1.0,2
145.79999999999998,10.897417087349332,12.775595310692923,0.19429359937483123,14.867264040928905,77764.84086695933,87153.3891091279,6.496327214162588,298.1023877818203,308.80157615428504,1.714237843877475,75.0,100.0,9.0,120.0,0.0,3.591617231079793,14.144338884041561,23.0,131.80280813088086,100.0,1.0,0.0,1.0,2.0,2.0,0.9967835874938137,1.6112705333856676,,,,,,1.0,2
146.0,11.076640497809985,12.772472319565553,0.19426732999940358,14.852007095339903,77804.46354062951,87204.62725749062,6.489803415572323,297.9559092903349,254.57787045786253,1.7142254503419039,75.0,100.0,9.0,120.0,0.0,4.522284619681759,91.65917939496205,23.0,13.180280813088087,100.0,1.0,0.0,1.0,2.0,2.0,1.0003020830239078,1.611258619268884,,,,,,1.0,2
146.2,11.253740906926183,12.790714321310876,0.19433451764126028,14.836687797187455,77844.83781504809,87256.5438519394,6.486954475628573,297.839010411007,211.28319762782036,1.7142127067681168,75.0,100.0,9.0,120.0,0.0,8.060160847991524,43.18618206015324,23.0,1.3180280813088088,100.0,1.0,0.0,1.0,2.0,2.0,0.991314324195499,1.6112463686584866,,,,,,1.0,2
146.4,11.432119928328007,12.813696942501785,0.19442459818913535,14.821205316962576,77886.13819264682,87309.4529125934,6.489222572475285,297.9358635534356,247.17137902199957,1.7141996275204698,75.0,100.0,9.0,120.0,0.0,12.732895185656261,12.955854618045972,23.0,73.8341407857653,100.0,1.0,0.0,1.0,2.0,2.0,0.9792606981712854,1.6112337953635052,,,,,,1.0,2
146.6,11.608957598830528,12.806719933631436,0.19430693621618456,14.805612521480032,77928.18944956086,87363.05772167858,6.495631027168006,297.8618674558203,219.73794662555312,1.7141862512221466,75.0,100.0,9.0,120.0,0.0,16.49055171162777,3.8867563854137916,23.0,0.0001,100.0,1.0,0.0,1.0,2.0,2.0,0.9950124874897713,1.6112209365133552,,,,,,1.0,2
146.79999999999998,11.78069392053188,12.81497347752271,0.1943394641360458,14.789980949976988,77970.45552539892,87416.66839274626,6.502717540405571,297.98244909036634,264.4653873520666,1.7141725802221304,75.0,100.0,9.0,120.0,0.0,17.67963759089556,1.1660269156241374,23.0,77.92538011309041,100.0,1.0,0.0,1.0,2.0,2.0,0.9906629365342187,1.6112077943664533,,,,,,1.0,2
147.0,11.951018201163032,12.811328050989781,0.19436853095784767,14.774450249491784,78012.39663048749,87469.89895099436,6.508553676915447,297.88375886396926,227.8390831474784,1.7141586329257932,75.0,100.0,9.0,120.0,0.0,16.0362015337122,38.14169115938903,23.0,7.792538011309041,100.0,1.0,0.0,1.0,2.0,2.0,0.986776350648057,1.6111943866164724,,,,,,1.0,2
147.2,12.120579802389308,12.781180618525783,0.19424352378615856,14.759052111982134,78053.50388782404,87522.26641996801,6.510061560589502,298.0962331350101,306.7309762340676,1.7141443888391463,75.0,100.0,9.0,120.0,0.0,12.057099139591172,11.44250734781671,23.0,121.14239492117514,100.0,1.0,0.0,1.0,2.0,2.0,1.0035089269261046,1.6111806935625321,,,,,,1.0,2
147.4,12.289395296558496,12.774428092180075,0.194297861971084,14.743847772132199,78093.6934487228,87573.68424204622,6.506724294553969,297.9550834475776,254.29477883161337,1.7141299000088706,75.0,100.0,9.0,120.0,0.0,7.483117476670673,81.12726495372947,23.0,12.114239492117514,100.0,1.0,0.0,1.0,2.0,2.0,0.9962417250827805,1.6111667652381811,,,,,,1.0,2
147.6,12.45910151427631,12.765050170550296,0.194321191859605,14.72883483736823,78133.27961654348,87624.53376929188,6.499672985991511,297.8450008488661,213.37969949067636,1.7141151959983618,75.0,100.0,9.0,120.0,0.0,4.2504086117304,34.44580831958355,23.0,1.2114239492117516,100.0,1.0,0.0,1.0,2.0,2.0,0.993123518314954,1.611152630063399,,,,,,1.0,2
147.79999999999998,12.630691914096666,12.765797453930828,0.19435048802051122,14.71384432736486,78172.77774740358,87675.38192851565,6.492323728168739,297.917949206459,240.505940446156,1.7141002840742297,75.0,100.0,9.0,120.0,0.0,3.8439031092130698,10.333742495875065,23.0,63.18299630167452,100.0,1.0,0.0,1.0,2.0,2.0,0.9892066766544453,1.6111382950239177,,,,,,1.0,2
148.0,12.803881261798688,12.781804892852703,0.1944300935849221,14.698780434436516,78212.78622615906,87726.818816832,6.487878773588971,297.84505573953726,213.3872099402244,1.7140851701478705,75.0,100.0,9.0,120.0,0.0,6.375397312140026,3.1001227487625194,23.0,0.0001,100.0,1.0,0.0,1.0,2.0,2.0,0.9785553719203567,1.61112376580268,,,,,,1.0,2
148.2,12.975570968409576,12.814176239402746,0.194604475652635,14.683554914721844,78253.6375442235,87779.04944712728,6.488087958431396,297.9566103502765,254.90880924555444,1.7140698751035,75.0,100.0,9.0,120.0,0.0,10.67987425959642,0.9300368246287558,23.0,74.19410431606403,100.0,1.0,0.0,1.0,2.0,2.0,0.9552106482673853,1.6111090624761846,,,,,,1.0,2
148.4,13.147203577151027,12.83432279438813,0.19469405702430703,14.668199995849136,78295.33116703715,87832.13350905883,6.493021451306832,297.86627291403147,221.26715277232043,1.7140544341709674,75.0,100.0,9.0,120.0,0.0,14.894429784457602,34.152668764224615,23.0,7.419410431606403,100.0,1.0,0.0,1.0,2.0,2.0,0.9432162887498027,1.6110942189115385,,,,,,1.0,2
148.6,13.320306188505416,12.844965430197178,0.19474622842056916,14.652748935174598,78337.43305929512,87885.70275025223,6.499502458675065,298.0673462282916,296.18601775852,1.714038881373938,75.0,100.0,9.0,120.0,0.0,17.128858573471398,10.245800629267384,23.0,115.8879695162457,100.0,1.0,0.0,1.0,2.0,2.0,0.936231367329256,1.6110792678162749,,,,,,1.0,2
148.79999999999998,13.496863014645232,12.858090975429823,0.19487552662934743,14.6373437808124,78379.46323241411,87939.35325697163,6.505482812512435,297.93454789005426,246.68073243494467,1.714023230067866,75.0,100.0,9.0,120.0,0.0,16.772803380548392,75.27885909703919,23.0,11.588796951624571,100.0,1.0,0.0,1.0,2.0,2.0,0.9189103325106371,1.6110642220292821,,,,,,1.0,2
149.0,13.670382763770327,12.851352633736733,0.1949170194965062,14.621993508722401,78420.87793488211,87992.26210052539,6.50840938573328,298.26876362824294,371.3347163977885,1.7140074971196855,75.0,100.0,9.0,120.0,0.0,14.023588844609963,22.583657729111756,23.0,178.47711112243536,100.0,1.0,0.0,1.0,2.0,2.0,0.9133535123033523,1.6110490977650531,,,,,,1.0,2
149.2,13.842815496198307,12.847743193884922,0.1949986468988696,14.606809054325403,78461.50487926514,88044.33746238831,6.507158494055053,298.0756703540697,299.27999667266965,1.713991695840253,75.0,100.0,9.0,120.0,0.0,10.108413134270226,136.42962081801969,23.0,17.847711112243537,100.0,1.0,0.0,1.0,2.0,2.0,0.9024160516615621,1.6110339078195564,,,,,,1.0,2
149.4,14.012999620121912,12.817818827998002,0.1948688882131342,14.591842321481007,78501.50980435635,88095.69765449554,6.502553960712718,297.91854029376987,240.61765525787607,1.7139758311656677,75.0,100.0,9.0,120.0,0.0,6.69915349268776,77.38445925094823,23.0,1.7847711112243538,100.0,1.0,0.0,1.0,2.0,2.0,0.9198125733264162,1.6110186569379996,,,,,,1.0,2
149.6,14.18182168095629,12.810159251047482,0.1948428671207921,14.576938866040482,78541.19104996539,88146.67835419977,6.496300360039478,298.04742072550783,288.75781189032494,1.7139599642259513,75.0,100.0,9.0,120.0,0.0,5.135240067318858,23.215337775284468,23.0,92.54210004361653,100.0,1.0,0.0,1.0,2.0,2.0,0.9233038554348691,1.6110034038853662,,,,,,1.0,2
149.79999999999998,14.35046843518777,12.792581457449115,0.19469426275078638,14.562027457315871,78581.06891647354,88197.8588237301,6.490920032751738,297.9232577641451,242.35764367513866,1.7139440948447155,75.0,100.0,9.0,120.0,0.0,6.075351308687421,65.80282319350235,23.0,9.254210004361653,100.0,1.0,0.0,1.0,2.0,2.0,0.9432180092645779,1.6109881484920954,,,,,,1.0,2
150.0,14.520059117959272,12.810516083316662,0.19475129571460098,14.546963563524795,78621.51618766422,88249.65901967873,6.489032052084859,298.1937422852967,343.4869397429411,1.7139282420735136,75.0,100.0,9.0,120.0,0.0,9.166153405386497,19.740846958050703,23.0,150.6202667077989,100.0,1.0,0.0,1.0,2.0,2.0,0.9355818579142902,1.6109729090726255,,,,,,1.0,2
150.2,14.685738875415352,12.818656327214638,0.19474341282220864,14.531779483586682,78662.7278374181,88302.0739403299,6.491097046647826,298.02240656400875,279.3950460729386,1.713912439083287,75.0,100.0,9.0,120.0,0.0,13.00580183385941,111.11139512101965,23.0,15.06202667077989,100.0,1.0,0.0,1.0,2.0,2.0,0.936642141614997,1.6109577175144576,,,,,,1.0,2
150.4,14.852832932330655,11.603864805529529,0.19426309652389395,14.520247408800524,77981.54497015728,87535.03267667649,6.524078955724842,297.89077740470515,230.3608019572896,1.7037529299131302,75.0,100.0,9.0,120.0,0.0,16.015096210007773,57.23727306666285,23.0,1.506202667077989,0.0,0.9,-4000.0,1.0,2.0,2.0,1.003637901590199,1.6011926066812965,,,,,,1.0,2
150.6,15.023495857053662,11.564765271127133,0.19428561500250055,14.509098255572493,77298.35720829158,86766.05143210411,6.547737495316228,297.9910644449908,267.3662525833856,1.6889288583514712,75.0,100.0,9.0,120.0,0.0,5.699977973374516,17.171181919998855,23.0,75.73660959472329,0.0,0.9,-4000.0,1.0,2.0,2.0,1.0045446151179023,1.5869487338934878,,,,,,1.0,2
150.79999999999998,15.196308974432226,11.544288988029184,0.19444550212106443,14.498160310331642,76614.09227776206,85996.0070148883,6.5654021081294225,297.88506574876294,228.61223602052632,1.6738739227966422,75.0,100.0,9.0,120.0,0.0,0.0,48.6615821897682,23.0,7.573660959472329,0.0,0.9,-4000.0,1.0,2.0,2.0,0.9871369439878875,1.5724887618475558,,,,,,1.0,2
151.0,15.371644139849439,11.52491391688982,0.1944788896198774,14.487158572289635,75929.83907943574,85225.99947290467,6.583472345086281,298.1219782809973,314.4624239825262,1.6588035618972758,75.0,100.0,9.0,120.0,0.0,0.0,14.598474656930458,23.0,128.51980137694977,0.0,0.9,-4000.0,1.0,2.0,2.0,0.9866573838861421,1.558019752823833,,,,,,1.0,2
151.2,15.549563539948227,11.524337866196227,0.1946512303738244,14.476138557337134,75245.6379707097,84456.0770214639,6.601913172929004,297.98187858671474,264.1585817216414,1.643735314142131,75.0,100.0,9.0,120.0,0.0,0.0,92.81825407811242,23.0,12.851980137694978,0.0,0.9,-4000.0,1.0,2.0,2.0,0.9675891776706599,1.543558549780327,,,,,,1.0,2
151.4,15.727954020212207,11.51905298762099,0.19480049172812924,14.465156803861348,74561.53643995094,83686.19901557473,6.620686996008358,297.8621214224612,221.55387616453814,1.628670852166815,75.0,100.0,9.0,120.0,0.0,0.0,47.28120109626319,23.0,1.2851980137694978,0.0,0.9,-4000.0,1.0,2.0,2.0,0.9516074238531027,1.5291067512284078,,,,,,1.0,2
151.6,15.906220568407221,11.515571301025863,0.19495854407349036,14.454142401598537,73877.47575403797,82916.27796619116,6.639841816353928,297.9734460626841,260.7957091868642,1.6136104328239427,75.0,100.0,9.0,120.0,0.0,0.0,14.184360328878956,23.0,75.7591423094401,0.0,0.9,-4000.0,1.0,2.0,2.0,0.9344480821118158,1.5146645957339429,,,,,,1.0,2
151.79999999999998,16.087896543246938,11.504144896677277,0.19505090387508733,14.443119419725463,73193.47594905534,82146.47789962574,6.6593607405508175,297.86803495160854,223.97860266506223,1.5985541572440989,75.0,100.0,9.0,120.0,0.0,0.0,48.31909327997734,23.0,7.57591423094401,0.0,0.9,-4000.0,1.0,2.0,2.0,0.926080377485836,1.500232172238763,,,,,,1.0,2
152.0,16.27423145294162,11.486271615816996,0.19507772418028416,14.432019932336468,72509.4818018955,81376.7889706791,6.6792966942615255,298.1339944255239,316.0232469443222,1.5835021092744177,75.0,100.0,9.0,120.0,0.0,0.0,14.4957279839932,23.0,134.16659633666666,0.0,0.9,-4000.0,1.0,2.0,2.0,0.9264839502177089,1.4858095529819695,,,,,,1.0,2
152.2,16.462827050851526,11.485214352567715,0.19523651572947778,14.420895643777582,71825.53903001786,80607.16070202453,6.699581461017758,297.97662192046005,262.08008165119503,1.5684542773220815,75.0,100.0,9.0,120.0,0.0,0.0,102.09364050317892,23.0,13.416659633666667,0.0,0.9,-4000.0,1.0,2.0,2.0,0.9092258867358154,1.4713967186897408,,,,,,1.0,2
152.4,16.65386506623187,11.475084770469651,0.19525462292547116,14.409818481364647,71844.83947137457,80637.6695067429,6.677578043866217,297.8491904781426,218.5460660814036,1.5640997544343942,75.0,100.0,9.0,120.0,0.0,0.0,50.830221158932474,23.0,1.3416659633666668,0.0,0.9,0.0,1.0,2.0,2.0,0.907958425750581,1.4672270218415768,,,,,,1.0,2
152.6,16.84235113161027,11.46841167928882,0.19524893887490521,14.398717742201974,71864.12618253317,80668.0682548652,6.657205960407193,297.9748597694769,261.4889562428418,1.5637226558238275,75.0,100.0,9.0,120.0,0.0036637505569685354,0.0,15.249066347679742,23.0,79.87843195969053,0.0,0.9,0.0,1.0,2.0,2.0,0.9088192792274916,1.4668659516525655,,,,,,1.0,2
152.79999999999998,17.029915985598976,11.459702376724952,0.19522336150179329,14.387623159384683,71883.42215188575,80698.44526218857,6.638231162065106,297.8588999735977,221.85389652338316,1.5636796536567796,75.0,100.0,9.0,120.0,0.0050151706421270705,0.0,53.90535060574281,23.0,7.987843195969053,0.0,0.9,0.0,1.0,2.0,2.0,0.912253779935952,1.466824777503939,,,,,,1.0,2
153.0,17.22167868955943,11.456349880149249,0.19523872305961448,14.376455332258411,71902.6632911914,80728.9306893594,6.620527329584589,298.1635731515996,326.0171067312259,1.5636649228011081,75.0,100.0,9.0,120.0,0.006290184502184021,0.0,16.171605181722843,23.0,148.33061748352918,0.0,0.9,0.0,1.0,2.0,2.0,0.9102018403224074,1.466810672866454,,,,,,1.0,2
153.2,17.41348073981683,11.446343247423655,0.19520469307855146,14.365282520493912,71921.90385606821,80759.41910341392,6.603903696934096,297.98124237038655,263.66526594931054,1.56365281892166,75.0,100.0,9.0,120.0,0.0074919542993100215,0.0,116.86229907138852,23.0,14.833061748352918,0.0,0.9,0.0,1.0,2.0,2.0,0.9147592038531885,1.4667990835348537,,,,,,1.0,2
153.4,17.6032194550121,11.431233803724787,0.1951227276051359,14.35417177529472,71941.19721923274,80789.88645151214,6.588203006329659,297.8455657491201,217.25593101081245,1.5636411833083899,75.0,100.0,9.0,120.0,0.008637699333452596,0.0,57.8071239028516,23.0,1.4833061748352918,0.0,0.9,0.0,1.0,2.0,2.0,0.9257299199653264,1.4667879425664756,,,,,,1.0,2
153.6,17.794303520083922,11.429152022319313,0.1951420204234137,14.343039041472924,71960.47577208425,80820.3956371029,6.573376527270009,297.97970216077425,263.1501050574375,1.5636298431372944,75.0,100.0,9.0,120.0,0.009737216650962846,0.0,17.34213717085548,23.0,83.8142651554945,0.0,0.9,0.0,1.0,2.0,2.0,0.9231516013311962,1.4667770844839474,,,,,,1.0,2
153.8,17.987202760484006,11.433567302255454,0.1952277241442283,14.331911639368599,71979.76094255116,80850.98957741882,6.559313737109479,297.8678720294993,224.87840636585534,1.5636187799730585,75.0,100.0,9.0,120.0,0.0107878773193522,0.0,58.84548944303627,23.0,8.38142651554945,0.0,0.9,0.0,1.0,2.0,2.0,0.9116860893326226,1.466766491635422,,,,,,1.0,2
154.0,18.17834623074192,11.425924474339238,0.19521989047911809,14.320709820498674,71998.9890220089,80881.46222858217,6.545990510892463,298.18254940101525,332.5978165048287,1.5636080069257041,75.0,100.0,9.0,120.0,0.011800701741522495,0.0,17.65364683291088,23.0,152.3542258391849,0.0,0.9,0.0,1.0,2.0,2.0,0.9127373141889198,1.4667561765733503,,,,,,1.0,2
154.2,18.3693763695836,11.42255648371075,0.19523796416675163,14.309500935146698,72018.21020318825,80911.9238677519,6.533314609201377,298.01124403812264,273.9423601165267,1.5635975276511627,75.0,100.0,9.0,120.0,0.0,0.0,122.10126709669231,23.0,15.23542258391849,0.0,0.9,0.0,1.0,2.0,2.0,0.9103212950372146,1.4667461427980042,,,,,,1.0,2
154.4,18.559565401724544,11.425598565667242,0.19531152406617017,14.29835834633817,72037.48528782358,80942.40917344308,6.521179462392812,297.86474507492585,223.7678314341606,1.563587357119739,75.0,100.0,9.0,120.0,0.0,0.0,67.48643915044417,23.0,1.5235422583918492,0.0,0.9,0.0,1.0,2.0,2.0,0.9004783365292452,1.4667364046430245,,,,,,1.0,2
154.6,18.749586399267045,11.417523404562562,0.19529921650769436,14.287189447545993,72056.74045193329,80972.86724638831,6.509584605956478,298.0251960752016,278.7346675654634,1.5635774906192612,75.0,100.0,9.0,120.0,0.0,0.0,20.24593174513325,23.0,95.66077240115894,0.0,0.9,0.0,1.0,2.0,2.0,0.9021283953919752,1.4667269575963289,,,,,,1.0,2
154.8,18.938820088310386,11.410181501757442,0.19528315092473417,14.276028790086235,72076.0028387441,81003.30676405445,6.498467791991019,297.8976965186499,235.0452357781319,1.5635679310620552,75.0,100.0,9.0,120.0,0.0,0.0,71.62820937396941,23.0,9.566077240115893,0.0,0.9,0.0,1.0,2.0,2.0,0.9042813283231721,1.4667178044462028,,,,,,1.0,2
155.0,19.126023515013543,11.414289088660759,0.19535838388373436,14.26478284431161,72095.21309717471,81033.6241721414,6.4879026729797085,298.2547932314643,357.43940142345366,1.5635586704986724,75.0,100.0,9.0,120.0,0.0,0.06396410303053614,21.48846281219082,23.0,170.45152267843673,0.0,0.9,0.0,1.0,2.0,2.0,0.8942130273734754,1.4667089375809341,,,,,,1.0,2
155.2,19.310266350622094,11.438012396420405,0.19548947676631864,14.253358468155616,72115.27477294533,81064.68441760907,6.482229665743652,298.0637346700907,291.93827807174637,1.5635497035941093,75.0,100.0,9.0,120.0,0.0,4.366892787282599,141.80669485666246,23.0,17.045152267843672,0.0,0.9,0.0,1.0,2.0,2.0,0.876662596723083,1.466700351892119,,,,,,1.0,2
155.4,19.49384196736855,11.462921530398019,0.19556906455515613,14.241761588581639,72136.7089582361,81097.11094853427,6.48378082413918,297.9021786157636,236.53641900745976,1.5635410493778055,75.0,100.0,9.0,120.0,0.0,10.931655394368342,82.76801201657096,23.0,1.7045152267843673,0.0,0.9,0.0,1.0,2.0,2.0,0.866005566651118,1.4666920655999804,,,,,,1.0,2
155.6,19.67852246741625,11.487645463214069,0.19565954417442644,14.229932322319758,72159.3155178921,81130.7692072526,6.491519382952057,298.07655253382984,296.35120567146936,1.5635327100121232,75.0,100.0,9.0,120.0,0.0,16.865998996151156,24.830403604971288,23.0,103.03446481857608,0.0,0.9,0.0,1.0,2.0,2.0,0.8538870808298504,1.4666840807747432,,,,,,1.0,2
155.8,19.86349631833236,11.490260629053187,0.19565469687575598,14.218022546069257,72182.49194947751,81165.01619337479,6.502084504933044,297.9372533928413,248.5529246038885,1.5635247105412267,75.0,100.0,9.0,120.0,0.0,19.698206153018205,82.53277383641148,23.0,10.303446481857609,0.0,0.9,0.0,1.0,2.0,2.0,0.8545386286056031,1.4666764213956347,,,,,,1.0,2
156.0,20.048734209296338,11.465883241107814,0.19553509436845642,14.206113318129958,72205.32578603725,81198.93315767449,6.511586006583493,298.3137912336139,377.79334129112846,1.5635170065677255,75.0,100.0,9.0,120.0,0.0,18.301615415477524,24.759832150923444,23.0,180.46531708128043,0.0,0.9,0.0,1.0,2.0,2.0,0.8705619127706011,1.4666690449525945,2684.361616793368,84.7640250767327,3559.978348470494,14.432019932336468,23.280605609025166,1.0,2
156.2,20.23306174268368,11.44637688369904,0.19555586492657648,14.1944180736833,72227.1107918394,81231.7533996885,6.515334267854099,298.0955246924689,302.8549993946119,1.5635096118795422,75.0,100.0,9.0,120.0,0.0,13.104747692535938,153.35713300644716,23.0,18.046531708128043,0.0,0.9,0.0,1.0,2.0,2.0,0.8677819299536509,1.4666619646471815,,,,,,1.0,2
156.4,20.41862425153884,11.40579489562351,0.19545526628375348,14.18307987539623,72247.62428457751,81263.33578110335,6.511205532225403,297.91843680525056,242.03822828537798,1.5635025149033936,75.0,100.0,9.0,120.0,0.0,6.419187755739098,86.99831376614998,23.0,1.8046531708128044,0.0,0.9,0.0,1.0,2.0,2.0,0.8812563528894299,1.466655169397976,,,,,,1.0,2
156.6,20.60251472587668,11.388130622597302,0.19548691693906803,14.171926750055329,72267.12062162661,81293.83222481262,6.501579374360238,298.08499955643447,299.2558974614845,1.563495742965539,75.0,100.0,9.0,120.0,0.0,1.3979761965572957,26.09949412984499,23.0,101.87068359529621,0.0,0.9,0.0,1.0,2.0,2.0,0.8770197539831208,1.4666486853692973,,,,,,1.0,2
156.8,20.785523771598964,11.378152899724245,0.195484738085985,14.160831801247443,72286.39359285528,81324.07305437286,6.491041080973185,297.93735039459483,248.52245966892045,1.5634892844799892,75.0,100.0,9.0,120.0,0.0,0.23242464750094483,81.83318263932557,23.0,10.187068359529622,0.0,0.9,0.0,1.0,2.0,2.0,0.8773132568425568,1.4666425014675712,,,,,,1.0,2
157.0,20.970383906630953,11.378635573153662,0.19544344388803672,14.149536713682474,72306.2099839273,81354.94453931146,6.484087531770024,298.31089623335123,376.9082659931717,1.5634831218189063,75.0,100.0,9.0,120.0,0.0,3.2808007536270027,24.54995479179767,23.0,180.29854006822683,0.0,0.9,0.0,1.0,2.0,2.0,0.8828445811653219,1.4666366008142608,,,,,,1.0,2
157.2,21.154197811709263,11.410054124060016,0.1955802691145964,14.13801695838299,72327.18676062023,81386.949630756,6.482988578655261,298.0866698294965,299.82302226357655,1.5634772406538462,75.0,100.0,9.0,120.0,0.0,9.104448204518224,152.1812776738589,23.0,18.029854006822685,0.0,0.9,0.0,1.0,2.0,2.0,0.8645217296714524,1.4666309696899649,,,,,,1.0,2
157.4,21.33871120270269,11.439896344674002,0.19570879467019228,14.126352262160879,72349.48059851972,81420.32078256684,6.488853352110934,297.9192723396747,242.25822955252113,1.5634716551895906,75.0,100.0,9.0,120.0,0.0,15.361265654425512,83.68018330397058,23.0,1.8029854006822685,0.0,0.9,0.0,1.0,2.0,2.0,0.8473045504403889,1.4666256216954134,,,,,,1.0,2
157.6,21.518270677906923,11.46699219611052,0.1958809954402321,14.114549326926403,72372.54617979017,81454.28066305794,6.499091545588952,298.0673389645381,293.1906716534474,1.5634663629611678,75.0,100.0,9.0,120.0,0.0,19.260851286068004,25.104054991191173,23.0,93.98836135187787,0.0,0.9,0.0,1.0,2.0,2.0,0.8242272961481901,1.4666205544703088,,,,,,1.0,2
157.8,21.69966200463667,11.463209307416237,0.19591637988331875,14.102791320863561,72395.57934494961,81488.28482279311,6.508962569313111,297.9286848421911,245.48073478446992,1.5634613899113452,75.0,100.0,9.0,120.0,0.0,19.060308853373677,74.41523448053518,23.0,9.398836135187787,0.0,0.9,0.0,1.0,2.0,2.0,0.8194850863209343,1.4666157928543186,,,,,,1.0,2
158.0,21.880995443214765,11.444247958057149,0.1959258541613848,14.09114390723675,72417.72450925034,81521.3893247532,6.5152660993723375,298.27078325974793,363.22787725965975,1.5634566828179095,75.0,100.0,9.0,120.0,0.0,14.913959535741704,22.324570344160552,23.0,167.29115896227512,0.0,0.9,0.0,1.0,2.0,2.0,0.8182161757168376,1.46661128588791,,,,,,1.0,2
158.2,22.066154660638723,11.416062298696954,0.1959283176507644,14.079762018813394,72438.52963389685,81553.28716851825,6.513469371215866,298.0694747746747,293.9204488002245,1.5634522392284416,75.0,100.0,9.0,120.0,0.0,8.248533727900309,138.7141119010347,23.0,16.729115896227512,0.0,0.9,0.0,1.0,2.0,2.0,0.8178870894297209,1.466607031222836,,,,,,1.0,2
158.4,22.254477960460857,11.38371177557059,0.1958732692614562,14.068693503100281,72458.21093065043,81584.17187439658,6.5050055468163315,297.90456494324224,237.12959890810575,1.563448065270514,75.0,100.0,9.0,120.0,0.0,2.3193603421269673,76.85131865963766,23.0,1.6729115896227513,0.0,0.9,0.0,1.0,2.0,2.0,0.8252678694840687,1.4666030347260588,,,,,,1.0,2
158.6,22.44772971866586,11.362433265689145,0.19580033806662286,14.057702091420063,72477.41739677449,81614.77533416617,6.494076314277051,298.05649370625355,289.4636511128108,1.5634441696044246,75.0,100.0,9.0,120.0,0.0,0.0,23.055395597891295,23.0,95.08415817261633,0.0,0.9,0.0,1.0,2.0,2.0,0.8350443171678655,1.4665993046895853,,,,,,1.0,2
158.8,22.64319270895965,11.354073401244303,0.1957134898136221,14.046652662286707,72497.00074297898,81645.85759978215,6.485502552516112,297.9150600347283,240.7320957761731,1.5634405528332065,75.0,100.0,9.0,120.0,0.0,1.8355149574005953,73.12882794412137,23.0,9.508415817261634,0.0,0.9,0.0,1.0,2.0,2.0,0.8466837182490812,1.4665958416907272,,,,,,1.0,2
159.0,22.84288526670109,11.371170908714143,0.1957362396707573,14.035334383087507,72517.57861692777,81678.11688897005,6.48267862732287,298.2651689740328,361.39362050134747,1.5634371747609044,75.0,100.0,9.0,120.0,0.0,7.095495882003653,21.93864838323641,23.0,170.52911320886443,0.0,0.9,0.0,1.0,2.0,2.0,0.8436361833302646,1.4665926072424489,,,,,,1.0,2
159.2,23.040624814040235,11.402296713341867,0.19585864527678543,14.02377111584533,72539.42285383561,81711.5860425008,6.486150584428506,298.05958803302235,290.522641214852,1.5634340472388761,75.0,100.0,9.0,120.0,0.0,13.477146005334362,140.60173628204117,23.0,17.052911320886444,0.0,0.9,0.0,1.0,2.0,2.0,0.8272318942305426,1.4665896126921654,,,,,,1.0,2
159.4,23.23839816132046,11.42635717835093,0.19597157649258673,14.012112999125963,72562.32628114687,81746.13261165653,6.494163518879795,297.89830124035336,234.90506407924977,1.5634311735783544,75.0,100.0,9.0,120.0,0.0,18.46350658878429,76.99433111488125,23.0,1.7052911320886446,0.0,0.9,0.0,1.0,2.0,2.0,0.8120928037332441,1.4665868612102673,,,,,,1.0,2
159.6,23.44168858674066,11.43189332286455,0.19601955050221898,14.000396745082407,72585.57246569719,81781.2469029134,6.50398908264824,298.0503832813056,287.3649942893516,1.5634285634184921,75.0,100.0,9.0,120.0,0.0,20.240021402056488,23.098299334464375,23.0,94.32488559229219,0.0,0.9,0.0,1.0,2.0,2.0,0.8056606656506078,1.466584362026026,,,,,,1.0,2
159.8,23.64722718518609,11.415102695613353,0.1959922471460024,13.988796211888312,72608.39415726221,81816.02365024341,6.51174168520871,297.9200322325637,242.3875749265079,1.563426194689009,75.0,100.0,9.0,120.0,0.0,18.082479823720217,72.9625509212498,23.0,9.432488559229219,0.0,0.9,0.0,1.0,2.0,2.0,0.8093225010050423,1.4665820940074688,,,,,,1.0,2
160.0,23.851240061212604,11.379842861863569,0.1958882485157491,13.977346533383786,72630.10839497579,81849.62867354098,6.513416679061033,298.26281267944773,360.69607992223126,1.563424038682892,75.0,100.0,9.0,120.0,0.0,12.826518875854308,21.88876527637494,23.0,166.08192926913162,0.0,0.9,0.0,1.0,2.0,2.0,0.8232662950512495,1.4665800296680722,,,,,,1.0,2
160.2,24.058346109842866,11.330950773224007,0.19568318593564232,13.966116531068266,72650.62417768007,81882.1449841256,6.509173337413416,298.0862707500456,299.7470650509639,1.5634221054032043,75.0,100.0,9.0,120.0,0.0,6.911718175921294,138.12686103806988,23.0,16.608192926913162,0.0,0.9,0.0,1.0,2.0,2.0,0.8507490171307015,1.4665781785855663,,,,,,1.0,2
160.4,24.244640430753197,13.03530020034543,0.1983535217147595,13.939779711682377,72750.35052715654,81994.09926451914,6.498124211595286,297.9195215228067,242.13069140068652,1.5634205321461465,75.0,100.0,9.0,120.0,0.0,2.6997453873622232,84.50451752200314,23.0,1.6608192926913163,400.0,0.9,0.0,1.0,2.0,2.0,0.4917522487101429,1.4665766722186908,,,,,,1.0,2
160.6,24.431038709818765,13.036411949226956,0.19855812524518565,13.913489426894616,72850.09937644166,82106.10182886495,6.487880805684836,298.0933255550605,302.2705997396069,1.563419710529953,75.0,100.0,9.0,120.0,0.0,2.924955681929598,25.351355256600943,23.0,106.48949878182015,400.0,0.9,0.0,1.0,2.0,2.0,0.4641451494400607,1.466575885535184,,,,,,1.0,2
160.8,24.620544982308605,13.0579744339588,0.19856574264379326,13.887115258872639,72950.71085665013,82219.11805112222,6.4825481352772005,297.9499344547199,252.58881066550222,1.5634191404529132,75.0,100.0,9.0,120.0,0.0,7.235817102426737,83.54642269371409,23.0,10.648949878182016,400.0,0.9,0.0,1.0,2.0,2.0,0.46311720520654126,1.4665753396961418,,,,,,1.0,2
161.0,24.80751586048974,13.076862827725384,0.19847379298181875,13.86049869494529,73052.53919677442,82333.2910574028,6.484181424217607,298.310401414109,377.6484732643654,1.563418788945614,75.0,100.0,9.0,120.0,0.0,13.672716923341715,25.06392680811423,23.0,180.02786991538568,400.0,0.9,0.0,1.0,2.0,2.0,0.47552616323627667,1.4665750031339018,,,,,,1.0,2
161.2,24.9930321033502,13.113528445845406,0.19854075389449266,13.833742046396608,73155.50918785114,82448.58314634056,6.492180963901893,298.09871579089184,304.1107952884479,1.5634184917979872,75.0,100.0,9.0,120.0,0.0,19.44715280148102,148.62300310190412,23.0,18.002786991538567,400.0,0.9,0.0,1.0,2.0,2.0,0.4664899702891016,1.4665747186201232,,,,,,1.0,2
161.4,25.175316262971933,13.122623098610749,0.19848725897221386,13.807072894937091,73259.05457339366,82564.35726096829,6.502546379975733,297.92208085677555,242.66110110802308,1.5634186210309637,75.0,100.0,9.0,120.0,0.0,22.01330861473398,84.52801392566079,23.0,1.8002786991538569,400.0,0.9,0.0,1.0,2.0,2.0,0.4737091175978003,1.4665748423584912,,,,,,1.0,2
161.6,25.35896624898968,13.122502880538589,0.19846183806880338,13.780539158960485,73362.26269826262,82679.8575868257,6.510969702416665,298.0733163272106,295.3453873670952,1.5634189488360546,75.0,100.0,9.0,120.0,0.0,20.43287340261366,25.358404177698237,23.0,100.18091700115468,400.0,0.9,0.0,1.0,2.0,2.0,0.4771392551612666,1.4665751562262697,,,,,,1.0,2
161.8,25.542515777967925,13.102324669910375,0.1983647051178797,13.754288406254469,73464.48587521633,82794.37338285401,6.514162964001572,297.9171019995746,240.85649605969948,1.5634192767970436,75.0,100.0,9.0,120.0,0.0,15.486236936379015,75.93743561274242,23.0,10.01809170011547,400.0,0.9,0.0,1.0,2.0,2.0,0.4902439755034086,1.4665754702433202,,,,,,1.0,2
162.0,25.725333505641103,13.077781837843029,0.19825772628214752,13.728288292085999,73565.41025926672,82907.56014913974,6.510123002055648,298.26758184508304,363.2629112552992,1.5634195630154326,75.0,100.0,9.0,120.0,0.0,9.269101464404287,22.781230683822724,23.0,177.19020159738795,400.0,0.9,0.0,1.0,2.0,2.0,0.5046733292265966,1.466575744292546,,,,,,1.0,2
162.2,25.905958581548777,13.075596811668024,0.19829263513694306,13.702506820134042,73665.3926349529,83019.72182945554,6.50126026281993,298.0418852229037,284.33814163187327,1.563419683492572,75.0,100.0,9.0,120.0,0.0,4.680235757961838,141.75970982555825,23.0,17.719020159738797,400.0,0.9,0.0,1.0,2.0,2.0,0.49996518068518914,1.4665758596473526,,,,,,1.0,2
162.4,26.086193808225897,13.091059383813644,0.19839501694728962,13.676911815998652,73765.2284574296,83131.7359512149,6.4916774480645305,297.873936399901,225.53113873524651,1.5634197821879408,75.0,100.0,9.0,120.0,0.0,3.6405079717914663,71.30009552299086,23.0,1.7719020159738799,400.0,0.9,0.0,1.0,2.0,2.0,0.4861546286391711,1.4665759541464858,,,,,,1.0,2
162.6,26.268254666280505,13.118218234824111,0.19847819971365827,13.651288328718925,73865.61554490299,83244.40543833528,6.485467085849808,298.00301100163176,270.7908181271606,1.5634202288187542,75.0,100.0,9.0,120.0,0.0,6.4328528576649795,21.390028656897258,23.0,90.47330689876034,400.0,0.9,0.0,1.0,2.0,2.0,0.474931137021411,1.4665763817878787,,,,,,1.0,2
162.8,26.45082720822703,13.149243703706896,0.19853008171454053,13.625556715033989,73967.05851828807,83358.19038515404,6.485516469527298,297.8652486442059,222.4201909043439,1.5634208984323972,75.0,100.0,9.0,120.0,0.0,11.703610701005863,62.4529974228097,23.0,9.047330689876034,400.0,0.9,0.0,1.0,2.0,2.0,0.46792961292860064,1.4665770229315407,,,,,,1.0,2
163.0,26.63557859570278,13.174782848716038,0.1985373822317768,13.599653770451033,74069.48980365138,83473.08210956599,6.491432697379455,298.1827374895366,334.0447892897443,1.5634216427599013,75.0,100.0,9.0,120.0,0.0,16.94478601059065,18.73589922684291,23.0,163.00062624206936,400.0,0.9,0.0,1.0,2.0,2.0,0.4669441501970581,1.4665777356124654,,,,,,1.0,2
163.2,26.821508649429163,13.184484654728312,0.19847636839675986,13.573733296352444,74172.4862301864,83588.6150853626,6.499528035670955,297.9802897567648,262.77065564079135,1.5634224434813597,75.0,100.0,9.0,120.0,0.0,19.812950475256763,124.24959270434019,23.0,16.300062624206937,400.0,0.9,0.0,1.0,2.0,2.0,0.4751776490587951,1.4665785022896582,,,,,,1.0,2
163.4,27.006442611341324,13.192077318489236,0.19847845305337933,13.547989721030806,74275.46374694353,83704.1108776428,6.507165595667288,297.82519286656407,208.09160408048666,1.5634234290532514,75.0,100.0,9.0,120.0,0.0,19.44447478796875,58.87661441572493,23.0,1.630006262420694,400.0,0.9,0.0,1.0,2.0,2.0,0.4748960810145844,1.4665794459580228,,,,,,1.0,2
163.6,27.1937073155904,13.194303989967732,0.19852534967952265,13.52243935202788,74377.73657728246,83819.0040865329,6.510446827358276,297.9545913935878,253.7708134816465,1.563424367633935,75.0,100.0,9.0,120.0,0.0,16.019709063951808,17.662984324717478,23.0,89.75517497019769,400.0,0.9,0.0,1.0,2.0,2.0,0.46856728290801264,1.4665803446331258,,,,,,1.0,2
163.8,27.377189561040186,13.189455152239853,0.19855312298413616,13.497152684088539,74479.06930743961,83932.81000554327,6.508984624956927,297.81844356189043,205.64576468460834,1.5634252668782036,75.0,100.0,9.0,120.0,0.0,11.291067375067497,56.913435320565405,23.0,8.97551749701977,400.0,0.9,0.0,1.0,2.0,2.0,0.46481876746556017,1.4665812056442988,,,,,,1.0,2
164.0,27.561856815258466,13.19281211242535,0.19862796568501762,13.47201903084004,74579.5094172087,84045.7760757683,6.5029569686293645,298.1445621142779,321.06793960626,1.563426041994551,75.0,100.0,9.0,120.0,0.0,7.150828658776356,17.07403059616962,23.0,166.41870420762493,400.0,0.9,0.0,1.0,2.0,2.0,0.4547165053583017,1.4665819478051034,,,,,,1.0,2
164.2,27.747025873618053,13.183744105329376,0.19854097114690505,13.447012399559075,74679.59710684403,84158.41997029787,6.494925513332805,297.93546024747695,246.96630363036533,1.5634267565992337,75.0,100.0,9.0,120.0,0.0,5.429201951266761,123.79767347846834,23.0,16.641870420762494,400.0,0.9,0.0,1.0,2.0,2.0,0.46645840016377216,1.4665826320270254,,,,,,1.0,2
164.4,27.933849648349774,13.190907490397052,0.1984824161268509,13.421901528942398,74779.87504336998,84271.33981654649,6.4885365454692145,298.5180598292163,453.69420226043974,1.5634274283328744,75.0,100.0,9.0,120.0,0.0,6.922259843943965,37.1393020435405,23.0,280.9658221202301,400.0,0.9,0.0,1.0,2.0,2.0,0.47436021859027,1.4665832752006605,,,,,,1.0,2
164.6,28.116276629303,13.212085513410333,0.19847698180153228,13.396701499278196,74880.94306374891,84384.90668942899,6.486078410414985,298.16949743488215,329.853805840014,1.5634280313951143,75.0,100.0,9.0,120.0,0.0,10.967021739292253,237.28418102501715,23.0,28.09658221202301,400.0,0.9,0.0,1.0,2.0,2.0,0.47509335712407724,1.466583852622596,,,,,,1.0,2
164.8,28.294280795346914,13.230258755722717,0.19842530214517828,13.371507356678745,74983.10902201483,84499.42608681337,6.487878186705088,297.91146250230673,238.065323868188,1.5634283426122955,75.0,100.0,9.0,120.0,0.0,15.990406876001483,132.08790171229177,23.0,2.809658221202301,400.0,0.9,0.0,1.0,2.0,2.0,0.48206636871153974,1.4665841506078081,,,,,,1.0,2
165.0,28.46914848415224,13.252533209616042,0.19843167435018966,13.346243482569514,75086.13019619406,84614.70456028091,6.4938315191273,298.13577918545,317.9643101680853,1.5634284756224002,75.0,100.0,9.0,120.0,0.0,20.29027448647153,39.626370513687526,23.0,140.06528244002376,400.0,0.9,0.0,1.0,2.0,2.0,0.4812065853822991,1.4665842779627456,,,,,,1.0,2
165.2,28.646096939345874,13.281207948195192,0.19856027591961117,13.320991733734429,75189.5220561286,84730.45949661222,6.5011400127354655,297.9303830734982,244.7071445791478,1.5634286254649488,75.0,100.0,9.0,120.0,0.0,22.201413780126856,115.63073202893926,23.0,14.006528244002377,400.0,0.9,0.0,1.0,2.0,2.0,0.463852453757566,1.4665844214344648,,,,,,1.0,2
165.4,28.827078116826414,13.291234238465472,0.19860746218069883,13.295783750667818,75292.63072708179,84846.10848837561,6.5076062886495665,298.4310161645243,423.5172314547818,1.563429043147649,75.0,100.0,9.0,120.0,0.0,21.18880824056708,34.689219608681775,23.0,247.25212170066365,400.0,0.9,0.0,1.0,2.0,2.0,0.45748338305455793,1.466584821358626,,,,,,1.0,2
165.6,29.011790826218427,13.28980793332153,0.19862840209583557,13.270750019714553,75394.98779615597,84961.16593503334,6.5104612597940825,298.13921116462495,319.16695436319776,1.5634293242345416,75.0,100.0,9.0,120.0,0.0,17.588524961491082,206.33747210850365,23.0,24.725212170066367,400.0,0.9,0.0,1.0,2.0,2.0,0.4546567002054985,1.466585090494601,,,,,,1.0,2
165.8,29.196761671919393,13.277129280098057,0.19858455676613576,13.246075421566559,75496.48898034079,85075.3814398255,6.5082743496014945,297.91557463865115,239.08167668724764,1.5634297380345805,75.0,100.0,9.0,120.0,0.0,12.851734247249002,118.07310513019635,23.0,2.472521217006637,400.0,0.9,0.0,1.0,2.0,2.0,0.46057494352799916,1.4665854867011867,,,,,,1.0,2
166.0,29.378781648165106,13.274642584742297,0.19859199219222745,13.22159355741232,75597.20677413732,85188.69833322345,6.503051754874649,298.1208476600373,312.6790098970082,1.563430033879217,75.0,100.0,9.0,120.0,0.0,8.997541405253735,35.4219315390589,23.0,129.09788521727157,400.0,0.9,0.0,1.0,2.0,2.0,0.4595712564212988,1.4665857699674587,,,,,,1.0,2
166.2,29.563335107840846,13.274718214943569,0.19856974662448243,13.197232842281522,75697.55895310007,85301.76972551584,6.49652469947349,297.9406824447631,248.00104768232686,1.563430171877319,75.0,100.0,9.0,120.0,0.0,7.232903380510201,104.75244681151145,23.0,12.909788521727158,400.0,0.9,0.0,1.0,2.0,2.0,0.4625737874204026,1.466585902098325,,,,,,1.0,2
166.4,29.749251005295115,13.291839099272886,0.19862786115852457,13.172849149101046,75798.02084604229,85415.02541490606,6.491036965579493,298.3819831464419,406.628361731513,1.5634303312852103,75.0,100.0,9.0,120.0,0.0,8.081912116066153,31.42573404345343,23.0,221.98377778769049,400.0,0.9,0.0,1.0,2.0,2.0,0.454729447040257,1.466586054728706,,,,,,1.0,2
166.6,29.933173525575103,13.30591794615577,0.19859953097818706,13.148405305363609,75899.05888270645,85528.80451267125,6.4888985907268015,298.1168793664409,311.20460940471605,1.5634307546106088,75.0,100.0,9.0,120.0,0.0,11.125271297134242,182.80130691579802,23.0,22.19837777876905,400.0,0.9,0.0,1.0,2.0,2.0,0.4585534830696304,1.466586460055674,,,,,,1.0,2
166.8,30.11424413820292,13.326401331643781,0.19860437332252476,13.123979151646777,76000.9458446326,85643.34430901388,6.4904453438741845,297.9175010749534,239.35305726431122,1.56343105376357,75.0,100.0,9.0,120.0,0.0,15.01894840036622,102.35511554444318,23.0,2.219837777876905,400.0,0.9,0.0,1.0,2.0,2.0,0.45789977695482564,1.4665867464896196,,,,,,1.0,2
167.0,30.29515512521637,13.354866893656117,0.19869716861951026,13.099519489685795,76103.4830506376,85758.55707210606,6.494245444839547,298.08471416079567,299.6910301876311,1.5634311972991963,75.0,100.0,9.0,120.0,0.0,18.290634777060035,30.706534663332953,23.0,112.3924429997709,400.0,0.9,0.0,1.0,2.0,2.0,0.44537257607274156,1.466586883922576,,,,,,1.0,2
167.2,30.478836608132365,13.375226572359123,0.1987618073267372,13.07507344178699,76206.35889521302,85874.25060678895,6.500159625802803,297.93271756530055,244.77239378056504,1.5634313346864757,75.0,100.0,9.0,120.0,0.0,20.041958059754545,86.79667677582285,23.0,11.239244299977091,400.0,0.9,0.0,1.0,2.0,2.0,0.4366447060548376,1.4665870154685938,,,,,,1.0,2
167.4,30.661414123512024,13.379281790046242,0.19874172760094505,13.050681845139788,76309.06063296871,85989.73874796394,6.50606168811567,298.2958613234267,376.15235302133476,1.5634314742475492,75.0,100.0,9.0,120.0,0.0,19.420429396318838,26.03900303274685,23.0,187.65541382481484,400.0,0.9,0.0,1.0,2.0,2.0,0.43935608400518766,1.4665871490959839,,,,,,1.0,2
167.6,30.842664576564843,13.369502421979742,0.1986623570217033,13.026437445998772,76411.12875989011,86104.55588517158,6.509425752031066,298.0855922078489,299.98163641101604,1.5634316149234173,75.0,100.0,9.0,120.0,0.0,16.437358317826355,149.94048275125976,23.0,18.765541382481484,400.0,0.9,0.0,1.0,2.0,2.0,0.4500722985397691,1.4665872837907719,,,,,,1.0,2
167.8,31.02403488512923,13.36570674054437,0.19867102932764558,13.002489432928307,76512.39476339622,86218.57900808947,6.508061933843602,297.91107062684966,236.67923326344024,1.5634317600340473,75.0,100.0,9.0,120.0,0.0,12.112628647439402,85.76885931946407,23.0,1.8765541382481485,400.0,0.9,0.0,1.0,2.0,2.0,0.44890146924412533,1.46658742273177,,,,,,1.0,2
168.0,31.209166238076275,13.359303189392474,0.19864564142955585,12.978738050305019,76612.90122458375,86332.00610905816,6.502814651977428,298.0619360073745,291.4708827993407,1.5634319212970877,75.0,100.0,9.0,120.0,0.0,8.342602537646263,25.73065779583922,23.0,103.34392935484146,400.0,0.9,0.0,1.0,2.0,2.0,0.45232880194498454,1.4665875771384314,2942.8531765559196,92.39386346221887,4196.604456606438,13.47201903084004,22.415131140898403,1.0,2
168.2,31.391716256601406,13.34736643044888,0.19852466653445752,12.955113664905632,76713.06861299337,86444.9991453744,6.495930077184985,297.9192291932243,239.57070638962347,1.563432436365597,75.0,100.0,9.0,120.0,0.0,6.675832241196754,75.75327444127348,23.0,10.334392935484146,400.0,0.9,0.0,1.0,2.0,2.0,0.4686572803772783,1.4665880703079108,,,,,,1.0,2
168.4,31.571805308515085,13.356662227686071,0.19849171927980425,12.931463200231875,76813.40522464384,86558.07732236128,6.4899740548580285,298.24445227595004,357.983979960224,1.5634327368368877,75.0,100.0,9.0,120.0,0.0,7.764534964454191,22.725982332382042,23.0,172.43582517270605,400.0,0.9,0.0,1.0,2.0,2.0,0.4731033920994547,1.466588358004147,,,,,,1.0,2
168.6,31.750508259245077,13.388855373937192,0.19860048105761807,12.90774462174215,76914.40845315922,86671.79766312934,6.487009288130331,298.0490150661673,286.7280415285301,1.5634332081263802,75.0,100.0,9.0,120.0,0.0,11.23477098013167,132.9693417248054,23.0,17.243582517270607,400.0,0.9,0.0,1.0,2.0,2.0,0.45842457283604743,1.4665888092559598,,,,,,1.0,2
168.8,31.928336644872356,13.407522310117022,0.1985887423351726,12.883996050081278,77016.39452077953,86786.49597315447,6.487127011918691,297.88971988894724,228.58138453190745,1.5634334993086576,75.0,100.0,9.0,120.0,0.0,15.887716489302932,72.27129157745358,23.0,1.7243582517270608,400.0,0.9,0.0,1.0,2.0,2.0,0.4600089688910566,1.4665890880581272,,,,,,1.0,2
169.0,32.10659919374264,13.439978423020573,0.19866970083304236,12.860171437341624,77119.29199377056,86902.16682421317,6.491671323967275,298.0200486537195,276.22120792687485,1.5634340243991645,75.0,100.0,9.0,120.0,0.0,20.492887896009442,21.681387473236075,23.0,93.25656450835416,400.0,0.9,0.0,1.0,2.0,2.0,0.4490802050737561,1.4665895908235227,,,,,,1.0,2
169.2,32.28828182130451,13.46327349815214,0.19874950067805108,12.836327058155227,77222.74053680389,87018.5606328015,6.498925965516695,297.89333884160095,229.84981545964297,1.5634343232627221,75.0,100.0,9.0,120.0,0.0,23.27003782707111,63.70402098434721,23.0,9.325656450835416,400.0,0.9,0.0,1.0,2.0,2.0,0.4383057054983185,1.4665898769803936,,,,,,1.0,2
169.4,32.46389375035042,13.469503357627715,0.19873497858856343,12.812526461034992,77326.10815391166,87134.64072478164,6.5070983166277285,298.18017717122933,334.97545826385954,1.5634349739584772,75.0,100.0,9.0,120.0,0.0,23.141515397737674,19.11120629530416,23.0,155.63138749280182,400.0,0.9,0.0,1.0,2.0,2.0,0.4402664349956057,1.4665905000107322,,,,,,1.0,2
169.6,32.637842343769336,13.464365931214527,0.19870968206118092,12.788913394187253,77428.78667487699,87249.97608559173,6.512348623110755,298.0066661445331,271.3029885110022,1.5634357940843198,75.0,100.0,9.0,120.0,0.0,19.739289716873138,115.02096016802057,23.0,15.563138749280183,400.0,0.9,0.0,1.0,2.0,2.0,0.44368180955398573,1.4665912852675707,,,,,,1.0,2
169.8,32.812271648878735,13.458921963781224,0.19872941403073002,12.765612406887001,77530.41463965204,87364.28390124734,6.512106800470995,297.86816510427,220.41244372242835,1.563436652757829,75.0,100.0,9.0,120.0,0.0,14.242689255073719,59.765012406702596,23.0,1.5563138749280183,400.0,0.9,0.0,1.0,2.0,2.0,0.441017336240685,1.4665921074331758,,,,,,1.0,2
170.0,32.98482947314643,13.449676644229642,0.19871925520105835,12.74254192856522,77630.94854219347,87477.41811137521,6.506989854043994,297.9818511221444,262.2362390070901,1.5634374373804292,75.0,100.0,9.0,120.0,0.0,8.851826562983295,17.92950372201078,23.0,84.30454695755671,400.0,0.9,0.0,1.0,2.0,2.0,0.4423887990693067,1.4665928586962838,,,,,,1.0,2
170.2,33.15736015207712,13.43901652370923,0.19864399540112518,12.719647168566818,77730.8146940786,87589.89191524967,6.498980332273191,297.8685495260044,220.50216783966414,1.5634381421653576,75.0,100.0,9.0,120.0,0.0,5.512790699515212,53.24612910077265,23.0,8.430454695755671,400.0,0.9,0.0,1.0,2.0,2.0,0.45254931412568733,1.4665935335161597,,,,,,1.0,2
170.4,33.35363837855137,12.527066951756616,0.19716779389928024,12.704906139966306,77075.31208347171,86852.39604133491,6.520504403217523,298.13290373438986,317.5122699707733,1.5540228439606687,75.0,100.0,9.0,120.0,0.0,5.381663646904482,15.973838730231794,23.0,141.9482072104833,150.0,0.9,-4000.0,1.0,2.0,2.0,0.6539921709948355,1.4575796650440753,,,,,,1.0,2
170.6,33.551440852188215,12.510311528099976,0.19712686935484341,12.690280141146813,76418.76450060078,86113.82684238322,6.536584686740872,297.9758006248144,260.3962221487444,1.540327711648182,75.0,100.0,9.0,120.0,0.0,0.0,103.09640981942454,23.0,14.19482072104833,150.0,0.9,-4000.0,1.0,2.0,2.0,0.6631815718510604,1.444472446903555,,,,,,1.0,2
170.8,33.74906996488085,12.50594490745829,0.197174114135525,12.675662717537644,75762.31507120718,85375.28468237756,6.55293045771186,297.84569608647365,213.51775836105864,1.5264367058133324,75.0,100.0,9.0,120.0,0.0,0.0,51.89707049261503,23.0,1.4194820721048331,150.0,0.9,-4000.0,1.0,2.0,2.0,0.6605694644601675,1.431182616415801,,,,,,1.0,2
171.0,33.94906374252161,12.499658276021961,0.19721079462120028,12.66098861418976,75105.89683810502,84636.80465143934,6.569600854416768,297.96662851114013,256.7254115267449,1.5125375097098075,75.0,100.0,9.0,120.0,0.0,0.0,15.569121147784507,23.0,82.51343730623577,150.0,0.9,-4000.0,1.0,2.0,2.0,0.6593800301013045,1.4178898388780963,,,,,,1.0,2
171.2,34.150561113681135,12.49645067361772,0.19726033714610594,12.646273911706887,74449.52001524734,83898.37221428483,6.586612991529586,297.8494480478432,215.18765410844804,1.4986458845118733,75.0,100.0,9.0,120.0,0.0,0.0,52.48019493803677,23.0,8.251343730623578,150.0,0.9,-4000.0,1.0,2.0,2.0,0.6564603854683939,1.404609185527516,,,,,,1.0,2
171.4,34.352116225698886,12.503597853026235,0.1974157177421362,12.631454753028418,73793.14515210311,83159.87411356006,6.603922592882718,298.14155879271453,317.7187240534786,1.4847630922276174,75.0,100.0,9.0,120.0,0.0,0.0,15.74405848141103,23.0,147.97783052508245,150.0,0.9,-4000.0,1.0,2.0,2.0,0.6393149154408492,1.3913418516177072,,,,,,1.0,2
171.6,34.556437317581725,12.499038701443164,0.19746228858075032,12.616579403774969,73136.79799159213,82421.46245211222,6.621591358902124,297.9700279485476,257.98491070257705,1.4708888741612287,75.0,100.0,9.0,120.0,0.0,0.0,111.75542073086027,23.0,14.797783052508246,150.0,0.9,-4000.0,1.0,2.0,2.0,0.6367925259922638,1.3780875781599309,,,,,,1.0,2
171.8,34.76157176106883,12.49893868753992,0.197547429922217,12.601709675262263,72480.54836770873,81683.11236524973,6.639519480429655,297.8313215952055,210.11790126730284,1.457024175859228,75.0,100.0,9.0,120.0,0.0,0.0,55.69490363353671,23.0,1.4797783052508247,150.0,0.9,-4000.0,1.0,2.0,2.0,0.6290844937350499,1.364847256345653,,,,,,1.0,2
172.0,34.963898176820244,12.514003752491229,0.19777106182281243,12.586783049897575,71824.33840298685,80944.62793038282,6.657747438824161,297.97340042319945,258.7080012265004,1.4431685437805455,75.0,100.0,9.0,120.0,0.0,0.0,16.708471090061014,23.0,88.15977955334225,150.0,0.9,-4000.0,1.0,2.0,2.0,0.602758399770891,1.351620440713124,,,,,,1.0,2
172.2,35.16688545436228,12.522745482578749,0.19793288004597093,12.571796438083652,71168.16706666457,80206.14267379338,6.6762650206183185,297.84610112300373,215.56912292047835,1.4293220758851555,75.0,100.0,9.0,120.0,0.0,0.0,60.4405242182433,23.0,8.815977955334224,150.0,0.9,-4000.0,1.0,2.0,2.0,0.5847372524585223,1.3384072126365445,,,,,,1.0,2
172.4,35.36859305481312,12.533602790237369,0.19807392934099,12.556741811092818,71217.48124069277,80267.55627349926,6.654601144688122,298.1935596361811,332.8155263086951,1.4250901597763057,75.0,100.0,9.0,120.0,0.0,0.0,18.132157265472987,23.0,164.92979667469666,150.0,0.9,0.0,1.0,2.0,2.0,0.566910023901344,1.3343697993573127,,,,,,1.0,2
172.6,35.57006184868204,12.520803157174786,0.19794948690920494,12.541672174732993,71266.7699647395,80328.94347078765,6.634505654231889,297.9796361763492,260.58092690831813,1.4250001200903737,75.0,100.0,9.0,120.0,0.003559196617415155,0.0,133.1888811757645,23.0,16.492979667469665,150.0,0.9,0.0,1.0,2.0,2.0,0.5836711295444108,1.3342839028861297,,,,,,1.0,2
172.8,35.77153388383292,12.531926093254617,0.19803858975295957,12.526682758418945,71316.11924677079,80390.40382425651,6.615711733089175,297.82102419641336,206.9874028815692,1.4249984312437591,75.0,100.0,9.0,120.0,0.004920386665847153,0.0,64.03783504171813,23.0,1.6492979667469667,150.0,0.9,0.0,1.0,2.0,2.0,0.5716883197717149,1.3342822917544694,,,,,,1.0,2
173.0,35.97682199705937,12.533248223970435,0.1980410863956264,12.511702569527122,71365.46408331451,80452.02024041161,6.598104318898895,297.9756578628683,259.27134150288646,1.424998555758103,75.0,100.0,9.0,120.0,0.006214309241811386,0.0,19.211350512515438,23.0,93.93572478181383,150.0,0.9,0.0,1.0,2.0,2.0,0.5713524785287446,1.334282410539086,,,,,,1.0,2
173.2,36.17898951962576,12.548332539119015,0.19816837233662582,12.496731076349828,71414.80354635921,80513.52100577514,6.581546510012952,297.8310449833507,210.3431163378624,1.4249986712390927,75.0,100.0,9.0,120.0,0.007441111816368737,0.0,67.0379626544801,23.0,9.393572478181383,150.0,0.9,0.0,1.0,2.0,2.0,0.5542292001100063,1.3342825207060331,,,,,,1.0,2
173.4,36.38363518792895,12.55007764309989,0.19817568493788343,12.481721190001835,71464.09445073859,80575.07903124292,6.565953424789256,298.2204741156165,342.19019081260814,1.424998790659073,75.0,100.0,9.0,120.0,0.008611580033695967,0.0,20.111388796344027,23.0,182.87124645334393,150.0,0.9,0.0,1.0,2.0,2.0,0.5532452659102738,1.3342826346307117,,,,,,1.0,2
173.6,36.58446208404886,12.541689147310972,0.19808764481573107,12.466697668259508,71513.35892760314,80636.48230910479,6.551206155160822,297.9682715756771,256.7467349993135,1.4249989041457802,75.0,100.0,9.0,120.0,0.009728713668219296,0.0,149.21322290008888,23.0,18.287124645334394,150.0,0.9,0.0,1.0,2.0,2.0,0.565089716053389,1.3342827428951474,,,,,,1.0,2
173.8,36.78236811484618,12.539344228967916,0.19805412966619593,12.451766166003432,71562.69270962536,80697.85305388036,6.537160562863179,297.79730789116354,198.7878464607223,1.4249990116592628,75.0,100.0,9.0,120.0,0.010802709755286305,0.0,67.5504074646058,23.0,1.8287124645334396,150.0,0.9,0.0,1.0,2.0,2.0,0.5695979529736138,1.3342828454612254,,,,,,1.0,2
174.0,36.97829077433957,12.537862537045287,0.19803089242431493,12.43684900197465,71612.02221854278,80759.15108121144,6.5238103036301185,297.95445018709836,252.09642741343995,1.424999104093343,75.0,100.0,9.0,120.0,0.0,0.0,20.26512223938174,23.0,96.32729960109728,150.0,0.9,0.0,1.0,2.0,2.0,0.5727234435034148,1.334282933641804,,,,,,1.0,2
174.2,37.17372916154342,12.539582036866495,0.19803414105477257,12.421941708927328,71661.34555521698,80820.43452650205,6.511079523025739,297.8072374037952,202.1232043353539,1.424999199964187,75.0,100.0,9.0,120.0,0.0,0.0,68.16048788937839,23.0,9.632729960109728,150.0,0.9,0.0,1.0,2.0,2.0,0.5722864730037436,1.334283025100999,,,,,,1.0,2
174.4,37.3686213825104,12.543141820092446,0.19805575657632082,12.40699594018649,71710.61863541346,80881.64804430191,6.498939076450014,298.21422451081514,340.3715733532064,1.4249992952844388,75.0,100.0,9.0,120.0,0.0,0.0,20.448146366813514,23.0,190.16241610497718,150.0,0.9,0.0,1.0,2.0,2.0,0.5693790425490257,1.3342831160349384,,,,,,1.0,2
174.6,37.56533323483044,12.541082891334387,0.19802789061620799,12.39203404406344,71759.86138608975,80942.9073179363,6.4873275209711405,297.956507657196,252.7705548066106,1.4249993871247713,75.0,100.0,9.0,120.0,0.0,0.0,154.7341968057789,23.0,19.01624161049772,150.0,0.9,0.0,1.0,2.0,2.0,0.5731271105252177,1.3342832036490926,,,,,,1.0,2
174.8,37.76449525937951,12.554538455386002,0.19802501430834996,12.377013919820373,71810.08136825653,81005.27093573581,6.481368136248342,297.7866311902439,194.98898726209728,1.424999475313554,75.0,100.0,9.0,120.0,0.0,4.53385534989738,70.80289816010264,23.0,1.901624161049772,150.0,0.9,0.0,1.0,2.0,2.0,0.573513947512018,1.3342832877797288,,,,,,1.0,2
175.0,37.959572195509125,12.591882062672715,0.19810430750456748,12.36177953245015,71861.67883936144,81068.8958106207,6.483143331445213,297.9531291429128,251.6600486976449,1.4249995624757115,75.0,100.0,9.0,120.0,0.0,11.441861021815848,21.240869448030793,23.0,100.01038679218453,150.0,0.9,0.0,1.0,2.0,2.0,0.5628480258066652,1.3342833709309823,,,,,,1.0,2
175.2,38.15141005626258,12.615723922274187,0.19816049709898353,12.346360468112549,71914.50595793263,81133.65290513617,6.491972734275577,297.80625810027436,201.63443484772782,1.424999644886106,75.0,100.0,9.0,120.0,0.0,17.63032414260457,71.95540625509506,23.0,10.001038679218453,150.0,0.9,0.0,1.0,2.0,2.0,0.5552885202956093,1.3342834495491322,,,,,,1.0,2
175.4,38.33834927630806,12.622430995620608,0.19815094678204748,12.330834215509695,71967.8087171584,81198.713993971,6.50333319785914,298.2296026848967,345.93187223670105,1.4249997271539179,75.0,100.0,9.0,120.0,0.0,20.277756458869348,21.586621876528515,23.0,196.38958715898792,150.0,0.9,0.0,1.0,2.0,2.0,0.5565734287649261,1.3342835280312615,,,,,,1.0,2
175.6,38.521791421344986,12.609075038927699,0.19807268392003982,12.315376413843445,72020.69574226267,81263.22600308497,6.513312836766483,297.9879639207258,263.51052076284867,1.4249998039952863,75.0,100.0,9.0,120.0,0.0,18.38097838684119,161.47671515130853,23.0,19.638958715898795,150.0,0.9,0.0,1.0,2.0,2.0,0.5671019742468196,1.3342836013366535,,,,,,1.0,2
175.8,38.704643234293066,12.60087796500408,0.19815288428516026,12.300232479932282,72072.47327213848,81326.58751935067,6.51649186206626,297.81487747611834,204.43055310396664,1.424999878209755,75.0,100.0,9.0,120.0,0.0,12.492103068737547,83.54635781131108,23.0,1.9638958715898795,150.0,0.9,0.0,1.0,2.0,2.0,0.5563127124570263,1.3342836721360267,,,,,,1.0,2
176.0,38.888205965047945,12.558264280018086,0.19798764607083788,12.285351951303506,72122.81255277967,81388.5184847232,6.510962127685536,298.01127772766006,271.514005364454,1.4249999460168674,75.0,100.0,9.0,120.0,0.0,5.3453899620818675,25.063907343393325,23.0,112.08710492716037,150.0,0.9,0.0,1.0,2.0,2.0,0.5785395578783517,1.3342837368228886,,,,,,1.0,2
176.2,39.07140359576757,12.532192838017089,0.19784855949541794,12.270646382766893,72172.15524050673,81449.42484539593,6.499399119243062,297.86091437715936,220.12096686344094,1.4250000141897339,75.0,100.0,9.0,120.0,0.0,0.4246400558427528,87.17804781427971,23.0,11.208710492716037,150.0,0.9,0.0,1.0,2.0,2.0,0.5972414136713475,1.3342838018586736,,,,,,1.0,2
176.4,39.250844106227326,12.537932350729232,0.19789191446863683,12.25590491857997,72221.38225854727,81510.07327138625,6.487954639371595,298.31116372301665,374.11381333559825,1.425000075108649,75.0,100.0,9.0,120.0,0.0,0.13583532337272425,26.153414344283913,23.0,209.2042404180462,150.0,0.9,0.0,1.0,2.0,2.0,0.591412504458543,1.3342838599743094,,,,,,1.0,2
176.6,39.43134744187314,12.562894858233681,0.19798998014097352,12.240997054967371,72271.42759999704,81571.61283663288,6.482619291160973,298.05469391871156,286.3387840713026,1.4250001368115304,75.0,100.0,9.0,120.0,0.0,4.419374056322084,177.40145293727923,23.0,20.920424041804623,150.0,0.9,0.0,1.0,2.0,2.0,0.5782256060072709,1.334283918837836,,,,,,1.0,2
176.8,39.61115383988576,12.586424090885673,0.19801587889073044,12.22598252996334,72322.82859717592,81634.51393901225,6.485983857601374,297.8626333627642,220.56292997069173,1.425000193547093,75.0,100.0,9.0,120.0,0.0,10.82387799861268,97.21113997121992,23.0,2.092042404180462,150.0,0.9,0.0,1.0,2.0,2.0,0.5747424401674572,1.3342839729626232,,,,,,1.0,2
177.0,39.787658516898446,12.606512773414954,0.198046324320496,12.210827480856238,72375.23156590696,81698.31926186668,6.495994438610423,298.06704795486195,290.6181252254497,1.4250002465727323,75.0,100.0,9.0,120.0,0.0,15.869426231607125,29.163341991365975,23.0,118.18518312631826,150.0,0.9,0.0,1.0,2.0,2.0,0.5706474945853584,1.334284023548205,,,,,,1.0,2
177.2,39.96539038575646,12.616990124626742,0.19810249708806613,12.195668536183376,72427.83136419664,81762.38246708132,6.5071764654815265,297.89448169846065,231.43638501888947,1.4250002965217266,75.0,100.0,9.0,120.0,0.0,16.904358605661564,95.97558153835192,23.0,11.818518312631827,150.0,0.9,0.0,1.0,2.0,2.0,0.5630913743258548,1.3342840711987183,,,,,,1.0,2
177.4,40.14646069272805,12.59689161855781,0.19800643092168785,12.18060302577402,72479.68634984043,81825.8255516366,6.513962877190073,298.36340258299776,392.364771414007,1.4250003414024155,75.0,100.0,9.0,120.0,0.0,13.46971536845241,28.792674461505573,23.0,219.9527667910476,150.0,0.9,0.0,1.0,2.0,2.0,0.5760130942066676,1.3342841140141526,,,,,,1.0,2
177.6,40.32506069542595,12.567589778901876,0.19789963195966526,12.16573748876074,72530.27683270557,81887.89245857683,6.5122588376306725,298.07636617276535,293.79005113375916,1.4250003832829872,75.0,100.0,9.0,120.0,0.0,7.329908144039703,187.90769024209362,23.0,21.995276679104762,150.0,0.9,0.0,1.0,2.0,2.0,0.5903747699834359,1.3342841539675245,,,,,,1.0,2
177.8,40.50226440762551,12.537891008329316,0.19777003045533362,12.15116749389558,72579.86221498833,81948.89081345273,6.502821174931969,297.8689437124155,222.50912257462167,1.4250004215922074,75.0,100.0,9.0,120.0,0.0,1.8877755401402503,98.99081894029743,23.0,2.1995276679104765,150.0,0.9,0.0,1.0,2.0,2.0,0.6077975680050143,1.334284190513886,,,,,,1.0,2
178.0,40.68026770196417,12.531250827103067,0.1977430050547181,12.136668425514067,72629.11384563046,82009.58541024369,6.491364649544606,298.0636805635334,289.47450110430066,1.4250004564039833,75.0,100.0,9.0,120.0,0.0,0.23108440670137953,29.69724568208923,23.0,115.66971200404689,150.0,0.9,0.0,1.0,2.0,2.0,0.6114299607961655,1.3342842237237442,,,,,,1.0,2
178.2,40.861854562948295,12.530383187571092,0.1976433393483971,12.122080127521846,72678.93954165431,82071.0155796175,6.484832548067701,297.9028933662294,234.1472815367621,1.4250004877939144,75.0,100.0,9.0,120.0,0.0,3.1532571165787546,93.52251698597306,23.0,11.566971200404689,150.0,0.9,0.0,1.0,2.0,2.0,0.6248235644050679,1.3342842536692185,,,,,,1.0,2
178.4,41.04268008796921,12.562422817483336,0.19773792145013797,12.107275193583712,72729.81377111851,82133.49176456979,6.486749194825785,298.34743813462495,387.2181050251404,1.425000514559529,75.0,100.0,9.0,120.0,0.0,8.673651688093045,28.056755095791917,23.0,209.86421571076298,150.0,0.9,0.0,1.0,2.0,2.0,0.6121131891585574,1.334284279203172,,,,,,1.0,2
178.6,41.22141418619409,12.581133957116323,0.1977963466870008,12.092308377731147,72781.59854865099,82196.82397679782,6.495725791426613,298.0880921060463,297.8563673555506,1.4250005392422767,75.0,100.0,9.0,120.0,0.0,13.41304585065124,178.98910540563324,23.0,20.9864215710763,150.0,0.9,0.0,1.0,2.0,2.0,0.6042602118960329,1.3342843027501041,,,,,,1.0,2
178.8,41.39857128726789,12.579252770332053,0.1977379102343488,12.07742595726836,72833.68820147835,82260.41813673552,6.507146395836629,297.89162310039217,230.11332170056912,1.4250005603193192,75.0,100.0,9.0,120.0,0.0,14.554529247562844,99.20956983146897,23.0,2.09864215710763,150.0,0.9,0.0,1.0,2.0,2.0,0.6121146842306414,1.3342843228572543,,,,,,1.0,2
179.0,41.5728625940018,12.555879982256283,0.19761108554623294,12.062691588909242,72885.08835275844,82323.2022643984,6.513320892794118,298.0840730148714,296.515999652319,1.4250005775038241,75.0,100.0,9.0,120.0,0.0,11.127848696212387,29.76287094944069,23.0,114.98914430461485,150.0,0.9,0.0,1.0,2.0,2.0,0.6291572536350329,1.3342843392509873,,,,,,1.0,2
179.2,41.74523174043949,12.531398820374015,0.19756042845815588,12.048171696009438,72935.30255620516,82384.70439521929,6.509688167934496,297.92315924101695,240.95721571907103,1.4250005911431702,75.0,100.0,9.0,120.0,0.0,5.248455434629096,93.5674752518959,23.0,11.498914430461486,150.0,0.9,0.0,1.0,2.0,2.0,0.635962965678655,1.3342843522626981,,,,,,1.0,2
179.4,41.916341252153074,12.509306995902115,0.19744986508565956,12.033762235082584,72984.58208038726,82445.20982348527,6.499006684177435,298.35517704504707,390.2181337791026,1.4250006017503853,75.0,100.0,9.0,120.0,0.0,0.8423185280536192,28.07024257556877,23.0,205.3222378246626,150.0,0.9,0.0,1.0,2.0,2.0,0.6508139741912665,1.3342843623818055,,,,,,1.0,2
179.6,42.080809511795884,12.508362607936997,0.19743056523921443,12.019335028402347,73033.79852597193,82505.39073772832,6.4885530606048665,298.10928932867006,305.2094291306977,1.4250006087054259,75.0,100.0,9.0,120.0,0.0,0.7141744785308731,175.44170980800573,23.0,20.53222378246626,150.0,0.9,0.0,1.0,2.0,2.0,0.6534059249355277,1.3342843690167991,,,,,,1.0,2
179.8,42.245163287646264,12.527847944421017,0.19748511453564266,12.004874400661565,73083.89791647311,82566.47958279002,6.484673913340088,297.9148729942906,237.9514394095848,1.425000612294792,75.0,100.0,9.0,120.0,0.0,4.7571756949634585,100.68945331697563,23.0,2.0532223782466263,150.0,0.9,0.0,1.0,2.0,2.0,0.6460796732375994,1.334284372440995,,,,,,1.0,2
180.0,42.409948097468515,12.542906102559927,0.1974568417312129,11.990255393971756,73135.108887613,82628.7302774184,6.488980561766542,298.1056469085344,303.99339575299035,1.4250006124493824,75.0,100.0,9.0,120.0,0.0,10.335710009552088,30.20683599509269,23.0,114.56782567844499,150.0,0.9,0.0,1.0,2.0,2.0,0.6498769826426068,1.3342843725884717,3137.2800515230438,90.64382173897909,4778.533141848813,12.285351951303506,21.08204912121015,1.0,2
180.2,42.549031943450885,12.502168513054876,0.1974145574527727,11.976061368735007,73183.87974947029,82687.47692684946,6.499182991244175,297.9420116308671,247.30882123344432,1.4250006110023428,75.0,100.0,8.0,105.0,0.0,14.180456631214431,94.28969620295874,23.0,11.456782567844499,150.0,0.9,0.0,1.0,2.0,2.0,0.6555556598480653,1.33428437120802,,,,,,1.0,2
180.4,42.690217950823666,12.491036926186169,0.19731216560312015,11.96185817254682,73232.55015619323,82746.21137867743,6.508571338514034,298.36304206153875,393.25072935745476,1.425000599591123,75.0,100.0,8.0,105.0,0.0,13.938336553638711,28.28690886088762,23.0,202.67143189068776,150.0,0.9,0.0,1.0,2.0,2.0,0.6693041185995267,1.334284360321905,,,,,,1.0,2
180.6,42.830994625218985,12.490391635389242,0.19740279718839293,11.947781483830049,73280.38719180212,82804.08390080732,6.512082358151553,298.12540641925114,310.8267301226714,1.4250005707455682,75.0,100.0,8.0,105.0,0.0,9.950459659244308,172.5951081826234,23.0,20.267143189068776,150.0,0.9,0.0,1.0,2.0,2.0,0.657134937600159,1.3342843328037235,,,,,,1.0,2
180.8,42.969326217491265,12.467159232262672,0.19733188246030003,11.933981583503927,73327.22077366381,82860.83914373849,6.507025260435238,297.9348383401779,244.68699371544133,1.425000517310903,75.0,100.0,8.0,105.0,0.0,4.570339848963505,101.06716067106231,23.0,2.0267143189068775,150.0,0.9,0.0,1.0,2.0,2.0,0.6666569777565033,1.3342842818279372,,,,,,1.0,2
181.0,43.10827327421094,12.458034008966369,0.19733258663811942,11.920304554133732,73373.38207438432,82916.93238390301,6.497082039588315,298.1189731825232,308.6330034700601,1.4250004332063568,75.0,100.0,8.0,105.0,0.0,1.228946950818273,30.32014820131869,23.0,111.86100578553987,150.0,0.9,0.0,1.0,2.0,2.0,0.6665624557948885,1.3342842015935925,,,,,,1.0,2
181.2,43.24487082687145,12.45466189851991,0.19728235011289846,11.90662327403712,73419.66906683882,82973.06661475752,6.488403882833309,297.9613117816752,253.84339614316468,1.4250003983866537,75.0,100.0,8.0,105.0,0.0,1.8660895393294052,92.832367160154,23.0,11.186100578553988,150.0,0.9,0.0,1.0,2.0,2.0,0.6733069151997995,1.3342841683761724,,,,,,1.0,2
181.4,43.37969363814227,12.47342987297571,0.19731924064098066,11.892874592898846,73466.81917838825,83030.0218230752,6.486157063356756,297.84203822940253,212.36894285524494,1.4250003557380533,75.0,100.0,8.0,105.0,0.0,5.965474783413802,41.51966689462887,23.0,1.1186100578553988,150.0,0.9,0.0,1.0,2.0,2.0,0.668354312779018,1.3342841276901134,,,,,,1.0,2
181.6,43.51194691232062,12.496705009982636,0.1973832017883403,11.878983961113686,73514.95734886473,83087.89323799091,6.491731632970354,297.93883427367075,246.04813243286767,1.4250002565970492,75.0,100.0,8.0,105.0,0.0,10.9492584301326,12.45590006838866,23.0,69.4787364839238,150.0,0.9,0.0,1.0,2.0,2.0,0.6597663520585204,1.3342840331112373,,,,,,1.0,2
181.8,43.64556069444967,12.511063066545018,0.197430618189258,11.865039152462952,73563.64264131691,83146.38397803214,6.501519928146783,297.8630158304207,219.65065165732938,1.4250001162791606,75.0,100.0,8.0,105.0,0.0,13.691230192721317,3.7367700205165977,23.0,0.0001,150.0,0.9,0.0,1.0,2.0,2.0,0.6533989464141629,1.3342838992502957,,,,,,1.0,2
182.0,43.7801047038979,12.506473532308618,0.19742158858929532,11.851142370821007,73612.0680425347,83204.655009375,6.509556962837935,297.99529868895405,265.73690321351995,1.4249999466362395,75.0,100.0,8.0,105.0,0.0,12.51679966920182,1.1210310061549793,23.0,78.07814797844937,150.0,0.9,0.0,1.0,2.0,2.0,0.6546116160484349,1.3342837374137593,,,,,,1.0,2
182.2,43.917496464982456,12.499297068412371,0.19746364861896573,11.83741797027869,73659.61928254836,83262.15191715978,6.510576751531541,297.8946247565742,230.64111880851613,1.4249996986962117,75.0,100.0,8.0,105.0,0.0,8.13651326949272,42.19034916531497,23.0,7.807814797844937,150.0,0.9,0.0,1.0,2.0,2.0,0.6489630229098243,1.3342835008830813,,,,,,1.0,2
182.4,44.055804079993955,12.48689931246688,0.19747769043453747,11.823821144872568,73706.16974931127,83318.6696002842,6.5039790485386755,298.13862903933517,315.7546899912944,1.4249993602978703,75.0,100.0,8.0,105.0,0.0,3.3644573342064366,12.65710474959449,23.0,126.53829219776141,150.0,0.9,0.0,1.0,2.0,2.0,0.6470771646383515,1.334283178056674,,,,,,1.0,2
182.6,44.192374261544714,12.496141366303505,0.1975981665912849,11.810306205455655,73752.29285954172,83374.68107760572,6.494311509696505,297.9891321500618,263.5755938151647,1.424998948958671,75.0,100.0,8.0,105.0,0.0,1.242535415043562,93.6420651665057,23.0,12.653829219776142,150.0,0.9,0.0,1.0,2.0,2.0,0.6308934205937081,1.334282785645901,,,,,,1.0,2
182.8,44.32826546736363,12.478414930186684,0.19741368649280686,11.796797113146571,73798.80787238291,83431.07552373946,6.487836149942531,297.8670058365212,220.92399207139536,1.4249984531779878,75.0,100.0,8.0,105.0,0.0,2.9855174236433357,45.43419522154666,23.0,1.2653829219776143,150.0,0.9,0.0,1.0,2.0,2.0,0.6556732015960013,1.334282312679359,,,,,,1.0,2
183.0,44.46131377600859,12.48373819880335,0.19731921971246447,11.783163108951001,73846.17623472855,83488.23500514567,6.488815661285917,297.96578435990426,255.44319739176362,1.4249979015437613,75.0,100.0,8.0,105.0,0.0,7.306334419578198,13.630258566463997,23.0,71.29669966114507,150.0,0.9,0.0,1.0,2.0,2.0,0.6683577821536478,1.3342817864294712,,,,,,1.0,2
183.2,44.59400905985723,12.503760247818796,0.19736773164082325,11.769441498987383,73894.33420437716,83546.19469824864,6.496601306632868,297.8590044747402,218.1052052000227,1.4249972413170942,75.0,100.0,8.0,105.0,0.0,11.219857646471349,43.637515354728265,23.0,7.129669966114507,150.0,0.9,0.0,1.0,2.0,2.0,0.6618444488138717,1.3342811565842092,,,,,,1.0,2
183.4,44.72529520815505,12.491759329364264,0.19724858374572607,11.755682801853483,73942.60433215246,83604.22014388708,6.5053811395044105,298.1074900464003,305.04901079627535,1.4249964949774927,75.0,100.0,8.0,105.0,0.0,12.010944011468762,13.09125460641848,23.0,128.56521680169178,150.0,0.9,0.0,1.0,2.0,2.0,0.6778407476058532,1.3342804445886531,,,,,,1.0,2
183.6,44.85632782886719,12.483560216918187,0.19722734193387842,11.742039031340203,73990.32914431981,83661.67782130318,6.508838534315738,297.9531137387827,250.99977118284104,1.4249956623437,75.0,100.0,8.0,105.0,0.0,9.297505383094638,94.33229377064914,23.0,12.856521680169179,150.0,0.9,0.0,1.0,2.0,2.0,0.6806922646512669,1.3342796502698908,,,,,,1.0,2
183.8,44.98742704118207,12.473782453039444,0.19723795192226054,11.728594182109621,74037.28223071621,83718.35998040032,6.505356008275794,297.83245666356635,208.72980602651975,1.4249947431130672,75.0,100.0,8.0,105.0,0.0,5.217354611008441,43.239702595133835,23.0,1.285652168016918,150.0,0.9,0.0,1.0,2.0,2.0,0.6792683495062353,1.3342787733392074,,,,,,1.0,2
184.0,45.11555254866624,12.471368649501423,0.19727641530020032,11.71523944410844,74083.6863585369,83774.36512453234,6.4976393765018505,297.9398600512028,246.37951070816035,1.4249937265066495,75.0,100.0,8.0,105.0,0.0,2.5404572616108236,12.97191077854015,23.0,74.3514155423646,150.0,0.9,0.0,1.0,2.0,2.0,0.6741054227195392,1.334277803513675,,,,,,1.0,2
184.2,45.24432195660887,12.472248307167463,0.1972684198679115,11.70188923060608,74130.17250785252,83830.48806373216,6.490772396462849,297.86375300876813,219.6844464152753,1.4249926115392988,75.0,100.0,8.0,105.0,0.0,2.9516907446997958,3.891573233562045,23.0,0.0001,150.0,0.9,0.0,1.0,2.0,2.0,0.6751790447687374,1.3342767398534858,,,,,,1.0,2
184.4,45.37344703526353,12.481668959688063,0.19725731157203208,11.688434207224041,74177.26224600016,83887.25334935027,6.488795598664559,298.0017301916362,268.11019749084943,1.4249913951285953,75.0,100.0,8.0,105.0,0.0,6.101925430087048,1.1674719700686134,23.0,80.82393111945083,150.0,0.9,0.0,1.0,2.0,2.0,0.6766705348054364,1.334275579418072,,,,,,1.0,2
184.6,45.50022337879927,12.489272266864843,0.19721284864841496,11.67488531071369,74225.14103257345,83944.73425952792,6.492053025326374,297.8931884374359,229.9917283872387,1.4249900864435672,75.0,100.0,8.0,105.0,0.0,10.031967642525307,44.23114070662751,23.0,8.082393111945084,150.0,0.9,0.0,1.0,2.0,2.0,0.6826391108931487,1.3342743309545415,,,,,,1.0,2
184.8,45.62779609295377,12.483365890832781,0.1970871276334109,11.661236126991051,74273.49524890345,84002.74619712745,6.499359311580152,298.1478032912957,319.46442254512584,1.4249886676725334,75.0,100.0,8.0,105.0,0.0,12.653472443191683,13.269342211988251,23.0,132.6502751965582,150.0,0.9,0.0,1.0,2.0,2.0,0.6995112865840917,1.3342729774708602,,,,,,1.0,2
185.0,45.757018573062446,12.483875809835892,0.19707642559528324,11.647629201577365,74321.78776242163,84060.76828971422,6.506488137916751,297.98280578827183,261.44724591655154,1.424987149046577,75.0,100.0,8.0,105.0,0.0,12.346762091652831,97.92009635396097,23.0,13.26502751965582,150.0,0.9,0.0,1.0,2.0,2.0,0.7009476619756186,1.33427152872732,,,,,,1.0,2
185.2,45.887288784385895,12.472144926381244,0.19704967251412225,11.634196935493483,74369.49585287135,84118.24203339039,6.509089489910714,297.8581229074605,217.57843013778276,1.4249855260438813,75.0,100.0,8.0,105.0,0.0,9.192993972761485,44.62896983036656,23.0,1.326502751965582,150.0,0.9,0.0,1.0,2.0,2.0,0.704537576499057,1.3342699804101952,,,,,,1.0,2
185.4,46.01416888944567,12.45490048693942,0.19699956999011198,11.620910337701652,74416.35887076563,84174.71655370604,6.50502876512682,297.9501535932791,249.9783605336596,1.424983786872098,75.0,100.0,8.0,105.0,0.0,5.009652993085995,13.388690949109966,23.0,69.15987682570729,150.0,0.9,0.0,1.0,2.0,2.0,0.7112596775722432,1.3342683212697997,,,,,,1.0,2
185.6,46.142421640114286,12.44007179877711,0.19692562849069514,11.607728305547662,74462.7193510337,84230.73825417567,6.49710533499539,297.84661605662694,213.50527306562418,1.4249819463743718,75.0,100.0,8.0,105.0,0.0,2.4632276353808122,40.75400819238005,23.0,6.915987682570729,150.0,0.9,0.0,1.0,2.0,2.0,0.7211784252972815,1.334266565466255,,,,,,1.0,2
185.8,46.26858459131754,12.430126228019356,0.19681034676514808,11.594499682181345,74509.15986136398,84286.76158213738,6.49029963824662,298.08504781794176,297.5479122738848,1.4249800112475342,75.0,100.0,8.0,105.0,0.0,3.0875754552433214,12.226202457714015,23.0,125.49972931728368,150.0,0.9,0.0,1.0,2.0,2.0,0.7366387222509772,1.3342647193882393,,,,,,1.0,2
186.0,46.394318901936984,12.44412591709866,0.19681947125130492,11.581186964324129,74556.2667366919,84343.45683527867,6.488727044370978,297.93215964845626,243.62514148886183,1.4249779782161855,75.0,100.0,8.0,105.0,0.0,6.426634849144328,89.50979375972628,23.0,12.54997293172837,150.0,0.9,0.0,1.0,2.0,2.0,0.735415798102845,1.3342627799110904,,,,,,1.0,2
186.2,46.51779896656803,12.457535174118464,0.19682581076097996,11.567699248633321,74604.08552703475,84400.80117884274,6.4933756920856744,298.3620826617896,395.3478264909649,1.4249758463375954,75.0,100.0,8.0,105.0,0.0,10.383050433076233,26.852938127917884,23.0,208.55225524282508,150.0,0.9,0.0,1.0,2.0,2.0,0.734566310958405,1.3342607461354752,,,,,,1.0,2
186.4,46.639347517773366,12.467395407997829,0.19684872285893099,11.554169105289859,74652.31150431633,84458.49351018261,6.501901179445553,298.1127845363007,307.3142756760894,1.4249736134083468,75.0,100.0,8.0,105.0,0.0,12.470558211088877,173.77902581617013,23.0,20.85522552428251,150.0,0.9,0.0,1.0,2.0,2.0,0.7314945368878936,1.3342586159593874,,,,,,1.0,2
186.6,46.75777448069123,12.466192565809493,0.19686650288897584,11.540789385479348,74700.34924388865,84515.8714414109,6.507454787251038,297.91901213881755,238.84415611956592,1.4249713194995626,75.0,100.0,8.0,105.0,0.0,11.144324427653771,98.12484973960755,23.0,2.0855225524282512,150.0,0.9,0.0,1.0,2.0,2.0,0.729110835206079,1.3342564276100028,,,,,,1.0,2
186.8,46.87879009539071,12.449921741794991,0.19681375645906324,11.527526506443587,74747.6619382719,84572.60612267551,6.507114815078083,298.0940697085123,300.73817749259257,1.4249689170534472,75.0,100.0,8.0,105.0,0.0,7.611747121992314,29.437454921882264,23.0,110.12960984881437,150.0,0.9,0.0,1.0,2.0,2.0,0.7361845024502084,1.33425413571802,,,,,,1.0,2
187.0,47.00370791235571,12.443251850569832,0.19682700020288474,11.514397887779094,74794.30590427264,84628.81556017314,6.501594557728951,297.93252455438846,243.5865137600217,1.4249664357367797,75.0,100.0,8.0,105.0,0.0,4.225451258423556,88.24856465334561,23.0,11.012960984881438,150.0,0.9,0.0,1.0,2.0,2.0,0.7344093380815443,1.3342517685850495,,,,,,1.0,2
187.2,47.1268545814572,12.449426276689561,0.19689828624253686,11.501252026480326,74840.64297686919,84684.644662564,6.494533515488795,298.32161320540104,381.3206733117755,1.424963866885106,75.0,100.0,8.0,105.0,0.0,3.0524597878186706,26.474569396003684,23.0,193.97159243647934,150.0,0.9,0.0,1.0,2.0,2.0,0.7248503912597232,1.3342493179453678,,,,,,1.0,2
187.4,47.25170741754406,12.463738142020903,0.19697513468250868,11.48807213420577,74887.30769236249,84740.8835449919,6.490142009943697,298.07345957766773,293.42496286687975,1.4249612130975158,75.0,100.0,8.0,105.0,0.0,4.701244149342945,159.39141344083674,23.0,19.397159243647934,150.0,0.9,0.0,1.0,2.0,2.0,0.7145436008926245,1.3342467862784788,,,,,,1.0,2
187.6,47.376663677480195,12.465039194365268,0.19690245751556443,11.474885490584128,74934.72623088419,84797.91103704565,6.4909766229832,297.89257704552057,229.31611369066937,1.4249585099901756,75.0,100.0,8.0,105.0,0.0,8.098375882948101,82.92074219279209,23.0,1.9397159243647935,150.0,0.9,0.0,1.0,2.0,2.0,0.7242923947863241,1.334244207561594,,,,,,1.0,2
187.8,47.50178243319971,12.483466976777871,0.19696184357179616,11.46162031054682,74982.74224435848,84855.56284693455,6.496761174364316,298.0365000001985,280.35615712710535,1.4249557258469412,75.0,100.0,8.0,105.0,0.0,11.152001205239458,24.876222657837626,23.0,96.63168579950275,150.0,0.9,0.0,1.0,2.0,2.0,0.7163279207613072,1.3342415515380837,,,,,,1.0,2
188.0,47.62520739437345,12.491159090340602,0.19700597298657185,11.448374138898451,75030.91487664382,84913.31125894006,6.503452738232085,297.8886126343216,227.8770530208126,1.424952895814735,75.0,100.0,8.0,105.0,0.0,11.8850580071258,71.85790021984467,23.0,9.663168579950275,150.0,0.9,0.0,1.0,2.0,2.0,0.7104089965828992,1.334238851737504,,,,,,1.0,2
188.2,47.75249618567272,12.47584412333104,0.19692527254586553,11.435155483414837,75078.6377517687,84970.75858614109,6.5073243511020955,298.2342268852099,350.59432409613413,1.4249499835939397,75.0,100.0,8.0,105.0,0.0,9.945900101178225,21.5573700659534,23.0,174.4823217880758,150.0,0.9,0.0,1.0,2.0,2.0,0.7212347301571691,1.3342360735306775,,,,,,1.0,2
188.4,47.88143123700534,12.466168599434784,0.19691313463588966,11.422064820993736,75125.66114337002,85027.56134259512,6.505687530779543,298.0109325386953,271.2605905370491,1.4249470109164262,75.0,100.0,8.0,105.0,0.0,6.46531350129908,137.72641565356417,23.0,17.448232178807583,150.0,0.9,0.0,1.0,2.0,2.0,0.7228634834824963,1.334233237649438,,,,,,1.0,2
188.6,48.010724751269734,12.453939162898282,0.19687126068193558,11.409142222349493,75172.18598800931,85083.87848305676,6.499608282526448,297.8504527940608,214.20941248516846,1.4249440012646506,75.0,100.0,8.0,105.0,0.0,3.65063722652629,66.88126741971979,23.0,1.7448232178807583,150.0,0.9,0.0,1.0,2.0,2.0,0.7284801098979902,1.3342303664956399,,,,,,1.0,2
188.8,48.14012685457847,12.452954062079723,0.19685752536029982,11.396236034248691,75218.62169303824,85140.1142293803,6.4931967206917935,297.98111849120795,260.6895896222233,1.4249409636205692,75.0,100.0,8.0,105.0,0.0,3.2723556169379915,20.064380225915937,23.0,89.1110453692391,150.0,0.9,0.0,1.0,2.0,2.0,0.7303228716764578,1.3342274686379165,,,,,,1.0,2
189.0,48.272020886037474,12.455619561992814,0.19681530609820558,11.38329205669382,75265.50239510213,85196.9182325243,6.490342560094907,297.85406962125955,215.46892338101242,1.4249378903126841,75.0,100.0,8.0,105.0,0.0,5.453598784894416,60.739623603721625,23.0,8.91110453692391,150.0,0.9,0.0,1.0,2.0,2.0,0.7359850237262854,1.3342245367578032,,,,,,1.0,2
189.2,48.401334329130776,12.461455573913051,0.19676895361062946,11.370213104874024,75312.9847860663,85254.23878386442,6.492526498648125,298.17032315435017,328.1005923561711,1.4249347726986954,75.0,100.0,8.0,105.0,0.0,8.767288550515296,18.22188708111649,23.0,160.7067846231173,150.0,0.9,0.0,1.0,2.0,2.0,0.7422007280224275,1.3342215626107121,,,,,,1.0,2
189.4,48.52926535506131,12.48109046969434,0.19685802227711113,11.35708438977029,75360.94923880466,85312.00512653924,6.498208500551361,297.97683519273846,259.15017077779885,1.4249316130547933,75.0,100.0,8.0,105.0,0.0,11.199529350844335,122.80983331922552,23.0,16.07067846231173,150.0,0.9,0.0,1.0,2.0,2.0,0.7302587388683163,1.3342185483680975,,,,,,1.0,2
189.6,48.65651767591995,12.48082029654459,0.1968539398832072,11.344038553700345,75409.0036519878,85369.84591856228,6.504229272199386,297.83071768668634,207.04706759649133,1.4249284581772714,75.0,100.0,8.0,105.0,0.0,11.35649826918255,60.071703353137835,23.0,1.607067846231173,150.0,0.9,0.0,1.0,2.0,2.0,0.7308070333569552,1.3342155386727739,,,,,,1.0,2
189.8,48.784183738498996,12.48897311957989,0.19696568899073968,11.331071609627234,75456.59138037113,85427.23719727469,6.506354394012622,297.96585400158796,255.2637241563978,1.424925291675196,75.0,100.0,8.0,105.0,0.0,9.107610663744698,18.02151100594135,23.0,89.39142742857877,150.0,0.9,0.0,1.0,2.0,2.0,0.7158202654725487,1.3342125178880915,,,,,,1.0,2
190.0,48.91403930202468,12.467373113549241,0.19686789030840235,11.318225839312944,75503.56819595107,85484.09622286333,6.503599719869823,297.8362355490184,208.98896325560796,1.4249220856909866,75.0,100.0,8.0,105.0,0.0,6.019851007570509,59.39133419312729,23.0,8.939142742857877,150.0,0.9,0.0,1.0,2.0,2.0,0.7289379626746939,1.3342094594384377,,,,,,1.0,2
190.2,49.04578132686661,12.449347118199118,0.1967471188838208,11.30540353511865,75550.09144406207,85540.57334889036,6.497913834078335,298.1619174494838,325.32922424017227,1.424918865650773,75.0,100.0,8.0,105.0,0.0,4.041048480209973,17.817400257938186,23.0,164.81383888571946,150.0,0.9,0.0,1.0,2.0,2.0,0.7451322977071592,1.3342063875798769,,,,,,1.0,2
190.4,49.179115689887844,12.459182313652896,0.1968546139322882,11.292555479594382,74889.63086069233,84797.17447565836,6.520230726810777,297.95921697600266,253.3033519234742,1.4157945473624383,75.0,100.0,8.0,105.0,0.0,4.337807074347802,125.00862740095708,23.0,16.481383888571948,150.0,0.9,-4000.0,1.0,2.0,2.0,0.7331623973408998,1.325503007241764,,,,,,1.0,2
190.6,49.31467210603843,12.442427394780081,0.19691469447764332,11.27985766346679,74228.40644134981,84053.03576895433,6.5363832701185185,297.8099514995071,200.72161706404358,1.403093442369713,75.0,100.0,8.0,105.0,0.0,0.0,58.70625415212355,23.0,1.6481383888571948,150.0,0.9,-4000.0,1.0,2.0,2.0,0.7285076638756314,1.313391343830715,,,,,,1.0,2
190.8,49.451296564754024,12.444950240712405,0.19701948223887175,11.26710412264649,73567.21580284691,83308.92572234373,6.552847180856371,297.95216641957825,250.35787431968504,1.390070539506056,75.0,100.0,8.0,105.0,0.0,0.0,17.611876245637063,23.0,90.82047882908324,150.0,0.9,-4000.0,1.0,2.0,2.0,0.7179456883093169,1.3009770366954148,,,,,,1.0,2
191.0,49.58939821679878,12.446375412499878,0.19711890787251718,11.254318742463644,72906.08170620678,82564.89183504684,6.569619940705871,297.81821204053506,204.02432417957004,1.3770289799201958,75.0,100.0,8.0,105.0,0.0,0.0,60.66869597540918,23.0,9.082047882908325,150.0,0.9,-4000.0,1.0,2.0,2.0,0.7081084166487364,1.2885492245018473,,,,,,1.0,2
191.2,49.729791688180825,12.44624803682783,0.19720335830257102,11.241426573932925,72244.92713733495,81820.88342920756,6.586752402343023,298.18016297404523,328.10304006911656,1.3639932087298463,75.0,100.0,8.0,105.0,0.0,0.0,18.200608792622752,23.0,172.7663315991356,150.0,0.9,-4000.0,1.0,2.0,2.0,0.7002784880951086,1.2761312061546963,,,,,,1.0,2
191.4,49.870601926730586,12.448126316006318,0.19729982134774865,11.228489594544326,71583.81821688727,81076.89182291066,6.604200408817336,297.9587497784903,252.8949978556656,1.3509653173764145,75.0,100.0,8.0,105.0,0.0,0.0,137.26129021652088,23.0,17.276633159913562,150.0,0.9,-4000.0,1.0,2.0,2.0,0.6908364879229375,1.2637249651222227,,,,,,1.0,2
191.6,50.01355837820579,12.467598657414838,0.19754172362585248,11.215566979864203,70922.81703581798,80333.04636103597,6.621918552180702,297.8003297211257,199.5825246080813,1.337945515672164,75.0,100.0,8.0,105.0,0.0,0.0,64.91521727543972,23.0,1.7276633159913564,150.0,0.9,-4000.0,1.0,2.0,2.0,0.6618851973972989,1.2513306912244522,,,,,,1.0,2
191.8,50.162328695141554,12.466225259011514,0.19762558917787904,11.202578549335886,70261.84320128575,79589.41108723398,6.639953878469847,297.96723627633145,255.22679917528282,1.3249340055585317,75.0,100.0,8.0,105.0,0.0,0.0,19.474565182631913,23.0,97.02199137094414,150.0,0.9,-4000.0,1.0,2.0,2.0,0.65412958783038,1.2389485665320623,,,,,,1.0,2
192.0,50.31470504696212,12.484354926495655,0.1978511680606223,11.18954934868915,69600.92280321932,78845.91663991455,6.658284357003812,297.8219843896375,207.25490618304008,1.3119309169033606,75.0,100.0,8.0,105.0,0.0,0.0,70.7578417010613,23.0,9.702199137094414,150.0,0.9,-4000.0,1.0,2.0,2.0,0.6273569769189115,1.2265787043142555,3347.633588170799,96.49705190629831,5312.34717487399,11.448374138898451,20.26501054065631,1.0,2
192.2,50.47142675329335,12.487059110639118,0.19796280679708533,11.176394136829435,68939.97261110056,78102.51093998108,6.676964085495411,298.2513932370715,347.73221099313974,1.2989363063802901,75.0,100.0,8.0,105.0,0.0,0.0,21.227352510318386,23.0,191.66316858317072,150.0,0.9,-4000.0,1.0,2.0,2.0,0.6158707881030586,1.2142211480915361,,,,,,1.0,2
192.4,50.624214578418254,12.500024199672435,0.1981151367727524,11.16321373468558,68986.25770612925,78158.9478512544,6.655429821121133,297.9875719572679,261.7065252390456,1.2950586240460984,75.0,100.0,8.0,105.0,0.0,0.0,163.78720863665646,23.0,19.16631685831707,150.0,0.9,0.0,1.0,2.0,2.0,0.5964662287726773,1.2105343881623867,,,,,,1.0,2
192.6,50.77486815962142,12.517225688637257,0.19824962885628866,11.150123735866286,69032.62092873229,78215.39684827716,6.635431429528146,297.80743837786497,202.92659629220563,1.295004744821882,75.0,100.0,8.0,105.0,0.003549377662056469,0.0,78.97554713883846,23.0,1.9166316858317072,150.0,0.9,0.0,1.0,2.0,2.0,0.5784203261928567,1.2104831644047696,,,,,,1.0,2
192.8,50.92570867314067,12.526763757849126,0.19833287157426133,11.137023295535032,69078.96243680119,78271.83745881317,6.6167797228123515,297.9970412894644,264.83666879324056,1.294998574147233,75.0,100.0,8.0,105.0,0.004903224049032928,0.0,23.692664141651537,23.0,105.57262543582294,150.0,0.9,0.0,1.0,2.0,2.0,0.56724056295634,1.2104772978597942,,,,,,1.0,2
193.0,51.07828885675895,12.532058829332751,0.1983741790783384,11.123942435865724,69125.31164164378,78328.36294322522,6.599292368212928,297.8330595975779,211.2576464558009,1.2949960006388852,75.0,100.0,8.0,105.0,0.006182098884853705,0.0,83.23560965891062,23.0,10.557262543582295,150.0,0.9,0.0,1.0,2.0,2.0,0.5616918256707174,1.2104748511904129,,,,,,1.0,2
193.2,51.23166523482403,12.527692770971097,0.19833122259292085,11.110788255866543,69171.57663387195,78384.84130706848,6.582881289077385,298.31640807007545,369.2853612238727,1.294993741570306,75.0,100.0,8.0,105.0,0.007398859391234318,0.0,24.970682897673186,23.0,213.2189256091263,150.0,0.9,0.0,1.0,2.0,2.0,0.5674633867573784,1.2104727034633322,,,,,,1.0,2
193.4,51.3833036860141,12.53207141739472,0.19835229799770568,11.09763993730212,69217.83504514258,78441.25696560928,6.5673867710885565,298.01985312346596,272.2666560824964,1.2949915724992869,75.0,100.0,8.0,105.0,0.008554505601208335,0.0,186.6955035076446,23.0,21.32189256091263,150.0,0.9,0.0,1.0,2.0,2.0,0.5646326942470136,1.210470641298271,,,,,,1.0,2
193.6,51.53751009198299,12.536066605802493,0.19837609045799653,11.084585759252002,69264.17335237906,78497.85878724838,6.552677675174257,297.81764423033775,206.06894684364977,1.2949895297068486,75.0,100.0,8.0,105.0,0.009664315872004153,0.0,92.62423601146855,23.0,2.132189256091263,150.0,0.9,0.0,1.0,2.0,2.0,0.5614367757164895,1.2104686991880669,,,,,,1.0,2
193.8,51.690957680920484,12.5419551510816,0.19841718166571082,11.0715200949199,69310.4874565899,78554.41493376644,6.538720697491249,298.02609389014077,274.3532118566511,1.2949875737436516,75.0,100.0,8.0,105.0,0.01073640198410453,0.0,27.787270803440567,23.0,115.61932123001105,150.0,0.9,0.0,1.0,2.0,2.0,0.5559163272784976,1.210466839627687,,,,,,1.0,2
194.0,51.84406695949658,12.550198904465605,0.1984793723571839,11.058478026023167,69356.80892575934,78610.96983893552,6.525446932814114,297.8405648113154,213.53813008167987,1.2949857140873147,75.0,100.0,8.0,105.0,0.0,0.0,94.3806287716106,23.0,11.561932123001107,150.0,0.9,0.0,1.0,2.0,2.0,0.5475598517462351,1.2104650716276164,,,,,,1.0,2
194.2,51.995129000666545,12.554773262268295,0.19851437743633132,11.045358027456746,69403.04022346619,78667.36414090187,6.512825793092974,298.370086408523,387.22032059072296,1.2949839337697804,75.0,100.0,8.0,105.0,0.0,0.0,28.31418863148318,23.0,234.03880510689618,150.0,0.9,0.0,1.0,2.0,2.0,0.542855887306381,1.2104633790560841,,,,,,1.0,2
194.4,52.1438437514882,12.553231903168028,0.1984928018808717,11.032250445130947,69449.26971258197,78723.67705577562,6.500756824833604,298.00929384684923,268.80572865465206,1.294982237755173,75.0,100.0,8.0,105.0,0.0,0.0,206.411788183615,23.0,23.403880510689618,150.0,0.9,0.0,1.0,2.0,2.0,0.5457560035645648,1.2104617666325386,,,,,,1.0,2
194.6,52.292997980736864,12.551249545222264,0.19846294529789982,11.019253872440052,69495.59376408646,78780.11262143965,6.489156220920731,297.78420880823563,194.88131056837943,1.2949806942999766,75.0,100.0,8.0,105.0,0.0,0.0,91.845182746727,23.0,2.340388051068962,150.0,0.9,0.0,1.0,2.0,2.0,0.5497687496515988,1.2104602992493083,,,,,,1.0,2
194.8,52.4433733691276,12.574941826817689,0.19854720864432665,11.006137915154412,69542.66186454539,78837.35998251743,6.483482567401474,297.9772402811044,258.31763556485623,1.2949792284719694,75.0,100.0,8.0,105.0,0.0,3.8003104825594933,27.5535548240181,23.0,112.33079226524342,150.0,0.9,0.0,1.0,2.0,2.0,0.5384444878998367,1.2104589056673263,,,,,,1.0,2
195.0,52.594097921591,12.590337608154375,0.19851146043834475,10.992866450679399,69590.95105541636,78895.87979151848,6.487040385615877,297.7887105612469,196.3183186658934,1.2949778946284125,75.0,100.0,8.0,105.0,0.0,9.859062229953397,87.74538106218117,23.0,11.233079226524342,150.0,0.9,0.0,1.0,2.0,2.0,0.5432495603869766,1.2104576375647456,,,,,,1.0,2
195.2,52.742104406988695,12.6016677202879,0.19847157003995677,10.979392111326447,69640.07486358106,78955.16289082385,6.497707504298043,298.32135518606214,371.5973496963191,1.2949766734024748,75.0,100.0,8.0,105.0,0.0,14.478977812368843,26.32361431865435,23.0,234.82005298724957,150.0,0.9,0.0,1.0,2.0,2.0,0.5486108163645167,1.210456476529253,,,,,,1.0,2
195.4,52.8924073332169,12.592840319280006,0.1983735521471364,10.96593901953102,69689.26312591137,79014.60691205341,6.508593797841993,297.96382148673797,253.86295850838687,1.2949755494629338,75.0,100.0,8.0,105.0,0.0,14.824985806254329,203.57662882560447,23.0,23.482005298724957,150.0,0.9,0.0,1.0,2.0,2.0,0.5617815768145915,1.210455407985245,,,,,,1.0,2
195.6,53.03948539607108,12.585612725950702,0.19840019596107378,10.952738991003775,69737.74326463607,79073.2137339076,6.513875808268806,297.7502101806906,183.47151359044068,1.2949745974799924,75.0,100.0,8.0,105.0,0.0,10.824658549484031,88.28348734998329,23.0,2.348200529872496,150.0,0.9,0.0,1.0,2.0,2.0,0.5582020850459344,1.2104545029226483,,,,,,1.0,2
195.8,53.18672362772947,12.548079255688824,0.198235851174586,10.939736462789876,69784.98532147532,79130.55837624305,6.50968911277801,297.94933207995086,249.12899917225113,1.2949737081983983,75.0,100.0,8.0,105.0,0.0,4.7237944197995905,26.485046204994987,23.0,112.94141819503253,150.0,0.9,0.0,1.0,2.0,2.0,0.580279132550085,1.2104536574710605,,,,,,1.0,2
196.0,53.33555643626358,12.52342719558949,0.19811758550161723,10.926874818970044,69831.33083637898,79187.04327662187,6.498243223417962,297.86363578171023,220.85346569883095,1.2949729398443723,75.0,100.0,8.0,105.0,0.0,0.31623621492879295,7.945513861498496,23.0,0.0001,150.0,0.9,0.0,1.0,2.0,2.0,0.5961605443000945,1.2104529269869015,,,,,,1.0,2
196.2,53.48218677012247,12.530380025160621,0.19814834553957492,10.913980587956974,69877.66951800472,79243.44165010445,6.48759179793144,298.0933688704791,296.70469276976274,1.2949723351787579,75.0,100.0,8.0,105.0,0.0,0.49517884073694607,2.3836541584495485,23.0,110.70772180670859,150.0,0.9,0.0,1.0,2.0,2.0,0.5920305801323513,1.2104523521234531,,,,,,1.0,2
196.4,53.62706740242596,12.56700768348113,0.19833358318598113,10.90096676442816,69924.89346945465,79300.69330401583,6.4846648128421975,297.9319988136356,243.3922743030923,1.2949718169230047,75.0,100.0,8.0,105.0,0.0,4.922068518137732,77.17063383464223,23.0,11.07077218067086,150.0,0.9,0.0,1.0,2.0,2.0,0.5671521894564826,1.2104518594109897,,,,,,1.0,2
196.6,53.769935127340446,12.587588895111281,0.19836619876604747,10.887738041550312,69973.1633128264,79358.94912746965,6.49138892625742,298.36338234622286,386.0050924892304,1.294971431874915,75.0,100.0,8.0,105.0,0.0,10.500486713620308,23.15119015039267,23.0,196.61516035279362,150.0,0.9,0.0,1.0,2.0,2.0,0.5627706147989807,1.2104514933407826,,,,,,1.0,2
196.8,53.91234726040428,12.603144066214474,0.19841457098407675,10.874449232882185,70022.00163359001,79417.77875927552,6.502929898182779,298.0809932456614,292.5861758741434,1.2949711785055578,75.0,100.0,8.0,105.0,0.0,13.37400245749741,170.63873983066807,23.0,19.661516035279362,150.0,0.9,0.0,1.0,2.0,2.0,0.5562715414760625,1.2104512524592543,,,,,,1.0,2
197.0,54.05992444181792,12.591469362090024,0.19835780672838318,10.861327453399348,70070.56853977827,79476.53622901667,6.511554618719895,297.88465111068905,227.58780684318756,1.294971086582561,75.0,100.0,8.0,105.0,0.0,11.631708307054689,83.60596162590733,23.0,1.9661516035279363,150.0,0.9,0.0,1.0,2.0,2.0,0.563898155121861,1.210451165066872,,,,,,1.0,2
197.2,54.208424739535424,12.563959579102368,0.19824499075124694,10.848383462616283,70118.08973836323,79534.26279247376,6.5111385154977,298.0359364957761,277.7019648645689,1.2949710875677376,75.0,100.0,8.0,105.0,0.0,6.453454312297311,25.081788487772197,23.0,94.98110483942335,150.0,0.9,0.0,1.0,2.0,2.0,0.5790523410074501,1.2104511660034922,,,,,,1.0,2
197.4,54.359231165756064,12.556223707353956,0.19828958031852037,10.835621950107996,70164.62086504596,79591.06533190233,6.501711266044198,297.8740474649046,224.04002164102235,1.2949712149039572,75.0,100.0,8.0,105.0,0.0,1.4625738683465626,74.42222900594601,23.0,9.498110483942336,150.0,0.9,0.0,1.0,2.0,2.0,0.5730632599570933,1.2104512870636837,,,,,,1.0,2
197.6,54.51104508315726,12.552688774922732,0.1982843407807545,10.82284616000519,70210.84284677202,79647.59426902363,6.490542399325326,298.27464021567073,356.91154374658083,1.294971406255791,75.0,100.0,8.0,105.0,0.0,0.2553624399468748,22.326668701783802,23.0,186.00079155825057,150.0,0.9,0.0,1.0,2.0,2.0,0.5737669918273826,1.21045146898435,,,,,,1.0,2
197.8,54.66063642799578,12.569772487955456,0.1983315795707219,10.809988807520181,70257.7165298008,79704.71078711863,6.485058786910531,297.98703183676304,261.4563390631124,1.2949715722596122,75.0,100.0,8.0,105.0,0.0,3.5065439641282565,157.02211538155527,23.0,18.600079155825057,150.0,0.9,0.0,1.0,2.0,2.0,0.5674214155981785,1.2104516268063326,,,,,,1.0,2
198.0,54.807821531822896,12.58323844364333,0.19829357964569028,10.797060678292302,70305.74822529416,79762.93380170739,6.488085997240176,297.80834111370064,202.11131533828134,1.2949717446804625,75.0,100.0,8.0,105.0,0.0,8.933639692585723,65.09178711530811,23.0,1.8600079155825058,150.0,0.9,0.0,1.0,2.0,2.0,0.5725259143694248,1.2104517907290684,,,,,,1.0,2
198.2,54.953268025265636,12.598423272103696,0.19829855942996483,10.78403043078687,70354.61511184665,79821.95623842707,6.497788692430551,297.9382177200863,245.27354010786527,1.2949719248468219,75.0,100.0,8.0,105.0,0.0,13.136376849259555,19.52753613459243,23.0,85.12868656697893,150.0,0.9,0.0,1.0,2.0,2.0,0.5718569573163815,1.2104519620155614,,,,,,1.0,2
198.4,55.101736563559406,12.594105613009923,0.19824486625207383,10.77102383429696,70403.5408599582,79881.16456562522,6.507821969312887,297.85550701289304,217.76621243559813,1.2949721833910086,75.0,100.0,8.0,105.0,0.0,13.451277082092039,5.858260840377729,23.0,0.0001,150.0,0.9,0.0,1.0,2.0,2.0,0.5790687665640911,1.2104522078168714,,,,,,1.0,2
198.6,55.25332984505597,12.572882037944773,0.19814332677641316,10.758129489130031,70451.69804886817,79939.70943673009,6.512275019926822,298.03324494204,276.91316257408386,1.2949723852653865,75.0,100.0,8.0,105.0,0.0,9.760390645606261,1.7574782521133185,23.0,92.03922201616261,150.0,0.9,0.0,1.0,2.0,2.0,0.5927044541675969,1.210452399741461,,,,,,1.0,2
198.8,55.400926929992394,12.567692093579435,0.19822416003448468,10.745428738060012,70498.76532565133,79996.99186904305,6.507251602054562,297.8910785835786,229.5708968186004,1.2949726303648144,75.0,100.0,8.0,105.0,0.0,4.301924933804442,58.27890709526187,23.0,9.203922201616262,150.0,0.9,0.0,1.0,2.0,2.0,0.5818495701006615,1.2104526327606677,,,,,,1.0,2
199.0,55.54887380925299,12.548957586579549,0.1981506470499052,10.732791081179691,70545.0878081501,80053.52827637701,6.496827909577476,298.24647352281636,347.9906164777487,1.2949728048191143,75.0,100.0,8.0,105.0,0.0,0.8726168634422056,17.48367212857856,23.0,167.1475802047287,150.0,0.9,0.0,1.0,2.0,2.0,0.591721418528507,1.2104527986166354,,,,,,1.0,2
199.2,55.697818218569545,12.533318454087855,0.19798216673132762,10.720145063181791,70591.55635209472,80110.26282092459,6.488081811418473,297.9963898488719,264.60710732762914,1.2949730045664534,75.0,100.0,8.0,105.0,0.0,1.6134207344824925,137.07662073827123,23.0,16.71475802047287,150.0,0.9,0.0,1.0,2.0,2.0,0.6143392740189767,1.2104529885190247,,,,,,1.0,2
199.4,55.84864463286915,12.546249878843001,0.1979517864447105,10.707454211142503,70638.93478689075,80168.01091573028,6.48645436405355,297.835338619898,210.87369416852044,1.2949732297822745,75.0,100.0,8.0,105.0,0.0,5.840713356171061,57.37504828876283,23.0,1.6714758020472873,150.0,0.9,0.0,1.0,2.0,2.0,0.6184166356688932,1.2104532026346315,,,,,,1.0,2
199.6,55.99806098410054,12.552383556186573,0.19786445210314443,10.694636611005759,70687.27702870898,80226.71158084874,6.49258207761159,297.9432745554178,246.91002692586142,1.294973483233593,75.0,100.0,8.0,105.0,0.0,10.702955386471215,17.212514486628848,23.0,76.10177451522688,150.0,0.9,0.0,1.0,2.0,2.0,0.6301362026382032,1.2104534435940948,,,,,,1.0,2
199.8,56.146114885139454,12.562463154411525,0.19786667068607955,10.681780208956736,70736.10070647688,80285.86641973432,6.502592748816206,297.8622193455371,219.8305380727981,1.2949737536359571,75.0,100.0,8.0,105.0,0.0,13.103857608677485,5.163754345988655,23.0,0.0001,150.0,0.9,0.0,1.0,2.0,2.0,0.6298384442775361,1.210453700669138,,,,,,1.0,2
200.0,56.29662208092646,12.565127761230674,0.19792723008783394,10.6689797419728,70784.58128804274,80344.76652081672,6.5102512047964085,298.017567070098,271.76042906326927,1.2949739129603888,75.0,100.0,8.0,105.0,0.0,11.49997470331158,1.5491263037965963,23.0,84.02043208274927,150.0,0.9,0.0,1.0,2.0,2.0,0.62171199894639,1.2104538521409482,,,,,,1.0,2
200.2,56.468638209111695,12.59427152837481,0.19791657871388363,10.655925596726844,70834.92784286285,80406.4256670931,6.509587285535781,297.8838645117574,227.03379332854158,1.2949740677766721,75.0,100.0,7.0,120.0,0.0,6.84304982428215,50.58523080905236,23.0,8.402043208274927,150.0,0.9,0.0,1.0,2.0,2.0,0.6231413443592849,1.2104539993268038,,,,,,1.0,2
200.4,56.62320446079348,12.726243289676882,0.19699511090490238,10.639981825793898,70904.3588668927,80487.09283299783,6.500934177604995,298.2002811866003,332.9622446868419,1.4771679232095136,65.0,100.0,7.0,120.0,0.0,2.4723907359681965,15.175569242715708,23.0,152.76002709997402,250.0,0.9,0.0,1.0,2.0,2.0,0.6048110004559825,1.1995407291128901,,,,,,1.0,2
200.6,56.77831489339234,12.724763545799,0.19684159279990915,10.624079183252947,70973.5902625012,80567.58719567853,6.491139396292289,297.9689253686,255.4358677886166,1.4887595795455772,65.0,100.0,7.0,120.0,0.0,1.5736605901381777,120.98701044197722,23.0,15.276002709997403,250.0,0.9,0.0,1.0,2.0,2.0,0.6199758895298916,1.209139243369646,,,,,,1.0,2
200.8,56.93459803803532,12.74766191532728,0.19690228767994702,10.60818514907153,71043.48691609756,80648.8228370287,6.486444703831101,297.8219912826542,206.14745818532012,1.4890874632835662,65.0,100.0,7.0,120.0,0.0,4.583265918376213,46.30667266806978,23.0,1.5276002709997405,250.0,0.9,0.0,1.0,2.0,2.0,0.6128385332740773,1.2094107915229986,,,,,,1.0,2
201.0,57.09301737478113,12.769236673013616,0.1969266521609043,10.592182205151305,71114.35322921803,80731.15435173211,6.489363114333029,297.9094285870075,235.5060061999746,1.489121182708822,65.0,100.0,7.0,120.0,0.0,9.456108579583162,13.892001800420934,23.0,68.14968742090213,250.0,0.9,0.0,1.0,2.0,2.0,0.6099958611842708,1.2094387175540566,,,,,,1.0,2
201.2,57.250401646614534,12.767154074087182,0.1967827193141987,10.576115496369964,71185.95716836133,80814.21657885335,6.497187980664054,297.8269776279996,207.79479258468945,1.48912493121947,65.0,100.0,7.0,120.0,0.0,13.149310089537973,4.16760054012628,23.0,0.0001,250.0,0.9,0.0,1.0,2.0,2.0,0.6267391737404681,1.2094418220279868,,,,,,1.0,2
201.4,57.409797313589436,12.776095428218346,0.19679115274449818,10.560055522728083,71257.64538193101,80897.45574709945,6.50645206481153,297.9822366337589,260.0272427385987,1.489125640962651,65.0,100.0,7.0,120.0,0.0,13.711082175233075,1.2502801620378838,23.0,85.36668873088388,250.0,0.9,0.0,1.0,2.0,2.0,0.625758088600753,1.2094424098292602,,,,,,1.0,2
201.6,57.56805409896222,12.747160881692647,0.19659935730109757,10.54413538082818,71328.70500559337,80980.01780554347,6.5107017194702665,297.846889365797,214.45013986138446,1.4891260710088599,65.0,100.0,7.0,120.0,0.0,10.566428222375759,48.94468039152787,23.0,8.536668873088388,250.0,0.9,0.0,1.0,2.0,2.0,0.6480611650395431,1.209442765988671,,,,,,1.0,2
201.8,57.7256650720579,12.732384339761548,0.1965457285586738,10.528345544447541,71398.74149996157,81061.51369695686,6.507271572306502,298.17688962837815,325.68326091104643,1.489126466138667,65.0,100.0,7.0,120.0,0.0,5.737532749148583,14.683404117458359,23.0,158.985739060514,250.0,0.9,0.0,1.0,2.0,2.0,0.6542954188053363,1.2094430932307156,,,,,,1.0,2
202.0,57.882234665014494,12.708509456538872,0.19639375983428417,10.512690098226132,71468.08823478369,81142.26814768663,6.498483892564493,297.93306659308047,243.42176484127344,1.489126838792722,65.0,100.0,7.0,120.0,0.0,2.294314728506848,123.8069504350616,23.0,15.8985739060514,250.0,0.9,0.0,1.0,2.0,2.0,0.6719571032448253,1.2094434018585993,,,,,,1.0,2
202.2,58.04324258119237,12.72394525284423,0.19647039301973412,10.496979849565951,71537.3629115918,81223.1276700312,6.489949009419552,298.58229538154023,462.64917427061783,1.4891270331819058,65.0,100.0,7.0,120.0,0.0,2.3703674591929005,37.142085130518474,23.0,292.8406080535634,250.0,0.9,0.0,1.0,2.0,2.0,0.6630516174451445,1.2094435628495295,,,,,,1.0,2
202.4,58.20184463377161,12.753988834340994,0.1965943700464301,10.481180214046514,71607.30703613746,81304.59544168573,6.487148596132596,298.13601782329476,311.8006308086182,1.4891272913292624,65.0,100.0,7.0,120.0,0.0,5.853028070736251,260.44468715438785,23.0,29.284060805356344,250.0,0.9,0.0,1.0,2.0,2.0,0.6486406864153718,1.2094437766442605,,,,,,1.0,2
202.6,58.355734769819634,12.780974483677218,0.1966771145585361,10.465401708470962,71678.2874651197,81386.96452058564,6.491887314441551,297.85921681580317,218.1454057521891,1.4891276745893822,65.0,100.0,7.0,120.0,0.0,10.441259703573078,123.44579045401136,23.0,2.9284060805356344,250.0,0.9,0.0,1.0,2.0,2.0,0.6390199993134978,1.2094440940559747,,,,,,1.0,2
202.8,58.508759629985605,12.808404213914434,0.1968106627809414,10.449582190406675,71749.79353716824,81469.857428692,6.500172996880138,298.05444206667784,284.26280905973084,1.4891281007064487,65.0,100.0,7.0,120.0,0.0,13.121738000333504,37.033737136203406,23.0,123.07333997949061,250.0,0.9,0.0,1.0,2.0,2.0,0.6234881595181555,1.2094444469613328,,,,,,1.0,2
203.0,58.66145207816478,12.796344779951733,0.1967128900269866,10.433840101103533,71821.18518129778,81552.63294643497,6.507022860985836,297.8445872294008,213.1214477055292,1.4891285434235058,65.0,100.0,7.0,120.0,0.0,12.490053750849482,101.1830868367706,23.0,12.307333997949062,250.0,0.9,0.0,1.0,2.0,2.0,0.6348596044615671,1.2094448136146208,,,,,,1.0,2
203.2,58.81448106840974,12.781753188804032,0.1966315715205807,10.418156577230704,71891.81533027608,81634.64583754567,6.5088497149462645,298.3725590486619,392.2726075978505,1.4891289378397286,65.0,100.0,7.0,120.0,0.0,9.125768991532098,30.35492605103118,23.0,244.02840485838158,250.0,0.9,0.0,1.0,2.0,2.0,0.6443151865296496,1.2094451402657043,,,,,,1.0,2
203.4,58.970588754803025,12.782311804739688,0.19669097447890788,10.402627273307504,71961.62506539506,81715.94501551028,6.504096865169769,298.00626509876014,267.86277167142623,1.4891293271589578,65.0,100.0,7.0,120.0,0.0,5.040301754488713,208.25113607821794,23.0,24.40284048583816,250.0,0.9,0.0,1.0,2.0,2.0,0.6374079430212787,1.2094454626955187,,,,,,1.0,2
203.6,59.125287702180216,12.785550076117934,0.19674890431389355,10.387270228280808,72031.08584007242,81796.83666368257,6.496024355490587,297.781305540336,191.3914486827744,1.4891295672867166,65.0,100.0,7.0,120.0,0.0,2.8676224490277495,91.89089904246944,23.0,2.440284048583816,250.0,0.9,0.0,1.0,2.0,2.0,0.6306710208337285,1.209445661566634,,,,,,1.0,2
203.8,59.2788197501665,12.806842425912745,0.1968597102962277,10.37191238565426,72100.75013178535,81877.90522144701,6.490008878539852,297.9601558893203,252.2519054917649,1.4891299184993165,65.0,100.0,7.0,120.0,0.0,3.9239913760859504,27.56726971274083,23.0,111.54417102706421,250.0,0.9,0.0,1.0,2.0,2.0,0.6177821591799336,1.2094459524369705,,,,,,1.0,2
204.0,59.431229082888215,12.815433514322741,0.1968241735302539,10.356503107278122,72171.11630657144,81959.65696708247,6.489655835307749,297.7740670096443,188.86806227105888,1.4891303823159605,65.0,100.0,7.0,120.0,0.0,7.376636805267829,82.7567945630951,23.0,11.154417102706422,250.0,0.9,0.0,1.0,2.0,2.0,0.6219160275986563,1.2094463365647177,3545.9448507230886,102.24135362960105,5810.925711003864,10.6689797419728,19.476369372822074,1.0,2
204.2,59.58075152819589,12.846482320543698,0.1969493298276375,10.340952948918673,72242.11232164713,82041.95794961523,6.495083082613474,298.2689164692717,357.5734505295854,1.489130792695672,65.0,100.0,7.0,120.0,0.0,10.958910704110398,24.82703836892853,23.0,228.48264378310338,250.0,0.9,0.0,1.0,2.0,2.0,0.6073548999795172,1.2094466764365996,,,,,,1.0,2
204.4,59.7338848355881,12.861967405898884,0.1970227189288684,10.325401689265139,72313.38074320041,82124.69283579572,6.502764917200582,297.9510624992036,249.10520888281917,1.489131201595355,65.0,100.0,7.0,120.0,0.0,12.362677140124923,188.4732813996132,23.0,22.84826437831034,250.0,0.9,0.0,1.0,2.0,2.0,0.5988143612668332,1.2094470150827425,,,,,,1.0,2
204.6,59.88446104837087,12.870689019620196,0.19710475146658324,10.31002811143425,72384.40394238848,82207.08695183304,6.507651082522689,297.7486144742288,179.94616898695344,1.4891318349087328,65.0,100.0,7.0,120.0,0.0,10.695121415829004,85.18665837660635,23.0,2.284826437831034,250.0,0.9,0.0,1.0,2.0,2.0,0.589266032485867,1.2094475395858042,,,,,,1.0,2
204.8,60.03793015689026,12.848602260523776,0.19699589971688217,10.294766950682284,72454.67626634716,82288.82439759647,6.506605020660803,297.94985648681694,248.75057887572788,1.4891323519150685,65.0,100.0,7.0,120.0,0.0,7.083260726456691,25.555997512981904,23.0,116.73467850625727,250.0,0.9,0.0,1.0,2.0,2.0,0.6019352859180946,1.2094479677646797,,,,,,1.0,2
205.0,60.192039627396916,12.849222885396003,0.19702736433032353,10.279618757455538,72524.29712047939,82369.93252672073,6.500223984502553,297.8634400109557,219.17621299504523,1.4891328389316936,65.0,100.0,7.0,120.0,0.0,3.9017206904994644,7.66679925389457,23.0,0.0001,250.0,0.9,0.0,1.0,2.0,2.0,0.5982733314991159,1.2094483711064175,,,,,,1.0,2
205.2,60.35140946975867,12.844210005148733,0.19697226844032573,10.264480228626862,72593.74873961507,82451.08492104418,6.4931270465412,298.082103424172,294.0788166728041,1.4891333215928508,65.0,100.0,7.0,120.0,0.0,3.279266804514417,2.300039776168371,23.0,111.21424296816559,250.0,0.9,0.0,1.0,2.0,2.0,0.6046850679992472,1.20944877084101,,,,,,1.0,2
205.4,60.50985666533836,12.855426154562911,0.1969647220696052,10.249309955240966,72663.63933374576,82532.66188899192,6.489557082723524,297.93980008801344,245.2886946995515,1.48913376190599,65.0,100.0,7.0,120.0,0.0,5.489752891718673,73.2660413155863,23.0,11.12142429681656,250.0,0.9,0.0,1.0,2.0,2.0,0.6055631135007357,1.2094491355034505,,,,,,1.0,2
205.6,60.66710136788434,12.864873726843319,0.19691618376527864,10.234021544864309,72734.20013822052,82614.89384272411,6.491722468273329,298.3211930877024,376.1622826860762,1.4891339930120324,65.0,100.0,7.0,120.0,0.0,9.118762403417643,21.979812394675893,23.0,182.66287786453083,250.0,0.9,0.0,1.0,2.0,2.0,0.6112109110419857,1.2094493269029039,,,,,,1.0,2
205.8,60.8250225220311,12.878825660505784,0.19692529796708752,10.218670798092955,72805.28032005568,82697.70012876477,6.498047037146507,298.0902827283692,296.8512502572145,1.4891341186440439,65.0,100.0,7.0,120.0,0.0,11.871380634168203,152.37017560905863,23.0,18.266287786453084,250.0,0.9,0.0,1.0,2.0,2.0,0.6101504186958471,1.2094494309499386,,,,,,1.0,2
206.0,60.98214804777676,12.889924726095055,0.19698021965843523,10.203418789872337,72876.47140161201,82780.60488196557,6.504046147050318,297.9084020146509,234.32127168036078,1.4891342400424696,65.0,100.0,7.0,120.0,0.0,12.090965159156637,81.89039493026962,23.0,1.8266287786453086,250.0,0.9,0.0,1.0,2.0,2.0,0.6037595772976273,1.209449531490765,,,,,,1.0,2
206.2,61.14088408020488,12.88694489095596,0.19697639992620794,10.188269087673937,72947.2259572395,82863.13278123926,6.507671269901301,298.05711799748826,285.4976715786598,1.4891343623581004,65.0,100.0,7.0,120.0,0.0,9.917696115466486,24.567118479080886,23.0,97.04661628226484,250.0,0.9,0.0,1.0,2.0,2.0,0.6042040504023631,1.209449632791211,,,,,,1.0,2
206.4,61.29780154430044,12.859398303760587,0.19680256545731115,10.173260335395181,73017.25506945711,82944.85126434322,6.504860777022842,297.90352633821357,232.59089718064044,1.4891345903315372,65.0,100.0,7.0,120.0,0.0,6.296482382718429,73.80331346026573,23.0,9.704661628226484,250.0,0.9,0.0,1.0,2.0,2.0,0.6244285250904209,1.2094498215962783,,,,,,1.0,2
206.6,61.452697106794176,12.83939299089788,0.19664260870656233,10.158303643735369,73086.73140173078,83025.93080350016,6.498266018999069,298.26469208134677,357.1140772821979,1.48913487064085,65.0,100.0,7.0,120.0,0.0,3.8166403230299135,22.140994038079718,23.0,176.3545393093009,250.0,0.9,0.0,1.0,2.0,2.0,0.6430305257107062,1.2094500537453379,,,,,,1.0,2
206.8,61.609269006366596,12.85464184934048,0.1967096578783741,10.143362188960626,73156.22522552163,83107.11218600029,6.492137091726475,298.030300658902,276.2260604329583,1.4891351439011673,65.0,100.0,7.0,120.0,0.0,3.9748914440972007,144.2773505466024,23.0,17.63545393093009,250.0,0.9,0.0,1.0,2.0,2.0,0.6352339415296764,1.2094502800565,,,,,,1.0,2
207.0,61.761027612469256,12.864813694126791,0.19670141740591338,10.128434806118738,73226.30087856762,83188.7088979731,6.4901161855627745,297.8596909424111,217.29803506088655,1.4891353048809632,65.0,100.0,7.0,120.0,0.0,6.578723342495724,70.62951978015556,23.0,1.7635453930930092,250.0,0.9,0.0,1.0,2.0,2.0,0.6361921830548453,1.2094504133781807,,,,,,1.0,2
207.2,61.91182820130475,12.881664427905836,0.19672334096080393,10.113450897900638,73297.05637994465,83270.97948763848,6.492696508368931,297.997871984842,265.06981240302343,1.4891353844474315,65.0,100.0,7.0,120.0,0.0,9.981409597722674,21.188855934046668,23.0,91.27639063401355,250.0,0.9,0.0,1.0,2.0,2.0,0.6336426451238264,1.2094504792742473,,,,,,1.0,2
207.4,62.06178926819585,12.894050475770062,0.19673492614274263,10.098438340334534,73368.27909028863,83353.710346853,6.498408227976629,297.8571378117494,216.3696375961582,1.4891354671597157,65.0,100.0,7.0,120.0,0.0,12.346804991983594,64.87929878680956,23.0,9.127639063401356,250.0,0.9,0.0,1.0,2.0,2.0,0.6322953123816081,1.2094505477756436,,,,,,1.0,2
207.6,62.21096938204057,12.890052202422842,0.19666539890857038,10.083428044674442,73439.47333155126,83436.38988701321,6.5038983172618945,298.205794749403,337.133677692549,1.4891355405896485,65.0,100.0,7.0,120.0,0.0,12.424805057568708,19.463789636042865,23.0,170.21724897243797,250.0,0.9,0.0,1.0,2.0,2.0,0.6403804596377506,1.2094506085894998,,,,,,1.0,2
207.8,62.360849842166516,12.887614267654584,0.19665290102832902,10.0684893900176,73510.21280081426,83518.63517042351,6.506330924328502,298.00037835103734,265.9170271500552,1.489135617576653,65.0,100.0,7.0,120.0,0.0,10.310564948428949,135.44860736534187,23.0,17.021724897243796,250.0,0.9,0.0,1.0,2.0,2.0,0.6418336407089982,1.2094506723492835,,,,,,1.0,2
208.0,62.50720793760302,12.87458945214167,0.19657905907516413,10.053724967633928,73580.3956424705,83600.17924805524,6.504312889742863,297.83879759364333,209.8458047207079,1.4891356896412267,65.0,100.0,7.0,120.0,0.0,7.229508012239053,69.68232599939182,23.0,1.7021724897243797,250.0,0.9,0.0,1.0,2.0,2.0,0.6504187037511513,1.2094507320323646,,,,,,1.0,2
208.2,62.65994968145409,12.857297595530799,0.19644447162192422,10.03905094113155,73650.11873760489,83681.5156845491,6.49923607831093,298.00001405358023,265.8421957997833,1.489135757806323,65.0,100.0,7.0,120.0,0.0,4.9630874573068695,20.904697799817544,23.0,99.0429348975054,250.0,0.9,0.0,1.0,2.0,2.0,0.6660620804964994,1.2094507884859413,,,,,,1.0,2
208.4,62.81079648720938,12.868427751260201,0.19650073859383557,10.024407027261839,73719.78516283931,83762.72569299449,6.493930499237675,297.86013181602834,217.2113619492511,1.489135822452782,65.0,100.0,7.0,120.0,0.0,4.729636850815593,71.69114192012651,23.0,9.904293489750541,250.0,0.9,0.0,1.0,2.0,2.0,0.6595226824463537,1.2094508420254224,,,,,,1.0,2
208.6,62.96309879313646,12.864679898347834,0.19638732263443773,10.009702348084163,73789.7791922353,83844.33903800699,6.4916986972284825,298.2377244008836,348.604086759877,1.489135883301288,65.0,100.0,7.0,120.0,0.0,6.616030359236641,21.507342576037953,23.0,181.93356496424806,250.0,0.9,0.0,1.0,2.0,2.0,0.6727029878110493,1.209450892419481,,,,,,1.0,2
208.8,63.116736826278604,12.889552043150156,0.19648812673611785,9.994928671840148,73860.29175640427,83926.55308439974,6.493707786354963,298.0247237638353,274.4167376333649,1.4891359402576918,65.0,100.0,7.0,120.0,0.0,9.387082382009337,147.58084423381115,23.0,18.19335649642481,250.0,0.9,0.0,1.0,2.0,2.0,0.6609884943575914,1.2094509395901434,,,,,,1.0,2
209.0,63.26577245822334,12.89059322062246,0.1964176558867282,9.980194942677311,73931.25757471946,84009.06611150602,6.498323237876532,297.8639248230347,218.35900437275407,1.489135991177283,65.0,100.0,7.0,120.0,0.0,11.347905699871763,80.17834509886535,23.0,1.8193356496424808,250.0,0.9,0.0,1.0,2.0,2.0,0.6691782398253485,1.2094509817611847,,,,,,1.0,2
209.2,63.415677202983034,12.90663053334471,0.19651330215693602,9.965492528209168,74002.2383873533,84091.64234515016,6.502743993423791,298.0313431207759,276.7787329682458,1.4891360376238367,65.0,100.0,7.0,120.0,0.0,11.46178267136941,24.053503529659604,23.0,102.38290347002015,250.0,0.9,0.0,1.0,2.0,2.0,0.6580623598596238,1.2094510202277062,,,,,,1.0,2
209.4,63.568001784069864,12.898986087127735,0.19645473637389013,9.950863810879133,74072.87673018001,84173.97940971311,6.5048094761257715,297.8969472222778,229.8384442880312,1.4891360794681174,65.0,100.0,7.0,120.0,0.0,9.810747740782347,77.91598917016792,23.0,10.238290347002016,250.0,0.9,0.0,1.0,2.0,2.0,0.6648690995683618,1.209451054882676,,,,,,1.0,2
209.6,63.72147819783805,12.887357487997399,0.19637632636846372,9.936295809170788,74142.97075678364,84255.81319057466,6.503274172223075,298.2684379929526,359.7080903712936,1.4891361159239573,65.0,100.0,7.0,120.0,0.0,7.338000973387821,23.374796751050376,23.0,180.69988869933104,250.0,0.9,0.0,1.0,2.0,2.0,0.673980632746265,1.2094510850749987,,,,,,1.0,2
209.8,63.87122328608735,12.887490308681741,0.19638090451781964,9.921777469346306,74212.65463428818,84337.08247099663,6.498917461527316,298.0818770211777,294.42848953971804,1.4891361474349287,65.0,100.0,7.0,120.0,0.0,5.485629956571066,148.68260270801778,23.0,18.069988869933105,250.0,0.9,0.0,1.0,2.0,2.0,0.6734486768343095,1.2094511111720363,,,,,,1.0,2
210.0,64.01820395150278,12.89079186269146,0.19637518579385976,9.907343179528539,74282.37421696084,84418.2872112393,6.49432777585315,297.9201595178371,237.79027528138445,1.4891361736533928,65.0,100.0,7.0,120.0,0.0,5.37920972307201,91.59931140134071,23.0,1.8069988869933107,250.0,0.9,0.0,1.0,2.0,2.0,0.67411314512545,1.209451132885878,,,,,,1.0,2
210.2,64.16234882776737,12.895946256731344,0.1963426457548504,9.892887066900423,74352.42850994355,84499.73404779367,6.492264980550022,298.10470561127465,302.48274120525616,1.4891361930611215,65.0,100.0,7.0,120.0,0.0,7.106151477042594,27.479793420402213,23.0,109.4424158923932,250.0,0.9,0.0,1.0,2.0,2.0,0.677893874430522,1.2094511489591437,,,,,,1.0,2
210.4,64.30499532885598,12.939292044711955,0.19662475260046527,9.878348098170783,73714.05180192931,83781.64215709298,6.52170249047566,297.97187965186606,256.0997536399827,1.4800343283795838,65.0,100.0,7.0,120.0,0.0,9.6517268034976,89.36705885031085,23.0,10.94424158923932,250.0,0.9,-4000.0,1.0,2.0,2.0,0.647218272014401,1.201913992734038,,,,,,1.0,2
210.6,64.450515813576,12.91049585752938,0.19669331268907408,9.86404862325749,73073.88536941771,83061.77063335177,6.537579775905906,297.85599623729195,215.98378870342543,1.466508422322094,65.0,100.0,7.0,120.0,0.0,0.28878756399703676,46.08446757636426,23.0,1.094424158923932,250.0,0.9,-4000.0,1.0,2.0,2.0,0.6423867425159598,1.1907166864736423,,,,,,1.0,2
210.8,64.59596825981215,12.925892586018943,0.19685761559121812,9.849700566712551,72433.69923158968,82341.84255419,6.553280064723886,297.97203519801184,255.80198929479818,1.4526362473477017,65.0,100.0,7.0,120.0,0.0,0.0,13.825340272909278,23.0,76.44375463806097,250.0,0.9,-4000.0,1.0,2.0,2.0,0.6265057692945426,1.1792368838541487,,,,,,1.0,2
211.0,64.7444257718631,12.932105831009576,0.1969582152011482,9.835292308435406,71793.54853134275,81622.02678349639,6.56925623757144,297.87057218980175,221.29325626886074,1.438749225632042,65.0,100.0,7.0,120.0,0.0,0.0,49.32776622902549,23.0,7.644375463806097,250.0,0.9,-4000.0,1.0,2.0,2.0,0.6180348963031516,1.1677490114602023,,,,,,1.0,2
211.2,64.89478097842724,12.948071034753996,0.1971368924782022,9.820797547412266,71153.40459062235,80902.25912336801,6.585522144297313,298.147189240762,314.53379542030507,1.4248728199608907,65.0,100.0,7.0,120.0,0.0,0.0,14.798329868707647,23.0,134.66197091167527,250.0,0.9,-4000.0,1.0,2.0,2.0,0.6004826225157681,1.156274132758761,,,,,,1.0,2
211.4,65.04987431697454,12.957448027557716,0.19725876314960875,9.806222393178707,70513.27590297337,80182.65219314485,6.6020717840130905,298.00547106298654,267.1936381678079,1.4110093087319922,65.0,100.0,7.0,120.0,0.0,0.0,106.13864212912691,23.0,13.466197091167528,250.0,0.9,-4000.0,1.0,2.0,2.0,0.5895334633557074,1.144814118898266,,,,,,1.0,2
211.6,65.2020146905494,12.969412759968108,0.1973983618948541,9.791625867939599,69873.23202272749,79462.98120255582,6.618861192430129,297.8748210228482,223.94689426795003,1.3971588968797855,65.0,100.0,7.0,120.0,0.0,0.0,60.69083944297563,23.0,1.3466197091167529,250.0,0.9,-4000.0,1.0,2.0,2.0,0.576519442782223,1.1333691252410383,,,,,,1.0,2
211.8,65.35784377717981,12.989221319620405,0.1976087064330988,9.77696104141295,69233.22072757155,78743.43822589588,6.635914172962253,298.0305669015746,275.02893933769786,1.383321699434185,65.0,100.0,7.0,120.0,0.0,0.0,18.207251832892688,23.0,89.49210247097642,250.0,0.9,-4000.0,1.0,2.0,2.0,0.5552704648701369,1.1219392326768265,,,,,,1.0,2
212.0,65.51920793035401,13.020010454220438,0.1979024526257668,9.762222858628423,68593.2485885522,78024.09182190883,6.653179308432674,297.91079131151184,236.1415028969143,1.3694974589357651,65.0,100.0,7.0,120.0,0.0,0.0,68.22524365134839,23.0,8.949210247097643,250.0,0.9,-4000.0,1.0,2.0,2.0,0.524305096512347,1.11052421446453,,,,,,1.0,2
212.2,65.68369591296391,13.025203075719219,0.19800175771650286,9.74736388586442,67953.25599908919,77304.79580363599,6.67071538294679,298.2687588405243,351.2587436438602,1.355686019312473,65.0,100.0,7.0,120.0,0.0,0.0,20.467573095404518,23.0,160.93612804941316,250.0,0.9,-4000.0,1.0,2.0,2.0,0.5159699546729277,1.0991239278710654,,,,,,1.0,2
212.4,65.84914400450401,13.036727106564568,0.19811399007162608,9.732476204590746,68022.41036964601,77385.52547177953,6.648625654541459,298.08916361452117,293.68175241612806,1.350998684145118,65.0,100.0,7.0,120.0,0.0,0.0,141.51936171186662,23.0,16.093612804941316,250.0,0.9,0.0,1.0,2.0,2.0,0.5039966171664487,1.0952558363769127,,,,,,1.0,2
212.6,66.01257269274181,13.019507037230252,0.19794079162993905,9.717666411247508,68091.62002873226,77466.25455853906,6.628140707824603,297.9334487265713,243.70583727289457,1.350940029116892,65.0,100.0,7.0,120.0,0.003572969130701302,0.0,86.9527087928546,23.0,1.6093612804941317,250.0,0.9,0.0,1.0,2.0,2.0,0.5241766443978421,1.095207435998022,,,,,,1.0,2
212.8,66.1737296347087,13.021029867585334,0.1978967133904178,9.70286025727329,68160.80365558919,77546.88988649858,6.609052312144397,298.1205951960519,303.829928769834,1.3509341271900466,65.0,100.0,7.0,120.0,0.004971704175296882,0.0,26.085812637856378,23.0,102.07862336275895,250.0,0.9,0.0,1.0,2.0,2.0,0.5293088450709221,1.0952025659082674,,,,,,1.0,2
213.0,66.3317016690068,13.016176098548792,0.19781577088968122,9.688081445992907,68229.9881440896,77627.42718616265,6.5911622136486,297.98037111170885,258.7362703125461,1.3509331692665438,65.0,100.0,7.0,120.0,0.006292977840661321,0.0,89.32353351470539,23.0,10.207862336275895,250.0,0.9,0.0,1.0,2.0,2.0,0.5387294933840749,1.095201775459125,,,,,,1.0,2
213.2,66.48869032248209,13.03046477641267,0.19788490814543325,9.673363035565286,68299.20979653043,77707.97675139415,6.574318080198898,297.8595669913007,219.84887782164742,1.3509326157605517,65.0,100.0,7.0,120.0,0.007550726589989146,0.0,44.06494574719176,23.0,1.0207862336275895,250.0,0.9,0.0,1.0,2.0,2.0,0.5306832619046558,1.095201318722938,,,,,,1.0,2
213.4,66.64935454308409,13.042416579104133,0.19795690972896604,9.658656629786714,68368.41454322278,77788.65663426086,6.55842662188901,297.9769596365682,257.6751280705043,1.3509319521313994,65.0,100.0,7.0,120.0,0.008753576044001203,0.0,13.219483724157527,23.0,73.33676252372612,250.0,0.9,0.0,1.0,2.0,2.0,0.5223021990336337,1.0952007711165017,,,,,,1.0,2
213.6,66.81304628147632,13.033846633027524,0.1978616139421139,9.643980467011465,68437.62283079597,77869.46612635948,6.5433750551529695,297.8653475414299,221.6765053783803,1.3509311031394642,65.0,100.0,7.0,120.0,0.009904863601638239,0.0,49.35973941828286,23.0,7.333676252372612,250.0,0.9,0.0,1.0,2.0,2.0,0.5333948081858505,1.0952000705543925,,,,,,1.0,2
213.8,66.9810623828607,13.04365371246873,0.19789438232005155,9.629282385364734,68506.77298145407,77950.38654147084,6.52912812806172,298.166206547444,318.8087232042262,1.350930081773272,65.0,100.0,7.0,120.0,0.0,0.0,14.807921825484856,23.0,139.12202099066496,250.0,0.9,0.0,1.0,2.0,2.0,0.5295811163586918,1.0951992277543536,,,,,,1.0,2
214.0,67.14819264491952,13.053546482460325,0.19794377215573022,9.614605757378689,68575.91563788445,78031.28279398722,6.51556993790542,297.9958059571021,263.7411226937436,1.3509288740374519,65.0,100.0,7.0,120.0,0.0,0.0,114.39190241750596,23.0,13.912202099066498,250.0,0.9,0.0,1.0,2.0,2.0,0.5238322883053466,1.0951982311678456,,,,,,1.0,2
214.2,67.31408854555063,13.04730294411048,0.1978646709104415,9.599998551981438,68645.10387004403,78112.19213814058,6.502617461983431,297.8541817657064,217.92734309747263,1.3509275256798963,65.0,100.0,7.0,120.0,0.0,0.0,59.58000173359538,23.0,1.39122020990665,250.0,0.9,0.0,1.0,2.0,2.0,0.5330398544210879,1.0951971185446385,,,,,,1.0,2
214.4,67.47969308722209,13.063116312076465,0.19794715843607255,9.5853996794733,68714.2700620135,78193.08246376431,6.490240707120189,298.00825931215746,267.8175656697667,1.3509259396079265,65.0,100.0,7.0,120.0,0.0,0.0,17.874000520078614,23.0,88.63075842554552,250.0,0.9,0.0,1.0,2.0,2.0,0.5234387752080437,1.0951958097668542,,,,,,1.0,2
214.6,67.64024767232475,13.084190232221335,0.19801108171133544,9.570739734544658,68784.11093206401,78274.49285267068,6.4831590266570105,297.8797032616233,226.15036859918317,1.3509241402225785,65.0,100.0,7.0,120.0,0.0,3.3648893736313665,66.6247516951487,23.0,8.863075842554553,250.0,0.9,0.0,1.0,2.0,2.0,0.5159972212047157,1.0951943249695009,,,,,,1.0,2
214.8,67.79838785774838,13.101045142510443,0.19797168552391706,9.555884481249196,68855.12123633463,78357.03597654687,6.484952761679135,298.25188643181144,346.90102937264777,1.3509221396899869,65.0,100.0,7.0,120.0,0.0,9.55559314374359,19.98742550854461,23.0,167.7703011434901,250.0,0.9,0.0,1.0,2.0,2.0,0.5205843517967889,1.0951926741917215,,,,,,1.0,2
215.0,67.95786440112467,13.133104836340973,0.19806200376597655,9.540909927351965,68927.21005725845,78440.75476623853,6.494075493382061,298.05044104491054,281.4804967501423,1.3509198815998855,65.0,100.0,7.0,120.0,0.0,15.01440741515917,144.84366191332757,23.0,16.77703011434901,250.0,0.9,0.0,1.0,2.0,2.0,0.5100689864866871,1.095190810885535,,,,,,1.0,2
215.2,68.1175358891581,13.147293950661142,0.19810985108621845,9.5259881552033,68999.71680625278,78524.92465573287,6.505474143894182,297.8837591346533,227.29114722961833,1.350917487144948,65.0,100.0,7.0,120.0,0.0,16.817204573125384,81.99937084903513,23.0,1.6777030114349012,250.0,0.9,0.0,1.0,2.0,2.0,0.5044976325384196,1.0951888350554206,,,,,,1.0,2
215.4,68.28133950130184,13.125573881295363,0.19797337381516608,9.511165560250909,69071.64761736747,78608.65624713304,6.51293478227387,298.0737860390893,289.12980559400717,1.3509148046293986,65.0,100.0,7.0,120.0,0.0,14.062119336705965,24.599811254710538,23.0,104.89077027032113,250.0,0.9,0.0,1.0,2.0,2.0,0.5203895172399845,1.0951866215267523,,,,,,1.0,2
215.6,68.44633043084113,13.106418669827603,0.19790486765836793,9.496541057230672,69142.43109403833,78691.24544722786,6.512351242062524,297.92431751271795,240.44060403454228,1.3509118692264552,65.0,100.0,7.0,120.0,0.0,8.333372334410203,87.0501751615671,23.0,10.489077027032113,250.0,0.9,0.0,1.0,2.0,2.0,0.5283649077599797,1.0951841993234257,,,,,,1.0,2
215.8,68.61161825847057,13.098168203932092,0.19792863822706414,9.482033414199478,69212.04066262931,78772.64559151728,6.503735923220772,298.36049925916774,382.6674100698154,1.3509087103636508,65.0,100.0,7.0,120.0,0.0,2.8526343554596556,26.11505254847013,23.0,194.53395663839723,250.0,0.9,0.0,1.0,2.0,2.0,0.5255987042637338,1.0951815927281732,,,,,,1.0,2
216.0,68.77852423071164,13.074936467867094,0.19775206384743874,9.467594308060354,69281.22731786442,78853.68047851502,6.492543398829741,298.1373509777128,309.83595433225094,1.350905287400376,65.0,100.0,7.0,120.0,0.0,0.8297657763361839,174.8806757483562,23.0,19.453395663839725,250.0,0.9,0.0,1.0,2.0,2.0,0.546149127188727,1.0951787682056788,3653.6982482889807,101.92795809586829,6140.049844433662,9.762222858628423,18.381085482691894,1.0,2
216.2,68.94818608926997,13.096252269541528,0.19780825786958758,9.45317716811023,69350.96915592643,78935.40533084623,6.48505695918481,297.9482641275172,248.05891914075178,1.3509016738151651,65.0,100.0,7.0,120.0,0.0,3.280742089834746,108.14187776681885,23.0,1.9453395663839725,250.0,0.9,0.0,1.0,2.0,2.0,0.5396111410192255,1.0951757863881881,,,,,,1.0,2
216.4,69.11858967963467,13.107733292182301,0.1977450541782205,9.438621695513165,69421.76754568804,79018.26463388362,6.484972095714469,298.17082059780114,320.8427409790512,1.350897877627822,65.0,100.0,7.0,120.0,0.0,8.715084391456774,32.44256333004565,23.0,119.42803695833513,250.0,0.9,0.0,1.0,2.0,2.0,0.5469664467121763,1.0951726538934354,,,,,,1.0,2
216.6,69.28572026006464,13.117153990063223,0.1976482331490614,9.423960797571816,69493.65681273602,79102.1463433219,6.492481626415737,298.01250381751186,269.01554097846946,1.3508938776553008,65.0,100.0,7.0,120.0,0.0,14.171022425676064,108.70260173637385,23.0,11.942803695833513,250.0,0.9,0.0,1.0,2.0,2.0,0.5582312471974508,1.0951693532418838,,,,,,1.0,2
216.8,69.44900120679556,13.126303958161275,0.19761787841673442,9.40931784515441,69566.0766614813,79186.4464210436,6.502973175186666,297.8797139694048,225.50043749495606,1.3508896905788779,65.0,100.0,7.0,120.0,0.0,16.612635634070223,58.81991142698419,23.0,1.1942803695833513,250.0,0.9,0.0,1.0,2.0,2.0,0.5617630318437286,1.0951658981984496,,,,,,1.0,2
217.0,69.61676582170911,13.132833105540572,0.19767612904663648,9.39474999856758,69638.12451716026,79270.53842741308,6.510451918740512,298.01893429394005,271.1687943613157,1.3508852825001825,65.0,100.0,7.0,120.0,0.0,14.85894941680275,17.645973428095257,23.0,83.13487690581817,250.0,0.9,0.0,1.0,2.0,2.0,0.5549882094696604,1.0951622607913214,,,,,,1.0,2
217.2,69.7824905874564,13.129213092191023,0.19773384293695412,9.380352136918194,69709.22630592473,79353.58770380223,6.512166911401594,297.90876839853047,234.99518014020657,1.350880644255057,65.0,100.0,7.0,120.0,0.0,10.123613104848253,62.16218310623776,23.0,8.313487690581818,250.0,0.9,0.0,1.0,2.0,2.0,0.5482748894626103,1.0951584334585918,,,,,,1.0,2
217.4,69.94796982179952,13.104403394751493,0.19763375459108348,9.366084209272243,69779.1878145374,79435.45208075452,6.506089620156687,298.228331113383,340.022932044311,1.3508756886584006,65.0,100.0,7.0,120.0,0.0,4.709341932642754,18.648654931871327,23.0,148.263353156829,250.0,0.9,0.0,1.0,2.0,2.0,0.5599196400995982,1.0951543442579645,,,,,,1.0,2
217.6,70.11197524819468,13.093671690901923,0.19756926583396894,9.351911723831241,69848.53715923606,79516.64139970813,6.496080387610109,298.07592632150056,289.88331313241525,1.3508705293823924,65.0,100.0,7.0,120.0,0.0,1.7410016284045633,126.30285071645142,23.0,14.8263353156829,250.0,0.9,0.0,1.0,2.0,2.0,0.5674214585534298,1.0951500869881883,,,,,,1.0,2
217.8,70.27649950338497,13.102669027514887,0.19757225803413833,9.337780858777927,69918.13890405129,79598.12298999865,6.48790829113063,297.9310339123698,242.1680107299078,1.3508652585174208,65.0,100.0,7.0,120.0,0.0,2.777007860498699,79.88889390748506,23.0,1.4826335315682901,250.0,0.9,0.0,1.0,2.0,2.0,0.5670746938905361,1.095145737639362,,,,,,1.0,2
218.0,70.44110861596822,13.118255019341284,0.19756329660196784,9.323545906428562,69988.57330965469,79680.48478263801,6.485931290662356,298.10621735974536,299.91387175539086,1.3508597653239853,65.0,100.0,7.0,120.0,0.0,7.0733647999108085,23.966668172245516,23.0,99.04863620214934,250.0,0.9,0.0,1.0,2.0,2.0,0.568118178367524,1.095141204832858,,,,,,1.0,2
218.2,70.60593027792308,13.147314132218497,0.19764503678640907,9.309213385165812,70060.0216421656,79763.92600578656,6.490764470937647,297.9736103866297,256.1605863805595,1.3508540561648175,65.0,100.0,7.0,120.0,0.0,12.14847176175685,82.90542229916166,23.0,9.904863620214934,250.0,0.9,0.0,1.0,2.0,2.0,0.5586123357689922,1.0951364938190762,,,,,,1.0,2
218.4,70.77441644715032,13.142448587552654,0.19751015230287067,9.294874879671877,70132.13303430307,79848.20941160018,6.500515827518343,297.8602993089623,218.73493002177602,1.350848243432708,65.0,100.0,7.0,120.0,0.0,15.281816473443902,39.82529170938459,23.0,0.9904863620214934,250.0,0.9,0.0,1.0,2.0,2.0,0.5743009994860574,1.0951316973409775,,,,,,1.0,2
218.6,70.9444027923048,13.146592034115617,0.19750980708467442,9.28058869877932,70204.07405060304,79932.39289384393,6.50887059943039,297.9630243681108,252.69795816640226,1.3508422937767963,65.0,100.0,7.0,120.0,0.0,14.508045248670744,11.947587512815376,23.0,68.60700993822387,250.0,0.9,0.0,1.0,2.0,2.0,0.5743425272610806,1.0951267878785582,,,,,,1.0,2
218.8,71.11758979881112,13.128159769443036,0.19742298862153007,9.266452254974325,70275.19574149267,80015.85785027113,6.510991844963067,297.8655928511748,220.45423728690506,1.3508361207532,65.0,100.0,7.0,120.0,0.0,10.40202973619822,42.99879008763793,23.0,6.8607009938223875,250.0,0.9,0.0,1.0,2.0,2.0,0.5844382608155588,1.0951216941012112,,,,,,1.0,2
219.0,71.293654015287,13.116614362825318,0.1974000276403856,9.252440716166277,70345.28024688188,80098.36302974893,6.50618669281103,298.12194142579267,305.3731842081961,1.3508298000294618,65.0,100.0,7.0,120.0,0.0,5.460791776946244,12.899637026291378,23.0,124.79093972058405,250.0,0.9,0.0,1.0,2.0,2.0,0.587109010178894,1.095116478447394,,,,,,1.0,2
219.2,71.471896198326,13.117552000860616,0.19743834918140118,9.23853170288868,70414.753856239,80180.3294261921,6.497075281764849,297.9831422971208,259.34943151037834,1.3508233834780308,65.0,100.0,7.0,120.0,0.0,2.4506154474120754,97.03036356552374,23.0,12.479093972058406,250.0,0.9,0.0,1.0,2.0,2.0,0.582655429321343,1.095111183720599,,,,,,1.0,2
219.4,71.65398987525732,13.120294683955278,0.1974152677469433,9.22466754167267,70484.3930458145,80262.62512459133,6.488979532997726,297.8621940272246,219.20575307577562,1.3508168757608694,65.0,100.0,7.0,120.0,0.0,3.0885415083944494,51.794853331327175,23.0,1.2479093972058406,250.0,0.9,0.0,1.0,2.0,2.0,0.585340328937652,1.0951058137677645,,,,,,1.0,2
219.6,71.83187460635696,13.133108316419657,0.19739117770764342,9.210717005342127,70554.7851451558,80345.55978319973,6.4860885070565635,297.99516937903195,263.38366074214287,1.3508102568187135,65.0,100.0,7.0,120.0,0.0,6.957709226254183,15.538455999398153,23.0,80.94074668732375,250.0,0.9,0.0,1.0,2.0,2.0,0.5881423441436268,1.095100352036692,,,,,,1.0,2
219.8,72.0045295303107,13.147692181184276,0.1973556351014472,9.19667354093597,70626.18053161354,80429.34921821616,6.489967013536754,297.889595744853,228.27510795815732,1.350803547807805,65.0,100.0,7.0,120.0,0.0,11.97298863163451,57.15434041808574,23.0,8.094074668732375,250.0,0.9,0.0,1.0,2.0,2.0,0.5922754321987305,1.0950948159848528,,,,,,1.0,2
220.0,72.17577212123636,13.168244114911321,0.19740536163698427,9.182532971079231,70698.20765449053,80513.75031141218,6.497986000203596,298.19484835114315,329.8858680615052,1.3507967346396366,65.0,100.0,7.0,120.0,0.0,15.426513051276164,17.14630212542572,23.0,144.1511196530086,250.0,0.9,0.0,1.0,2.0,2.0,0.5864966238256514,1.0950891939869232,,,,,,1.0,2
220.2,72.32231958186998,13.116874462445583,0.197292777024475,9.168795890083162,70767.26229534898,80594.12704889146,6.5066953394731915,298.0567530098225,283.87815903934745,1.3507896609578511,65.0,100.0,7.0,105.0,0.0,15.670513282771205,119.11009398385373,23.0,14.415111965300861,250.0,0.9,0.0,1.0,2.0,2.0,0.5995844689644168,1.0950833570229621,,,,,,1.0,2
220.4,72.47002014822658,13.10021182843463,0.1971956383964658,9.155225986632676,70835.7155261134,80673.93136872335,6.5115592625912075,297.9190215813682,237.94311659585514,1.3507826190780075,65.0,100.0,7.0,105.0,0.0,12.430684550730085,76.48461984892164,23.0,1.4415111965300862,250.0,0.9,0.0,1.0,2.0,2.0,0.6108739499985757,1.095077546301975,,,,,,1.0,2
220.6,72.61992841697125,13.088697998632059,0.19717507009410562,9.141801523561742,70903.10590512029,80752.72855107897,6.508886467760523,298.0985852751853,297.88543917006336,1.3507756295739501,65.0,100.0,7.0,105.0,0.0,7.253853213439748,22.945385954676492,23.0,99.47589678140288,250.0,0.9,0.0,1.0,2.0,2.0,0.6132653245034162,1.095071778800784,,,,,,1.0,2
220.8,72.77001145767221,13.066042234717314,0.19704646113445534,9.128506462128263,70969.67298101698,80830.68690063349,6.50059551682245,297.9824561662461,259.0844450170053,1.3507685843007655,65.0,100.0,7.0,105.0,0.0,3.1620692330210574,82.89115533629165,23.0,9.94758967814029,250.0,0.9,0.0,1.0,2.0,2.0,0.6282067107138967,1.0950659652818813,,,,,,1.0,2
221.0,72.9203577508327,13.07112824957676,0.19705354916296133,9.11528693296756,71036.1202477647,80908.54517112636,6.4915888981371666,297.87359879298947,222.67833419182932,1.3507615884979094,65.0,100.0,7.0,105.0,0.0,2.391592813660328,45.176832868082,23.0,0.994758967814029,250.0,0.9,0.0,1.0,2.0,2.0,0.6273850857401942,1.0950601925852752,,,,,,1.0,2
221.2,73.07244468153146,13.095098661326448,0.19714958917283665,9.102007577771506,71103.11508378135,80987.05417466117,6.486485445823392,297.990807156737,261.9123418076467,1.3507545757276007,65.0,100.0,7.0,105.0,0.0,5.219407723083069,13.5530498604246,23.0,74.08200901237116,250.0,0.9,0.0,1.0,2.0,2.0,0.6162305692309746,1.095054405888779,,,,,,1.0,2
221.4,73.22273248408433,13.121593255978453,0.197233321809147,9.088634896892486,71171.08038719947,81066.50950647185,6.487925811259557,297.8982587056117,230.90457950036838,1.3507475851002546,65.0,100.0,7.0,105.0,0.0,10.079778423646122,50.06632038984966,23.0,7.408200901237116,250.0,0.9,0.0,1.0,2.0,2.0,0.6065034762974308,1.09504863746496,,,,,,1.0,2
221.6,73.37018610638978,13.142757332072852,0.19728658546618855,9.075149918042598,71239.84928925535,81146.7050853974,6.495206764611586,298.1601913201682,318.7464534128525,1.3507406395886081,65.0,100.0,7.0,105.0,0.0,14.353228639925062,15.019896116954897,23.0,127.48120554198712,250.0,0.9,0.0,1.0,2.0,2.0,0.6003154258644109,1.0950429062701097,,,,,,1.0,2
221.8,73.516257343072,13.143810270714088,0.19724046357487798,9.06165841269148,71308.87280668717,81227.13016657224,6.503709395821118,298.05103739050816,282.1056618715972,1.3507337992279393,65.0,100.0,7.0,105.0,0.0,15.707024718698287,102.26546298283989,23.0,12.748120554198714,250.0,0.9,0.0,1.0,2.0,2.0,0.6056767972219568,1.09503726184322,,,,,,1.0,2
222.0,73.66261696156583,13.14224777019186,0.19723484020801654,9.048285748915402,71377.52115227147,81307.19061347305,6.509898224514886,297.935783444358,243.3806221989947,1.3507270374940654,65.0,100.0,7.0,105.0,0.0,13.663719451975986,68.65003714725103,23.0,1.2748120554198714,250.0,0.9,0.0,1.0,2.0,2.0,0.606331811471043,1.0950316822974184,,,,,,1.0,2
222.2,73.81476112647312,13.120859890686681,0.19713014997982414,9.035042014285928,71445.24272637158,81386.52093960687,6.509590796247276,298.0876711835096,294.4597912701802,1.3507202662339601,65.0,100.0,7.0,105.0,0.0,9.148440396468343,20.595011144175306,23.0,88.78104970569095,250.0,0.9,0.0,1.0,2.0,2.0,0.618496837190862,1.095026094891904,,,,,,1.0,2
222.4,73.96368626574659,13.103101204416154,0.1970375060900822,9.021934787025046,71512.08305227166,81464.82406706495,6.503374678354482,297.98734587343154,260.68959811829757,1.3507135705386462,65.0,100.0,7.0,105.0,0.0,4.770481488592771,71.45256491103426,23.0,8.878104970569096,250.0,0.9,0.0,1.0,2.0,2.0,0.629259546512935,1.0950205698407776,,,,,,1.0,2
222.6,74.11214565881363,13.093910816386927,0.1969590877886364,9.008926269518954,71578.57622792585,81542.7569248951,6.494885831309188,297.88619362639463,226.60954318319187,1.3507070226110771,65.0,100.0,7.0,105.0,0.0,2.8855644443742676,38.9888442720755,23.0,0.8878104970569096,250.0,0.9,0.0,1.0,2.0,2.0,0.6383678568566028,1.0950151667233166,,,,,,1.0,2
222.8,74.2619678559632,13.117566784966181,0.19706939867676104,8.99589436858157,71645.35634077883,81621.05218532094,6.488620012552427,297.9860010386419,260.26666514699735,1.3507005704898587,65.0,100.0,7.0,105.0,0.0,4.395444849687109,11.696653281622648,23.0,67.01446558470623,250.0,0.9,0.0,1.0,2.0,2.0,0.6255583288570141,1.0950098426627703,,,,,,1.0,2
223.0,74.41356924132467,13.142077322234316,0.19715927669903258,8.982791439301597,71712.93771262013,81700.2586590765,6.487342418761907,297.90158252591397,231.77304744761284,1.3506942515581435,65.0,100.0,7.0,105.0,0.0,8.404843249854313,42.621113349512115,23.0,6.701446558470623,250.0,0.9,0.0,1.0,2.0,2.0,0.6151191085721381,1.0950046285063357,,,,,,1.0,2
223.2,74.56542005002021,13.166046836933162,0.1972327335360197,8.969575141244611,71781.37842149285,81780.38748056427,6.490925532599951,298.12325411190574,306.6620368135051,1.3506880638948797,65.0,100.0,7.0,105.0,0.0,12.917580819682808,12.786334004853634,23.0,112.58201504692576,250.0,0.9,0.0,1.0,2.0,2.0,0.6065856618028912,1.0949995226687754,,,,,,1.0,2
223.4,74.7152057187006,13.183720369004705,0.19728384320552933,8.956309892484084,71850.4210789277,81861.0740292452,6.497961623477918,298.0193660107311,271.5316700349398,1.3506820325710807,65.0,100.0,7.0,105.0,0.0,15.992658540894892,86.20551473924807,23.0,11.258201504692577,250.0,0.9,0.0,1.0,2.0,2.0,0.600647739953572,1.0949945458377308,,,,,,1.0,2
223.6,74.8611935984024,13.184197991308661,0.19725764471118476,8.94310249147784,71919.54584378439,81941.71399013046,6.505246795051385,297.91496925788664,236.1956835014315,1.3506762088175392,65.0,100.0,7.0,105.0,0.0,16.248726074139213,53.323612135531576,23.0,1.1258201504692578,250.0,0.9,0.0,1.0,2.0,2.0,0.6036936488441863,1.0949897402869349,,,,,,1.0,2
223.8,75.00693944573405,13.181423963698913,0.19725843603002954,8.929982208309116,71988.11868200688,82021.78134112302,6.50969368480272,298.0348983402969,276.82676762918584,1.3506705411653745,65.0,100.0,7.0,105.0,0.0,13.5917100007406,15.997083640659472,23.0,75.67676111789298,250.0,0.9,0.0,1.0,2.0,2.0,0.6036030087636585,1.0949850635460587,,,,,,1.0,2
224.0,75.1512321681746,13.169163918978903,0.1972249910029637,8.917002650869069,72055.80291211451,82100.8784254773,6.508434805941015,297.9505563356385,248.2265228939117,1.3506649872676326,65.0,100.0,7.0,105.0,0.0,9.160336367681264,54.966939889274045,23.0,7.567676111789298,250.0,0.9,0.0,1.0,2.0,2.0,0.6074906955169542,1.0949804806718832,,,,,,1.0,2
224.2,75.29631154823753,13.158017361834295,0.19718296224330897,8.904168018673936,72122.7280332918,82179.22794383785,6.502515304006189,297.86389625931713,218.8134685184883,1.3506596091176954,65.0,100.0,7.0,105.0,0.0,5.243810070232138,26.2781679251934,23.0,0.7567676111789299,250.0,0.9,0.0,1.0,2.0,2.0,0.6123753250236504,1.0949760428190367,,,,,,1.0,2
224.4,75.44134322548922,13.151703392473225,0.19712669572152638,8.891388176306492,72189.33145758617,82257.25035760975,6.495061893516668,297.9432695367128,245.7778591359665,1.3506544313505102,65.0,100.0,7.0,105.0,0.0,3.699710011014787,7.88345037755802,23.0,58.41143779358944,250.0,0.9,0.0,1.0,2.0,2.0,0.6189133983909179,1.094971770315312,,,,,,1.0,2
224.6,75.58809886039761,13.15818471177337,0.19710439603983917,8.87860096772516,72256.22357453089,82335.64945380282,6.489601564796437,297.86709409872867,219.87646215534258,1.3506494427953792,65.0,100.0,7.0,105.0,0.0,5.136490026279752,2.365035113267406,23.0,0.0001,250.0,0.9,0.0,1.0,2.0,2.0,0.6215050065854445,1.0949676539429931,,,,,,1.0,2
224.8,75.73717312915306,13.176209605808182,0.1971334418402982,8.865736371453414,72323.81608609163,82414.87907524749,6.488556549358447,297.98542319830267,260.1469437371424,1.3506446072052776,65.0,100.0,7.0,105.0,0.0,8.7527267409521,0.7095105339802218,23.0,71.64216611169972,250.0,0.9,0.0,1.0,2.0,2.0,0.6181319849344776,1.0949636637923108,,,,,,1.0,2
225.0,75.89052596805197,13.184273205692783,0.19708236220180192,8.85280369903101,72392.20988114907,82495.11636340452,6.491600891013731,297.9088314280128,234.05649534310646,1.3506400046163207,65.0,100.0,7.0,105.0,0.0,12.78013405779127,37.120394374215834,23.0,7.164216611169973,250.0,0.9,0.0,1.0,2.0,2.0,0.6240666213881593,1.0949598659060562,,,,,,1.0,2
225.2,76.04213893322027,13.192784225150001,0.197050717973379,8.839804394364078,72461.12048331648,82575.83314640693,6.498436333527018,298.11733194251786,305.1463125297502,1.3506355986556149,65.0,100.0,7.0,105.0,0.0,15.586747649155814,11.13611831226475,23.0,107.91391475212879,250.0,0.9,0.0,1.0,2.0,2.0,0.6277431493273175,1.094956230270598,,,,,,1.0,2
225.4,76.19606929351285,13.185542483838095,0.19695529780294427,8.826831497109193,72530.0329007042,82656.65582532481,6.5040177543790225,298.02293029148694,272.9300300811339,1.3506313466528241,65.0,100.0,7.0,105.0,0.0,15.651262048231619,80.22441264417407,23.0,10.79139147521288,250.0,0.9,0.0,1.0,2.0,2.0,0.6388254897755553,1.0949527216759058,,,,,,1.0,2
225.6,76.34978822023196,13.177866790150462,0.19689433687489927,8.813969591912512,72598.54282284423,82737.06442970058,6.50710768286914,297.921221929872,238.18782423983532,1.3506273100726542,65.0,100.0,7.0,105.0,0.0,13.492400733038851,50.49203702413803,23.0,1.079139147521288,250.0,0.9,0.0,1.0,2.0,2.0,0.6459045495150747,1.0949493908403196,,,,,,1.0,2
225.8,76.50427040272375,13.179907031974313,0.19694190829502253,8.80120783960453,72666.35480706683,82816.79584063479,6.506355320566063,298.0327764727276,276.3282064496025,1.3506234629429084,65.0,100.0,7.0,105.0,0.0,10.097769546795863,15.147611107241408,23.0,73.15974677649575,250.0,0.9,0.0,1.0,2.0,2.0,0.640382055959593,1.0949462163324963,,,,,,1.0,2
226.0,76.65655467561577,13.169190155135444,0.19689695993787917,8.788548881703829,72733.54869789358,82895.8014496046,6.501407958542426,297.9456537655571,246.51461513306978,1.3506197554896706,65.0,100.0,7.0,105.0,0.0,7.009698342080968,51.442563474745135,23.0,7.315974677649575,250.0,0.9,0.0,1.0,2.0,2.0,0.6456017609178819,1.0949431570808172,,,,,,1.0,2
226.2,76.80878587726134,13.167850563732726,0.19687030519255933,8.775907724667151,72800.47554480688,82974.54170811386,6.495292782491737,298.1728434572379,324.3299868461141,1.3506162560824433,65.0,100.0,7.0,105.0,0.0,5.908375077970178,15.43276904242354,23.0,116.33725822838957,250.0,0.9,0.0,1.0,2.0,2.0,0.6486971093400938,1.094940269501196,,,,,,1.0,2
226.4,76.95594714498353,13.18141717071139,0.19691151536079485,8.763250729838152,72867.65728281399,83053.35535074062,6.490651553731489,298.0784431469024,291.9679531542559,1.3506129142144205,65.0,100.0,7.0,105.0,0.0,7.251227437992451,92.42864918446678,23.0,11.633725822838958,250.0,0.9,0.0,1.0,2.0,2.0,0.6439134163537386,1.0949375119172675,,,,,,1.0,2
226.6,77.10086108528081,13.199401392506685,0.19695919887497135,8.750569313980174,72935.50805225602,83132.79471006236,6.489475577955423,297.9745836603561,256.3309657046956,1.350609752959165,65.0,100.0,7.0,105.0,0.0,10.44776727313757,64.63824907752873,23.0,1.1633725822838958,250.0,0.9,0.0,1.0,2.0,2.0,0.6383775084845487,1.0949349033684326,,,,,,1.0,2
226.8,77.2429209618952,13.20281385296205,0.19688340093737156,8.737853900511997,73004.11883606485,83212.9181032943,6.49154448665333,297.8861185034907,225.94816067978266,1.3506067948050255,65.0,100.0,7.0,105.0,0.0,14.109486314595035,32.45634655541117,23.0,0.11633725822838958,250.0,0.9,0.0,1.0,2.0,2.0,0.6471789502317945,1.0949324624111905,,,,,,1.0,2
227.0,77.38755252020039,13.225325361571436,0.19695839742949967,8.725096280595064,73073.28540336022,83293.72565747362,6.495580469940344,297.9559996987606,249.97004921276596,1.3506039554372733,65.0,100.0,7.0,105.0,0.0,16.941520766102247,9.736903966623352,23.0,55.807321280305686,250.0,0.9,0.0,1.0,2.0,2.0,0.6384719157360608,1.0949301194721746,,,,,,1.0,2
227.2,77.53081547726522,13.241993413956052,0.19704414882134966,8.712346006461484,73142.6965773085,83374.74719920909,6.500024560702716,297.8814179460729,224.30845997839776,1.350601299766102,65.0,100.0,7.0,105.0,0.0,18.158059643365114,30.238848892125823,23.0,5.580732128030569,250.0,0.9,0.0,1.0,2.0,2.0,0.6285140822503988,1.094927928112798,,,,,,1.0,2
227.4,77.67287943016579,13.248409608820868,0.19708845164207628,8.699617187926235,73211.95930597368,83455.57117175471,6.504189454827603,298.05199842479095,283.05534804659453,1.3505988120490569,65.0,100.0,7.0,105.0,0.0,17.596322763519098,9.071654667637747,23.0,93.80008430133898,250.0,0.9,0.0,1.0,2.0,2.0,0.6233688530189606,1.0949258753429507,,,,,,1.0,2
227.6,77.81537466071477,13.251812940075954,0.1971363319409751,8.686968319195326,73280.7678591703,83535.94544571062,6.50473264299816,297.9663770825198,253.54083125475614,1.3505964599968925,65.0,100.0,7.0,105.0,0.0,15.365546183331348,64.03445594826582,23.0,9.380008430133898,250.0,0.9,0.0,1.0,2.0,2.0,0.6178074164183568,1.0949239345187471,,,,,,1.0,2
227.8,77.95748595812758,13.251908803269902,0.1971623831549057,8.67442752853304,73349.11486220565,83615.83862568026,6.503223078944187,297.8741379786384,221.7161611367091,1.3505942324545825,65.0,100.0,7.0,105.0,0.0,12.927819135371376,35.1656802039881,23.0,0.9380008430133899,250.0,0.9,0.0,1.0,2.0,2.0,0.6147814286115286,1.0949220964354627,,,,,,1.0,2
228.0,78.09599728233134,13.249805432266449,0.19715553887951712,8.661946529371182,73417.07767679892,83695.19611546304,6.499984006595451,297.9704844768838,254.98799973000888,1.3505921188871943,65.0,100.0,7.0,105.0,0.0,11.09097913001185,10.549704061196431,23.0,66.60448007294494,250.0,0.9,0.0,1.0,2.0,2.0,0.6155770737465308,1.0949203524000528,3753.136864122851,101.31036014962928,6468.258540132297,8.917002650869069,17.317228645089994,1.0,2
228.2,78.2353314826806,13.243060424594539,0.19707898547877165,8.64950662768695,73484.93342156975,83774.48399609327,6.496404298639075,297.8884384044055,226.62924753949406,1.3505900988124426,65.0,100.0,7.0,105.0,0.0,10.552994381136113,39.76121343392712,23.0,6.6604480072944945,250.0,0.9,0.0,1.0,2.0,2.0,0.6244704255215436,1.0949186855113016,,,,,,1.0,2
228.4,78.37247685471932,13.246972609700707,0.19704716047727167,8.637040545794724,73552.92315255744,83853.83601649044,6.4933081895088645,298.10002536039417,299.8292139448628,1.3505881870378982,65.0,100.0,7.0,105.0,0.0,11.446984881119269,11.928364030178136,23.0,110.77397885767815,250.0,0.9,0.0,1.0,2.0,2.0,0.628167336479178,1.0949171079878386,,,,,,1.0,2
228.6,78.51271913357569,13.250629660149876,0.19699395236563402,8.624545584231488,73621.32854526577,83933.7500588303,6.492117004515403,298.00521560657404,266.9995031787528,1.3505863647589331,65.0,100.0,7.0,105.0,0.0,13.580616685603415,81.35764955505684,23.0,11.077397885767816,250.0,0.9,0.0,1.0,2.0,2.0,0.6343472045789361,1.0949156043127892,,,,,,1.0,2
228.8,78.65019719885395,13.266625455028521,0.19702494833226092,8.612042865777479,73690.28469968475,84014.13319920353,6.493739236110969,297.90340090965776,231.71229022390534,1.3505846113924957,65.0,100.0,7.0,105.0,0.0,16.187493627621006,50.812333331978635,23.0,1.1077397885767817,250.0,0.9,0.0,1.0,2.0,2.0,0.6307479253176295,1.0949141575017964,,,,,,1.0,2
229.0,78.78713387604859,13.294545814497924,0.19718079017674964,8.599512155228817,73759.61198217617,84094.89181268918,6.49714318944589,298.02418134628067,273.6097107309649,1.3505828652116936,65.0,100.0,7.0,105.0,0.0,18.140310919363184,15.24369999959359,23.0,76.9741220202774,250.0,0.9,0.0,1.0,2.0,2.0,0.6126455085713608,1.0949127166201815,,,,,,1.0,2
229.2,78.92351381309989,13.27802007852652,0.1970276521803846,8.586998171422481,73829.05210678966,84175.75782012535,6.50064381246685,297.9434310734742,245.5722069142935,1.3505811730858963,65.0,100.0,7.0,105.0,0.0,18.730441289109454,54.05409497353514,23.0,7.697412202027741,250.0,0.9,0.0,1.0,2.0,2.0,0.6304347007390283,1.0949113203427525,,,,,,1.0,2
229.4,79.05863745263133,13.280246540244521,0.19700694027944082,8.574499385873432,73898.28009118632,84256.35898363403,6.502737661335697,298.1774382271841,326.89810944996054,1.3505795861026002,65.0,100.0,7.0,105.0,0.0,17.921292894427307,16.21622849206054,23.0,119.7880712763698,250.0,0.9,0.0,1.0,2.0,2.0,0.6328404725705198,1.0949100108249474,,,,,,1.0,2
229.6,79.1936298382916,13.269749705922745,0.19692237301245213,8.56205673992761,73967.16119480687,84336.60162432377,6.503501922650163,298.0977836178115,299.1905557799242,1.3505779791651766,65.0,100.0,7.0,105.0,0.0,16.27687689262546,95.43298882331035,23.0,11.978807127636982,250.0,0.9,0.0,1.0,2.0,2.0,0.6426608656694588,1.0949086848418166,,,,,,1.0,2
229.8,79.32985422438817,13.27071118799095,0.19692396780617322,8.54971092648301,74035.68013186418,84416.52194230385,6.502355384890201,297.9966242528177,263.9702655902132,1.3505764241284233,65.0,100.0,7.0,105.0,0.0,14.325638686923066,72.8510284563439,23.0,1.1978807127636981,250.0,0.9,0.0,1.0,2.0,2.0,0.6424760567959695,1.0949074016851819,,,,,,1.0,2
230.0,79.46395003105928,13.277954198941819,0.19697861131801672,8.53744878165942,74103.9289340396,84496.08695228756,6.500050528714146,297.90713175452436,232.78398472253951,1.3505748655142034,65.0,100.0,7.0,105.0,0.0,12.836499567341574,42.21534277170696,23.0,0.11978807127636981,250.0,0.9,0.0,1.0,2.0,2.0,0.6361313837877134,1.094906115576612,3768.9033887160385,101.1881986760688,6519.569372596724,8.788548881703829,17.155905139066345,1.0,2
230.2,79.59825806093303,13.276717338582463,0.19695694207257558,8.525217271616633,74172.04945982154,84575.54379431503,6.498056437303118,297.993510141587,262.91201061920503,1.3505732924570164,65.0,100.0,7.0,105.0,0.0,12.269912979827765,12.664602831512086,23.0,62.34690010638593,250.0,0.9,0.0,1.0,2.0,2.0,0.6386480187944604,1.0949048175503142,,,,,,1.0,2
